I01169625,揭秘柯基的性格,http://wallpaper.cdn.pandora.xiaomi.com/thumbnail/webp/w1080/MiTv/03140a5962bcb4b6a3f114ae7d365aecf93bd0e98,CC01000021,萌宠,很多人可能不知道，柯基的祖先是尖嘴矮犬和狐狸，所以柯基也继承了这两种动物的性格——勇敢和机敏。@图虫创意,['草坪', '柯基']
I01171979,最粘人的猫咪,http://wallpaper.cdn.pandora.xiaomi.com/thumbnail/webp/w1080/MiTv/084a3419489935997346b4cbcb667043e4c409fc2,CC01000021,萌宠,美国短毛猫生性温柔，聪明乖巧，喜欢和主人亲近。虽然它们有时候看起来很高冷，其实非常享受主人的亲亲抱抱举高高。@图虫创意,['温顺']
I01049445,橘猫 如果胖也是一种别致,http://wallpaper.cdn.pandora.xiaomi.com/thumbnail/webp/w1080/MiTv/0fa3054d88cf74b9b3887a6d851196f0bcf2f27dd,CC01000021,萌宠,国外将橘猫统称为“Orange Tabby”，它们不是一个品种，而专指皮毛的颜色。只要毛色类似于橘色的猫都能叫“橘猫”，但它们的花色也分为不同类型，如经典虎斑纹、鲭鱼虎斑纹、多层虎斑纹、斑点虎斑纹。@视觉中国,['草坪', '橘猫']
I01171983,猫咪也会“读心术”,http://wallpaper.cdn.pandora.xiaomi.com/thumbnail/webp/w1080/MiTv/004a32494c9834994046b0cbcf467c49e19756398,CC01000021,萌宠,猫咪会通过人的呼吸频率和心跳频率，察觉主人不同的情绪和反应。所以，主人的所有小情绪，都逃不出猫咪的感知。@图虫创意,['漂亮', '温顺', '布偶猫']
I01184783,不要随意抛弃它们！,http://wallpaper.cdn.pandora.xiaomi.com/thumbnail/webp/w1080/MiTv/0ff2f55ce24ca528797370d21d2dae1597f42e590,CC01000021,萌宠,据丁香医生辟谣：犬冠状病毒和猫冠状病毒暂没有证据表明可以传给人。“此次冠状病毒的主要来源是野生动物，暂无证据证明会传染猫狗，而犬冠状病毒和猫冠状病毒暂无证据表明会传染给人。家里养宠物的人不用太担心，更不要随便弃养宠物。”@视觉中国,['家庭']
I01212461,真是个“饭桶”，这些狗狗太能吃,http://wallpaper.cdn.pandora.xiaomi.com/thumbnail/webp/w1080/MiTv/0311f4e4181f4c20370ced7be0c157e5c55412b68,CC01000021,萌宠,拉布拉多犬是目前最流行的中型犬之一，有网友说吃得多，拉得多，说的就是拉布拉多，所以很多时候看到的拉布拉多犬都是很肥的，建议养拉布拉多犬要注意喂食的分量，还有要多运动，让它远离肥胖症！@视觉中国,['拉布拉多']
I01178586,爱撒娇的猫咪,http://wallpaper.cdn.pandora.xiaomi.com/thumbnail/webp/w1080/MiTv/055b851641511c72d46f483a23bf45a1d624202eb,CC01000021,萌宠,猫咪撒娇卖萌的方式之一就是喵喵叫。如果你养了一只话唠的猫，那一定会很欢乐。无论开心还是紧张，它都会用水灵灵的大眼睛看着你，然后朝着你喵喵喵地叫。@图虫创意,[]
I01184781,不要随意抛弃它们！,http://wallpaper.cdn.pandora.xiaomi.com/thumbnail/webp/w1080/MiTv/0ff2f55ce24ca028717377d21d2da4159ff42e590,CC01000021,萌宠,世界卫生组织回应：目前，没有证据显示猫狗等宠物会感染新型冠状病毒。然而，与宠物接触后，用肥皂和水洗手可以显著减少其他常见细菌在宠物和人类之间的传播，例如大肠杆菌和沙门氏菌。@视觉中国,['金毛']
I01070977,爱睡觉的猫咪,http://wallpaper.cdn.pandora.xiaomi.com/thumbnail/webp/w1080/MiTv/07e3553643a825de5c16f172e1444f8b0f3415129,CC01000021,萌宠,猫咪一般打盹的时间会持续15分钟到半个小时，它们打盹时也会随时做好应激准备，一旦有风吹草动立马行动起来。@视觉中国,['杯子', '睡觉']
I01188199,奇特的喵星人,http://wallpaper.cdn.pandora.xiaomi.com/thumbnail/webp/w1080/MiTv/06bca4f9655a9444d5b4c233c1def70386a42c442,CC01000021,萌宠,当我每次看着猫咪的眼睛时，我总觉得它们是这个世界上唯一会魔法的生物，因为只要它们一出现在你的面前，你就会像中了魔法一样甘愿为其鞍前马后。@锐景,['奔跑', '灵动']
I01071548,我们为什么会成为猫奴？,http://wallpaper.cdn.pandora.xiaomi.com/thumbnail/webp/w1080/MiTv/0af7456e65d05826d60bc4e88b6daed3298404bd1,CC01000021,萌宠,关于猫，诺贝尔文学奖获得主多丽丝·莱辛这样写道：“我相信，每只猫都有魔法，我始终弄不明白的是，到底是我们收养了猫，还是猫恩准了我们进入她的生活。”@视觉中国,[]
I01173876,赛级猫的秘密,http://wallpaper.cdn.pandora.xiaomi.com/thumbnail/webp/w1080/MiTv/05c2152f7651fb922031cda0b0eeefcb4b941781d,CC01000021,萌宠,和犬展的高要求不同，猫展的开放性要更强。在美国爱猫者协会的比赛中，除了纯种猫以外，还有专门为不明血统的猫咪设置的“家猫组”。@图虫创意,['活泼', '布偶猫']
I01215936,猫咪真的记仇吗？,http://wallpaper.cdn.pandora.xiaomi.com/thumbnail/webp/w1080/MiTv/02b2d9502faae402101d519315386c80a4b631c89,CC01000021,萌宠,猫咪是非常可爱的小动物，但有时也会调皮！很多铲屎官担心批评猫咪会让猫咪记仇，从此和自己不再亲近。但其实猫咪的记忆时间比较短暂，不会长时间记仇的！@水象星,[]
I01213104,它是“偷窥狂”？猫咪的迷惑行为！,http://wallpaper.cdn.pandora.xiaomi.com/thumbnail/webp/w1080/MiTv/0992c43ae261880d63642fc5e61f5af86464148e9,CC01000021,萌宠,由于猫咪是从小跟人类在一起长大的，所以猫咪的“猫格”，处在并没有完全成年，会把人类当作自己的“母亲”，所以会伴随着很强的依赖，当看到主人一个人在时候，无论在做什么，都要好奇的看看，然后感兴趣了就会走过去。跟主人一起玩耍。@视觉中国,[]
I01123876,可爱小猪发力卖萌,http://wallpaper.cdn.pandora.xiaomi.com/thumbnail/webp/w1080/MiTv/0217849edcd37a488e4096636cdcc00b0bd433452,CC01000021,萌宠,摄影师Bob Elsdale 拍摄了一系列关于小猪的图片，小猪不再是脏兮兮的，而是非常漂亮可爱，堪比歌剧女主角。@图虫创意,['手袋', '小猪']
I01173223,相亲相爱的猫咪,http://wallpaper.cdn.pandora.xiaomi.com/thumbnail/webp/w1080/MiTv/0343ab56f08a34d012f3b12bbf3c5e180f8a32292,CC01000021,萌宠,家养的猫咪和野外的猫咪不同，对领地和食物的意识没有那么强烈。小奶猫对年龄相仿同类的容忍度也比较好。@图虫创意,['布偶猫']
I01207116,想“撩”它不容易，小奶猫咋养？,http://wallpaper.cdn.pandora.xiaomi.com/thumbnail/webp/w1080/MiTv/0a09b4fee07184d07c8aed04adb5caf33324063e0,CC01000021,萌宠,小奶猫通常都会体温偏低，因此一定要给小家伙保温，特别是0-3周龄的小猫还无法维持自己的体温，让小猫的环境处于29-30℃是最适合的了。@图虫创意,['奶猫']
I01051816,喵~主人你快来,http://wallpaper.cdn.pandora.xiaomi.com/thumbnail/webp/w1080/MiTv/04414144d378647a301753cbad543706e48da03e5,CC01000021,萌宠,“主人主人你真笨，我都藏这么久啦，还没找到我吗？”@视觉中国,['篮子']
I01172238,硬汉狼犬的蠢萌瞬间,http://wallpaper.cdn.pandora.xiaomi.com/thumbnail/webp/w1080/MiTv/0943ab46f08134d072f3b32bbf8c5e1e0f8a02292,CC01000021,萌宠,来自捷克的Honza是一名自由摄影师，他的爱犬Sitka是一只捷克狼犬。Honza和Sitka都很喜欢大自然，喜欢旅行，所以一人一汪经常“在路上”。@视觉中国,['花丛']
I01374295,“狡猾”的小兔叽,http://wallpaper.cdn.pandora.xiaomi.com/thumbnail/webp/w1350/MiTv/0edefc72a8c9742f9baba149fcfa68d2ee9c3afa3,CC01000021,萌宠,兔子为什么有“三瓣嘴”？兔子的“三瓣嘴”是长期适应性进化的产物。因为兔子属于典型的植食性动物，它们拥有发达的门齿，帮助其啃食各种草类、草根以及树皮。这个过程中，三瓣嘴最有利于将它们将门齿及时、无障碍地翻出来使用。@站酷海洛,['兔子', '白兔']
I01170719,猫咪和老虎有多像,http://wallpaper.cdn.pandora.xiaomi.com/thumbnail/webp/w1080/MiTv/0d3e2b55de1b34d321656ed172de76f605d17192a,CC01000021,萌宠,有人曾经把猫咪比喻成“卧在腿上的小老虎”。猫咪和老虎在生活习性上有很多相似的地方，它们都是无肉不欢的“吃货”。@图虫创意,['草坪', '好奇']
I01219288,在古代狗才是捕鼠专家,http://wallpaper.cdn.pandora.xiaomi.com/thumbnail/webp/w1080/MiTv/0dbdc3563a0b64d8b2c4d2d49170e897408a80b0e,CC01000021,萌宠,过去曾经有很长一段“狗拿耗子”的时期，霸道的猫其实是抢了狗的饭碗。远在很早的过去，狗才是真正的捕鼠能手，抓老鼠与猫竟然毫无干系。@有料,['草坪', '古代', '萨摩耶', '宠物狗']
I01158064,猫奴的发展史,http://wallpaper.cdn.pandora.xiaomi.com/thumbnail/webp/w1080/MiTv/08225456a3feb4b4f225fa348f25e7702b83d3c85,CC01000021,萌宠,宋朝诗人陈郁得了一只小猫咪，还专门写了一首《得狸奴》表达自己激动的心情：“穿鱼新聘一衔蝉，人说狸花量直钱。旧日畜来多不捕，于今得此始安眼”。@视觉中国,[]
I01220517,它的冷知识，你了解多少？,http://wallpaper.cdn.pandora.xiaomi.com/thumbnail/webp/w1080/MiTv/0c09fb52e0db3460e35491c9cccc09c4c762db692,CC01000021,萌宠,仓鼠黑溜溜的小眼睛给人的感觉就是有神儿，实际上正好相反，仓鼠视力很差的，它的视线范围也就十五厘米差不多，并且它看不清颜色，因为在它眼里，只有黑白，是不是很不可思议，仓鼠竟然跟瞎子差不多。@视觉中国,['仓鼠']
I01042094,有关养兔子的四大谣言 ,http://wallpaper.cdn.pandora.xiaomi.com/thumbnail/webp/w1080/MiTv/0871052f04be0e67741bff3b76d0a6713504253a3,CC01000021,萌宠,谣言2：兔子不爱吃牧草（提摩西），所以给它吃高纤维的兔粮（提摩西口味）就可以啦！错啦！牧草能提供纤维促进肠道蠕动，并让兔子以横向“磨”的方式咀嚼，所以牧草是不可替代的。,['草坪', '篮子', '兔子', '彩蛋']
I01374292,金毛 狗界“大暖男”,http://wallpaper.cdn.pandora.xiaomi.com/thumbnail/webp/w1350/MiTv/03f6ddc2ef31e460c992f57c32c73628f81b63df9,CC01000021,萌宠,金毛本身不是很爱吠叫的狗，平时在家可以趴着不动很久，很安静，就是偶尔门口有陌生人靠近，它会吠两句警告一下对方，但是问题不大，狗狗有警惕心也是好的。@站酷海洛,['草坪', '金毛', '幼犬']
I01085052,从睡姿观察兔子的性格,http://wallpaper.cdn.pandora.xiaomi.com/thumbnail/webp/w1080/MiTv/07ccce447e53e4eca2b4c39720c8f4ffa732be979,CC01000021,萌宠,生病的兔子，尤其是患有消化道疾病的兔子也会出现“母鸡蹲”的姿势。一般生病的兔子神情会表现得相对紧张，即便是醒着的时候也会表现出一些异常的行为及症状。@视觉中国,['草坪', '兔子']
I01171533,为什么要吸猫？,http://wallpaper.cdn.pandora.xiaomi.com/thumbnail/webp/w1080/MiTv/084a3419429936997e46b8cbc8667e43edc409fc2,CC01000021,萌宠,猫咪增加我们的社交联系。你有没有注意到，当你谈论你家猫咪的时候，会更容易和陌生人开始谈话并建立关系？@视觉中国,[]
I01217899,猫咪是如何驯化人类的,http://wallpaper.cdn.pandora.xiaomi.com/thumbnail/webp/w1080/MiTv/0ebdc406380866d8a2c4dad49900e19b4da420183,CC01000021,萌宠,猫咪，原本只是进化论的一页小小注脚，如今它们占领城市，席卷陆地甚至网络空间，最终统治了人类。现在云养猫亦已成为了一种星火燎原之势。越来越多的人选择在网络上观看猫片和猫图来取代在生活中养猫，猫的流量时代已经被开启了。@有料/跳丸宠物,['治愈', '温顺', '宠物狗']
I01044912,喵星人会吃醋吗？,http://wallpaper.cdn.pandora.xiaomi.com/thumbnail/webp/w1080/MiTv/0675ed48e6ce5464c05150b3f0eb9e4416b1bfc7b,CC01000021,萌宠,铲屎官带回来一只新猫咪，家里的“老大”总是不开心，这是因为猫咪与生俱来“领地意识”，并不是人们臆想出来的“嫉妒心”。对于猫咪来说，一只新来的同类不是朋友，而是一种危险的信号。,[]
I01070979,爱睡觉的猫咪,http://wallpaper.cdn.pandora.xiaomi.com/thumbnail/webp/w1080/MiTv/08e3595643a024de9116f072e1e442860385e4b57,CC01000021,萌宠,猫咪都是特别喜欢在暖和的地方睡觉，而一般暖和的地方光照都会比较足，但是喵星人的眼睛又是非常敏感的，所以它们这时就会用爪子挡住眼睛或干脆就把脑袋埋起来睡。@视觉中国,['睡觉']
I01072316,兔子的语言,http://wallpaper.cdn.pandora.xiaomi.com/thumbnail/webp/w1080/MiTv/069bd48bdc1238c10849a9d29d1c351ce0d406dcd,CC01000021,萌宠,像猫咪一样，兔子满足时也会“呜呜”叫。不过，兔子和猫咪不同之处是，猫咪会用喉去发声，但兔子是用牙齿去发声。@视觉中国,['兔子']
I01044914,喵星人会吃醋吗？,http://wallpaper.cdn.pandora.xiaomi.com/thumbnail/webp/w1080/MiTv/0b75e468eecb5d641c5150b3fafb944c1564070ed,CC01000021,萌宠,隔离喂养、公平对待是铲屎官们要恪守的法则，毕竟你的一点偏向都会让你家猫主子看在眼里。不要轻易伤害一只“老猫”的自尊，尽管它们并不是在吃醋。,[]
I01373311,古人笔下的“喵星人”,http://wallpaper.cdn.pandora.xiaomi.com/thumbnail/webp/w1350/MiTv/0a1ca254d339f4ee1a774c01c739a05d8655758bc,CC01000021,萌宠,唐德宗时，有个爱猫之人张抟，《记事珠》中称他养有七只佳猫，起了七个名字：东守、白凤、紫英、袪愤、锦带、云团、万贯，“皆价值数金，次者不可胜数。”@图虫创意,['温柔', '布偶猫']
I01072480,如何为猫咪拍照？,http://wallpaper.cdn.pandora.xiaomi.com/thumbnail/webp/w1080/MiTv/0e627747ca1b342023cfd7b817a1205a023a8a1f5,CC01000021,萌宠,猫最喜欢钻进箱子、隧道等地方，这是猫寻求安全感的天性。在拍照时可以利用它们的这一特点，自制一些类似的道具，让猫钻进去，这样可以拍到不错的照片。@视觉中国,[]
I01256024,小狗咳嗽是因为什么,http://wallpaper.cdn.pandora.xiaomi.com/thumbnail/webp/w1350/MiTv/0856d435ca33d4f71b8af23e2e428b78312535a77,CC01000021,萌宠,狗狗如果吸入了粉尘、或是甲醛等刺激性物质，就会出现咳嗽的情况，这个时候建议将狗狗转移到环境更好的地方，让它休息一会就好了。@圈子,['奔跑', '灿烂', '影子', '幼犬']
I01071601,窗台上的猫咪,http://wallpaper.cdn.pandora.xiaomi.com/thumbnail/webp/w1080/MiTv/057a92590f2504c063b47d06639643a891ec74b78,CC01000021,萌宠,如果你发现你家的猫咪只是默默地坐在窗边，两眼平视前方，徒留一个略显落寞的背影，仿佛高僧入定般一动不动地……神圣地不容他人打扰，喵大人此时此刻可能只是很单纯地在发呆，发呆，发呆。@视觉中国,[]
I01180894,狗狗的“语言”,http://wallpaper.cdn.pandora.xiaomi.com/thumbnail/webp/w1080/MiTv/0b5034f9c8d1cf3d3b10b869058c67f2db040598a,CC01000021,萌宠,持续的凝视代表着狗狗正在“摄取”你的情绪变化，也就是不断的在观察你的情绪，这可以解释为什么主人微笑、生气或者摸摸它的头的时候，它仍然会默默的看着主人。@视觉中国,[]
I01043547,猫咪爱你的N种方式,http://wallpaper.cdn.pandora.xiaomi.com/thumbnail/webp/w1080/MiTv/09698595a6fc347ee1d68cd39180bfb02c2434583,CC01000021,萌宠,【用前额轻轻碰触你】在喵星人的一生中，它只会将这个动作展示给最亲爱的人。这种表达爱意的碰触，会在你和它之间释放一种成为内啡肽的良性荷尔蒙。,[]
I01372144,橘猫的魅力,http://wallpaper.cdn.pandora.xiaomi.com/thumbnail/webp/w1350/MiTv/038ee1b95c44749a18a442b741d62198ceeb91464,CC01000021,萌宠,橘猫是一种非常可爱、非常聪明、非常独立、非常勇敢的宠物，它们可以为人类带来很多欢乐。@站酷海洛,['毛衣']
I01297016,猫咪偏爱主人的表现,http://wallpaper.cdn.pandora.xiaomi.com/thumbnail/webp/w1350/MiTv/0b72483f857a54f428193db8cc1e3d4792d074c2e,CC01000021,萌宠,不知道你家猫咪会不会经常盯着你看，用目光关注你？其实这都是把你当成真正的主人的表现。猫咪把你当成主人，就想经常跟你在一起，想看你在做什么，看着你的样子，都会让它觉得安心和幸福。@站酷海洛,['毯子']
I01211454,一只猫能改变什么？,http://wallpaper.cdn.pandora.xiaomi.com/thumbnail/webp/w1080/MiTv/04df454e3d7a442dc36291a9a29450118e4e54a36,CC01000021,萌宠,一只猫能改变什么，它可能只是改变了你的爱好，你的日常生活习惯，也可能改变了你的人生轨迹，将暖阳和明月带到你原本暗无天日的一生里，投射着温暖你的光芒。@视觉中国,['活泼']
I01072481,如何为猫咪拍照？,http://wallpaper.cdn.pandora.xiaomi.com/thumbnail/webp/w1080/MiTv/0d9bdd4bdd1a34c1d049abd29ddc3c1be82031c66,CC01000021,萌宠,拉近拍摄猫咪时，就要面临准确对焦的问题了。在拍摄之前，你要先把相机的性能掌握好，每台相机的型号不同，每个镜头的最近调焦距离也不一样。@视觉中国,[]
I01085051,从睡姿观察兔子的性格,http://wallpaper.cdn.pandora.xiaomi.com/thumbnail/webp/w1080/MiTv/0fccce447e52e4ec62b4c6972088f4fba7327e979,CC01000021,萌宠,兔子睡觉的姿势不仅能反映出它们的行为特点，也能反映兔子的性格和心情。有的兔子就和鸡一样蹲着睡，这样的姿势也是最容易应急的睡姿，这表明兔子对现在环境的不放心，也表明了它们谨慎的性格。@视觉中国,['草坪', '兔子']
I01213100,太可爱了，你想养一只吗？ ,http://wallpaper.cdn.pandora.xiaomi.com/thumbnail/webp/w1080/MiTv/083e5479ceb1ae543db1c755426469043fc41f8c1,CC01000021,萌宠,仓鼠非常的喜欢运动，一般现在市面上卖的笼子都有跑轮， 适量的运动会减轻它们的压力，避免以压力过大的打架。或者咬笼子的行为。 同时避免因为肥胖而引发的疾病。@视觉中国,['仓鼠']
I01294694,养公猫不为人知的好处,http://wallpaper.cdn.pandora.xiaomi.com/thumbnail/webp/w1350/MiTv/0b7ab601f92444a498f6c68ce2547be53a1883a6a,CC01000021,萌宠,公猫的骨骼比母猫更粗壮，其体内的雄性激素也会让毛发变得更加柔顺，而且它们比母猫更容易发腮，以上这些优势让公猫看起来比母猫更好看。@站酷海洛,['毯子', '软萌']
I01374317,怎样获得一只乖巧的小猫咪,http://wallpaper.cdn.pandora.xiaomi.com/thumbnail/webp/w1350/MiTv/0ca549952f7ca406e969774e94e784329e4a6e0bd,CC01000021,萌宠,当猫咪不听话的时候，主人一定要及时地进行制止，而不能过了很长时间之后再来教训猫咪。因为猫咪的记忆不好，它们会很快忘记自己的行为。如果主人很长时间再惩罚，就会让猫咪感到很莫名奇妙，认为主人不喜欢它，想抛弃它，造成猫咪心理上的阴影。@水象星,['治愈']
I01216857,猫咪在浴室门口看你吗,http://wallpaper.cdn.pandora.xiaomi.com/thumbnail/webp/w1080/MiTv/0493d54c7685ad500c94b3397b4bc6422c2416c03,CC01000021,萌宠,上厕所。有些宠主真的很会训练猫咪，他们会在猫咪很小的时候就开始训练猫咪，让它们学会自己上厕所！所以猫咪会在厕所、浴室门口出现，那就不足为奇了。@视觉中国,['蓝猫']
I01296182,猫咪挑食怎么治,http://wallpaper.cdn.pandora.xiaomi.com/thumbnail/webp/w1350/MiTv/0e24f4f00315d4e56809e0047b2475aebdfe40811,CC01000021,萌宠,有些铲屎官会因为猫咪挑食就只准备它们爱吃的食物，长期下去必然会导致猫咪胃口挑剔。如果猫咪不爱吃猫粮，可以掺一些它喜欢的食物进去，之后逐渐减少分量，不要让猫咪养成依赖的习惯。@米拍/YYMAIO喵,['治愈']
I01215218,让猫咪心情愉快的窍门,http://wallpaper.cdn.pandora.xiaomi.com/thumbnail/webp/w1080/MiTv/083e5579c5b1ad5430b1ca554764620430c41f8c1,CC01000021,萌宠,保持家里有多层次的空间。猫咪喜欢复杂的环境，所以主人们可以在家里多布置一些高低错落的家具，给猫咪提供多层次的活动空间。@图虫创意,['布偶猫']
I01072313,兔子的语言,http://wallpaper.cdn.pandora.xiaomi.com/thumbnail/webp/w1080/MiTv/0c627747ca1d342043cfd7b81741205a023a6a1f5,CC01000021,萌宠,喷气声代表兔子觉得某些东西或某些行动令它感到受了威胁，如果是主人的行动令兔子感到受威胁，如果不及时停止，就有被咬的危险。@视觉中国,['兔子']
I01294652,猫咪轻视主人的行为,http://wallpaper.cdn.pandora.xiaomi.com/thumbnail/webp/w1350/MiTv/003fe9739afc547c090c83e943d5318db1ab70d99,CC01000021,萌宠,有些猫咪坚持身体绝对不能被主人碰，每次主人想要碰时，猫咪就会生气哈人，甚至摆出攻击姿态。这就说明猫咪看不起自己的铲屎官，而且相处并不是很愉快。@站酷海洛,['奔跑']
I01074905,短腿小柯基,http://wallpaper.cdn.pandora.xiaomi.com/thumbnail/webp/w1080/MiTv/0d627757ca113420e3cfd1b81791205d023a0a1f5,CC01000021,萌宠,别看柯基犬身材矮小，它的胃口可以说是相当的大，而且它的体质特别容易长胖，给什么吃什么，绝对不客气也不含糊，但是正因为它容易肥，所以会给它带来很多疾病。@图虫创意,['柯基']
I01051817,喵~主人你快来,http://wallpaper.cdn.pandora.xiaomi.com/thumbnail/webp/w1080/MiTv/0283c4597c669f304db281083ef44cd4b35411732,CC01000021,萌宠,“主人主人别熬夜啦，陪我一起睡觉呗，早睡早起才是好习惯哦！”@视觉中国,['毯子']
I01260969,原来猫咪在古代是时钟,http://wallpaper.cdn.pandora.xiaomi.com/thumbnail/webp/w1350/MiTv/0713000d99ba441ddb8cd37e8e5d00f192b46ceeb,CC01000021,萌宠,古人通过观察猫咪的眼睛，发现猫咪的瞳孔会随着时间变化，从而可以估算出大致的时间。苏东坡的《猫儿眼知时歌》描写的就是猫钟，“子午线卯酉圆，寅申已亥银杏样，辰戌丑未侧如钱”，虽然时间的范围不如时钟来的精细，但还是不得不佩服古人的机智。@锐景,['清新自然', '惬意', '纯色']
I01228040,猫咪的“奇怪”行为,http://wallpaper.cdn.pandora.xiaomi.com/thumbnail/webp/w1080/MiTv/0aa6095d411584cce1afa812bd96ec95007d0023c,CC01000021,萌宠,每当铲屎官坐在沙发上看电视的时候或者工作的时候，喵星人都会走过来拿脑袋蹭蹭主人的脸颊、手或腿，这是猫咪在做气味标记，表明猫咪非常信任你。@锐景,['活泼', '陪伴']
I01374296,“狡猾”的小兔叽,http://wallpaper.cdn.pandora.xiaomi.com/thumbnail/webp/w1350/MiTv/0b0532a0a130746a78059b4eb41c1641d1f5e410b,CC01000021,萌宠,为什么有“狡兔三窟”的说法？野兔喜欢打洞，但它们并不喜欢长时间地待在洞中，不过它们有借洞逃生的本领。当被敌害追击时，野兔通常都能迅速准确地逃入附近的地洞中。@站酷海洛,['竹篮', '兔子']
I01039481,养兔子是怎样的体验,http://wallpaper.cdn.pandora.xiaomi.com/thumbnail/webp/w1080/MiTv/08906b5b284ba45c703324787f449f10b43ed0dec,CC01000021,萌宠,曾有这样的一个传言称，不能给兔子喝水，事实证明这是个谣言！兔子确实很容易因腹泻导致死亡，这让一些人把喝水和腹泻联系到一起。事实上，兔子不但可以喝水，每天还必须供应充足的水分，如6月龄的兔子每天要喝500~1000毫升的饮水。@视觉中国,['兔子']
I01195668,解读喵星人,http://wallpaper.cdn.pandora.xiaomi.com/thumbnail/webp/w1080/MiTv/0a9d5e45a65f2424311a2f2f6cd3f6e465e2383a4,CC01000021,萌宠,猫咪是一种多么反复无常的生物呢？即便你对它鞠躬尽瘁，最终也只能被它嫌弃不搭理，但突然哪天它就会坐到你身上，宣布要宠幸你！@锐景,['活泼', '毛毯']
I01072315,兔子的语言,http://wallpaper.cdn.pandora.xiaomi.com/thumbnail/webp/w1080/MiTv/05627427cd133520abcfd1b814a12a5101a43f707,CC01000021,萌宠,当兔子发出“咯咯”的咬牙声是代表痛楚，这时兔子通常会伴有动作，一般会弯起身而坐，耳朵向后贴紧身体。@视觉中国,['兔子']
I01072479,如何为猫咪拍照？,http://wallpaper.cdn.pandora.xiaomi.com/thumbnail/webp/w1080/MiTv/01627747ca1b342013cfdeb817f1205c023a6a1f5,CC01000021,萌宠,要捕捉猫咪的神态就必须顺应它们的情绪。别为了吸引猫的注意而做出很大的动作，那只会让猫感到不安。给猫拍照重要的是拉近心灵的距离，将自己的姿势放低，让猫的视线也随你而下，这样便有机会拍到它们独特的神情。@视觉中国,['树叶']
I01233147,想养兔兔吗？那你得知道这些才行！,http://wallpaper.cdn.pandora.xiaomi.com/thumbnail/webp/w1080/MiTv/0735f5fd066c4e34615485214e5bec197fe42f3c6,CC01000021,萌宠,喂食兔子吃食物，不要太过复杂，主要给它吃草料和新鲜干净的饮用水，平时可以给它吃少量的蔬菜，注意蔬菜要晒干一些，不然兔子吃多了蔬菜或者喂的食物太杂，可能会坏肚子。@视觉中国,['兔子']
I01160996,“网红”猫的养成记,http://wallpaper.cdn.pandora.xiaomi.com/thumbnail/webp/w1080/MiTv/0036bd55091614da40257963dc8eb98142776008c,CC01000021,萌宠,你可以试着挑个合适的时间，带小猫做个小挑战。比如徒步或爬山，它就很容易给你展现不一样的一面。@图虫创意,['暖色调', '羽毛', '眯眼']
I01172239,硬汉狼犬的蠢萌瞬间,http://wallpaper.cdn.pandora.xiaomi.com/thumbnail/webp/w1080/MiTv/0343ab46f08e34d082f3b92bbfac5e160f8ac2292,CC01000021,萌宠,对Honza来说生活中最富有激情的事，就是带Sitka去野外玩耍，去有美景的地方探险，并在这个过程中拍到一些美照。@视觉中国
,['背影', '酷帅']
I01215216,让猫咪心情愉快的窍门,http://wallpaper.cdn.pandora.xiaomi.com/thumbnail/webp/w1080/MiTv/073e5159ccb5a454d1b1c35548f46c0d3713464f8,CC01000021,萌宠,增加与猫咪们玩耍的频率。主人们大多需要在白天外出工作，猫咪们自己在家也会很无聊。主人们在回到家后，可以用逗猫棒等玩具和猫咪玩耍，这也会让猫猫们的心情好起来。@图虫创意,['室内']
I01209693,犯错之后的猫咪,http://wallpaper.cdn.pandora.xiaomi.com/thumbnail/webp/w1080/MiTv/070605d7f6ee46b2cfffe01d0b02d4ec49842fcd2,CC01000021,萌宠,猫咪在犯了错之后，会一脸认真的望着你，告诉铲屎官我就是拆家了，你不能说我！猫咪就像是女朋友，你想和它讲道理那是不可能的！@锐景,['陪伴', '享受']
I01071604,窗台上的猫咪,http://wallpaper.cdn.pandora.xiaomi.com/thumbnail/webp/w1080/MiTv/0af7456e61d05626d30bcfe8826da5d32b8404bd1,CC01000021,萌宠,如果主人长时间不搭理、不照顾，让宠物独自留在房内等，时间一长就会给宠物造成心理上的压力，造成猫咪心情不好，很孤独，就会长时间看向窗外。@视觉中国,['窗台']
I01253692,猫咪不能吃的这些水果,http://wallpaper.cdn.pandora.xiaomi.com/thumbnail/webp/w1350/MiTv/093f85450815b4f6f00cc4c8124fdb9f88b1f28ff,CC01000021,萌宠,虽然牛油果对人类本身是无害的，可是里面的毒素会导致猫咪出现消化道的问题，可能会引起猫咪呕吐、高烧等，所以一定不能让猫咪吃牛油果。@圈子,['明亮', '牛油果', '好奇', '小米精选', '狸花猫']
I01123878,可爱小猪发力卖萌,http://wallpaper.cdn.pandora.xiaomi.com/thumbnail/webp/w1080/MiTv/0117824edddc7448b3409b6364fcc5080938edb32,CC01000021,萌宠,看，粉红色的肉肉，肥嘟嘟的身躯，可爱的眼神与想象中百斤大猪的肮脏模样毫无联系。@图虫创意,['超跑', '小猪']
I01071603,窗台上的猫咪,http://wallpaper.cdn.pandora.xiaomi.com/thumbnail/webp/w1080/MiTv/037a92590f2504c023b4740663f643aa91ece4b78,CC01000021,萌宠,大多数的时候猫咪们看向窗外只是在观察天空中飞过的小鸟、蝴蝶及其他小型的野生动物、树叶或者其他植物。@视觉中国,['窗台']
I01156593,狗狗和主人越来越像？,http://wallpaper.cdn.pandora.xiaomi.com/thumbnail/webp/w1080/MiTv/0d225446a3f0b4b46225f4348f65e77a2b8383c85,CC01000021,萌宠,许多人都说恋人在一起久了会有夫妻相，两人会越来越像对方。而人和狗狗也有着这样一种微妙的联系，狗狗养久了，也会越来越像主人。@视觉中国,['比熊犬']
I01297023,挑选纯种柯基的小妙招,http://wallpaper.cdn.pandora.xiaomi.com/thumbnail/webp/w1350/MiTv/0d2124f72fe8945f08a770548e064994a5b6326d2,CC01000021,萌宠,纯种柯基的耳朵大多为等边三角形，整体轮廓偏圆，但顶端比较尖。另外，大家不妨轻拉自家狗狗的耳朵，若耳朵能完全把眼睛盖住，也说明你家柯基的血统很纯正。@站酷海洛,['柯基']
I01253691,猫咪不能吃的这些水果,http://wallpaper.cdn.pandora.xiaomi.com/thumbnail/webp/w1350/MiTv/0d4a6f5c52bd54842313618beec13c2eb94446c2d,CC01000021,萌宠,猫咪不能吃葡萄干、葡萄、黑加仑等，因为对于猫咪来说，这些食物里面含有不明毒素，猫咪食用后可能会导致肾衰竭，后果会很严重，铲屎官们平常要多多注意哟。@圈子,['睡觉', '安宁', '小米精选', '软萌']
I01072478,如何为猫咪拍照？,http://wallpaper.cdn.pandora.xiaomi.com/thumbnail/webp/w1080/MiTv/0a9bdd4bdd1a34c1c049a9d29ddc3c15e82071c66,CC01000021,萌宠,刚刚开始学习拍照的人都迫不及待地想要及时拍到猫咪的神态，前提是要把相机放到伸手可及的地方，以便随时等待机会。拍照时，为了能准确捕捉到猫咪那一刹那的神情，平时就应该多多地练习。@视觉中国,[]
I01194772,狗狗界的“微笑天使”,http://wallpaper.cdn.pandora.xiaomi.com/thumbnail/webp/w1080/MiTv/049d5455af5e2b242b1a272f6e83fbe36b641ac6e,CC01000021,萌宠,把微笑天使萨摩耶放在第一位，想必大家都没意见吧，毕竟人家的称号就是“微笑天使”。高颜值，迷人微笑，随便电起人来不偿命，你喜欢吗？萨摩耶的招牌笑容，我想每一个看过的人都不会忘！@拍信创意,['微笑']
I01367708,如何平衡宠物之间的关系,http://wallpaper.cdn.pandora.xiaomi.com/thumbnail/webp/w1350/MiTv/0f24d290854b943c8959d537be7ccd5e534bac0d5,CC01000021,萌宠,狗狗和猫咪是可以一起养的，它们可以和谐相处，不会有太大问题。不过，毕竟猫和狗不是同类动物，饲养的方式也是不一样，需要宠主们多操心点，才可以体会猫狗双全且其乐融融的快乐。@站酷海洛,['睡觉', '金毛', '小米精选']
I01219275,猫咪最怕的竟然是这些,http://wallpaper.cdn.pandora.xiaomi.com/thumbnail/webp/w1080/MiTv/04422645e0854449c0cf0dd4487a1c1d3fec315c4,CC01000021,萌宠,可能是因为遗传的原因，基本上所有的猫都是很害怕水的，要让它碰水简直比登天还难，所以每次宠主给猫咪洗澡，都要像打仗一样。其实猫咪每天都会清理自己的毛发，宠主不用太经常给猫咪洗澡，太频繁给猫咪洗澡，只会让它更害怕水。@有料/英宠摄影,['调皮']
I01146836,猫咪如何向你示好,http://wallpaper.cdn.pandora.xiaomi.com/thumbnail/webp/w1080/MiTv/00d30e4d74c724e83169773ae6ac5f7103cd0c20e,CC01000021,萌宠,当猫咪卧在你的膝盖上，肯定是对你有好感，它不会跳到不喜欢的人身上，这时候就抱住喵主子吧。@视觉中国,[]
I01305185,兔子容易患哪些病,http://wallpaper.cdn.pandora.xiaomi.com/thumbnail/webp/w1350/MiTv/0b4e266beb90c4bffb399fdbe591dd7a2b93cf58f,CC01000021,萌宠,一般家养的兔子汗腺不太发达，散热能力比较差，如果环境温度达到32℃以上，但小兔子们居住的小房子通风条件不好或直接在太阳底下暴晒，它们就很容易中暑。@站酷海洛,['睡觉', '兔子', '陪伴']
I01233148,想养兔兔吗？那你得知道这些才行！,http://wallpaper.cdn.pandora.xiaomi.com/thumbnail/webp/w1080/MiTv/05d98c5b25e1f40071669ec4f0c6f32e42824e12e,CC01000021,萌宠,虽说兔子身上有一层毛发，但天气转冷的时候，兔子只靠身上的毛发来抵挡寒风是不行的，天冷时兔主人要适当关闭门窗，给兔子兔笼里放一些衣服和被子供兔子取暖，也可以给兔子喝点温水，让兔子身体温暖起来。通常兔主人耐心照顾兔子，兔子会被兔主人养得好好的。@视觉中国,['兔子']
I01118340,怎么能不“吸”兔兔？,http://wallpaper.cdn.pandora.xiaomi.com/thumbnail/webp/w1080/MiTv/04aaf9485e7bd443114a9c463b433898a826311cf,CC01000021,萌宠,毛茸茸的宠物除了猫和狗，最常见的还有小兔子。它们的长毛摸起来柔滑无比，水灵灵的大眼睛，闪烁着对世界的好奇。@有料,['兔子']
I01370669,狗狗求救的几个“信号”,http://wallpaper.cdn.pandora.xiaomi.com/thumbnail/webp/w1350/MiTv/0ae22bc9c95bc46a5bfc1c7ac0d97ddda61f72ee1,CC01000021,萌宠,正常状态下，狗狗呼吸的频率是平缓的，若是狗狗没有剧烈运动却忽然开始急促呼吸，很可能是因为身体出问题了，也许是心脏方面的疾病，狗狗是通过这种行为来对铲屎官喊救命，别还不知道！@站酷海洛,['被子', '幼犬']
I01209765,呆萌小刺猬趣味生活,http://wallpaper.cdn.pandora.xiaomi.com/thumbnail/webp/w1080/MiTv/04e5c4c7b7a3da038106b5b301b5706f51a43f4c1,CC01000021,萌宠,你见过刺猬泡咖啡、煮土豆、榨柠檬汁吗？来自俄罗斯圣彼得堡的女摄影师Elena Eremina，拍摄了自家宠物两只刺猬Fuzz和Yuki乱入厨房的趣味镜头。@图虫创意,['摄影', '刺猬']
I01072314,兔子的语言,http://wallpaper.cdn.pandora.xiaomi.com/thumbnail/webp/w1080/MiTv/05627747ca1d342043cfd1b81781205d023a2a1f5,CC01000021,萌宠,兔子的尖叫和人类一样通常代表害怕或痛楚。如果突然听到兔子尖叫，主人立刻警觉起来，因为可能兔子是受了伤。@视觉中国,['装饰', '装饰品', '兔子']
I01050034,如何让猫主子接受小baby,http://wallpaper.cdn.pandora.xiaomi.com/thumbnail/webp/w1080/MiTv/02183f42475984a452bd3704c53a5e7ed548e6211,CC01000021,萌宠,在和猫主子玩耍、喂零食时可用低音频率播放baby的哭笑声，然后循序渐进放大音量，让猫主子逐渐适应。或从亲朋好友那里借来baby的衣物或毛毯，让猫主子在上面睡觉或玩闹。不过，最重要的还是不要让baby的到来使得猫主子觉得它们的待遇一落千丈。@视觉中国,['睡觉', '毛毯']
I01164905,猫咪奇怪行为大赏,http://wallpaper.cdn.pandora.xiaomi.com/thumbnail/webp/w1080/MiTv/0997c46e0bbdd98950ef4f62ca240a1019a40a47a,CC01000021,萌宠,你的猫咪是不是经常趴在你的电脑前或书本上呢？如果你留心的话就会发现，当你不在的时候，它们很少会去这些地方。其实，猫咪的这种行为只是想吸引主人的注意。@图虫创意,['仰视', '布偶猫']
I01174587,我想领养一只布偶猫,http://wallpaper.cdn.pandora.xiaomi.com/thumbnail/webp/w1080/MiTv/05c2152f7d51f8922431cea0b5eeedcb4b941781d,CC01000021,萌宠,布偶猫，又称“布拉多尔”，发源于美国，是一种杂交品种的猫，主要有四种颜色：双色、梵色，手套和重点色。@有料,['布偶猫']
I01233003,流浪猫会羡慕家猫吗,http://wallpaper.cdn.pandora.xiaomi.com/thumbnail/webp/w1080/MiTv/09107e441d50243ec07c924cfdb21fdde2de0faf6,CC01000021,萌宠,流浪猫的情绪，是怎样的呢？是害怕周围的环境；是渴望食物；是依赖那个经常喂食它的人。你说流浪猫会不会羡慕家猫？其实它们并不羡慕，而是需要家猫那样的生活。@视觉中国,['橘猫']
I01292172,兔子为什么总挠你,http://wallpaper.cdn.pandora.xiaomi.com/thumbnail/webp/w1350/MiTv/07230a4efd8d64a73915e5afc71da1953dffe5371,CC01000021,萌宠,兔子在吃东西的时候食物被突然拿走，或者主人拽着它在正在啃的草，这种突然间的行为，会引起它强烈反抗，一不留神主人就会挨挠。因为兔子的智商和服从性都不如猫咪和狗狗，东西被抢它们会下意识地护食。@站酷海洛,['草坪', '兔子']
I01241081,1分钟了解博美,http://wallpaper.cdn.pandora.xiaomi.com/thumbnail/webp/w1080/MiTv/0e288504e47ef50e850bdd5de9b76ecc91b408dba,CC01000021,萌宠,博美犬的性格比较粘人，活泼，好动，聪明，也爱叫，个子虽然小，但是脾气也很大，对任何事物都充满好奇心，破坏力极强，对主人忠诚，对小朋友比较友好亲切是十分好相处的狗狗。@米拍/宠物摄影师-喵喵萌,['摄影', '博美']
I01205709,你家狗狗凭什么喜欢你？,http://wallpaper.cdn.pandora.xiaomi.com/thumbnail/webp/w1080/MiTv/08e4a75cf02fd47fb3e290d981539b51547bc8917,CC01000021,萌宠,抚摸狗狗是有诀窍的，不能突然地从狗狗背上摸下去，这会让它们吓一跳的，也不要从头顶上方顺着摸到背，这会使狗狗紧张，最好位置是头颈部跟背部，会让狗狗感到舒服而开心。@视觉中国,['情感', '喜欢你']
I01291407,人类对宠物的误解,http://wallpaper.cdn.pandora.xiaomi.com/thumbnail/webp/w1350/MiTv/026483679e4de4e9dab67e01423cfccbb0d27b3bb,CC01000021,萌宠,一直以来，人们认为狗狗的世界缺乏色彩，是黑白的。但科学家如今已经发现了，狗狗并非看不见颜色，只是它们看到的颜色没有我们的多。因为狗狗的视锥细胞比较少，一般只能看到黄色、蓝色、紫色这三种颜色，所以狗狗眼睛看到的世界一般为灰色或冷色调。@站酷海洛,['草坪', '微笑']
I01235584,猫咪是冬日限定暖宝宝,http://wallpaper.cdn.pandora.xiaomi.com/thumbnail/webp/w1080/MiTv/0fe9864b442424aaf38c92c1fee343c68a19315cc,CC01000021,萌宠,如果你想说冬天养猫有什么好处，首先，你可以抱着猫暖手！这只毛茸茸的猫体温很高，拿着他就像拿着一个恒温热水袋，温热的舒适。如果你有两只猫，你可以温暖你的手和脚。@视觉中国,[]
I01212460,真是个“饭桶”，这些狗狗太能吃,http://wallpaper.cdn.pandora.xiaomi.com/thumbnail/webp/w1080/MiTv/0311f4e4181f4c203e0cec7beac155e5cd5412b68,CC01000021,萌宠,金毛是我们大家都熟知的一种中型犬，而且也是非常贪吃的狗狗，不过是什么，只要是能吃的都往嘴里送，而且是吃起来完全不知道饱感，生怕是被撑死的，还有饲养金毛的饲主都知道金毛容易掉毛，所以平时要注意饮食清淡，最好是吃清淡低盐的天然狗粮。@视觉中国,['金毛']
I01233966,那些猫咪爱做的事,http://wallpaper.cdn.pandora.xiaomi.com/thumbnail/webp/w1080/MiTv/04e67474169a0469408f3fef5efa55f7029426f8f,CC01000021,萌宠,猫咪拥有很强的平衡感，能轻盈地跳上高处，更能在高墙上漫步。在空中改变身体姿势像是它们的特异功能，而能调整平衡的尾巴和带软垫的四肢都是它们爬高的优势所在。@锐景,['圣诞球', '喜悦', '柔软']
I01201832,狗狗居然也有星座,http://wallpaper.cdn.pandora.xiaomi.com/thumbnail/webp/w1080/MiTv/0078cf5c790e04f51238ca2283dca6405235c0fd5,CC01000021,萌宠,敏锐又柔顺的双鱼狗狗，最引人注目的就是那双无辜的眼睛了！它们脸皮薄、心灵脆弱，一旦被责骂，内心会产生莫大的恐惧感和压力，非常委屈。@有料/英宠摄影,['草坪', '俏皮', '治愈', '星座', '双鱼座']
I01118286,你是资深爱猫人士吗,http://wallpaper.cdn.pandora.xiaomi.com/thumbnail/webp/w1080/MiTv/03dfe94775ac44e270862f2a30e7a1f48a981855a,CC01000021,萌宠,从将猫咪领回家的那一刻开始，猫咪的生命就和你的生命有了重大的交集。真正爱猫的人，会尽其所能为猫咪提供一个好的生活环境。@图虫创意,['睡觉', '小米精选']
I01054999,你需要了解的睡眠真相,http://wallpaper.cdn.pandora.xiaomi.com/thumbnail/webp/w1080/MiTv/0bb860545d4354cf6241639c8792b165548c2dc58,CC01000021,萌宠,萨里大学的科研人员分析了26人的两组血液样本。分析结果显示，连续一周睡眠不足之后，血液中有700多个基因起了变化，如果人体无法及时产生足够的新细胞来补充或替代老旧细胞，长此以往，便会导致疾病的产生。@站酷海洛,['睡觉', '小米精选']
I01294682,带兔子散步需注意什么,http://wallpaper.cdn.pandora.xiaomi.com/thumbnail/webp/w1350/MiTv/0be840059582a48ee892606515d06d94da14de178,CC01000021,萌宠,兔子奔跑起来速度非常快，还不会认路，一旦因大型的猫、狗而受惊，它们便很可能会跑丢，届时铲屎官想要将其找回来就非常困难。因此建议铲屎官带兔子出门散步时尽量系上牵引绳。@站酷海洛,['草坪', '花环', '兔子']
I01145641,猫咪各种求关注的方式,http://wallpaper.cdn.pandora.xiaomi.com/thumbnail/webp/w1080/MiTv/0758c551810fb4d653ac5add60ef58e88b840f8a8,CC01000021,萌宠,猫咪有20多种不同的叫声，代表着不同的含义，但是它们和同类之间却很少通过“语言“来交流。当你家猫朝着你“喵喵”叫时，多半是为了“勾引”你呢。@视觉中国,['草坪']
I01170741,萌宠眼中的世界,http://wallpaper.cdn.pandora.xiaomi.com/thumbnail/webp/w1080/MiTv/0ecde45584e6bc190e3e453fc2fcd26365441ef42,CC01000021,萌宠,猫咪其实是“色盲”。它们只能分辨出很少的颜色，比如灰色、蓝色和黄色。但是由于猫咪的眼睛略微向两侧展开，所以眼中的世界比人类更宽。@图虫创意,['泡泡', '布偶猫']
I01264270,猫咪会认识到错误吗,http://wallpaper.cdn.pandora.xiaomi.com/thumbnail/webp/w1350/MiTv/00ef090f0807e40cda593fef36a3e15a06efebf72,CC01000021,萌宠,当猫咪在铲屎官腿边转来转去，不停用头蹭铲屎官，主动躺到铲屎官面前翻肚皮，此时猫咪认识到了自己的错误，并且在用撒娇的方式跟铲屎官道歉。面对这种“温柔陷阱”，铲屎官们自然就没脾气了。@站酷海洛,['枕头']
I01258898,怎样判断兔子吃饱了,http://wallpaper.cdn.pandora.xiaomi.com/thumbnail/webp/w1350/MiTv/02d589815836d489095236fb6e8f6ab1002204fba,CC01000021,萌宠,到底有没有吃饱的时候？当然有啦！当它们满屋子乱窜探索世界、或者干脆舒服的来个贵妃躺睡觉时都是兔兔吃饱的表现。@站酷海洛,['兔子']
I01173878,赛级猫的秘密,http://wallpaper.cdn.pandora.xiaomi.com/thumbnail/webp/w1080/MiTv/05c2152f7651fc922e31caa0bdeee4cb45941781d,CC01000021,萌宠,如果你想带自家猫咪参赛，需要做好充分的准备。如果猫咪害怕陌生人，赛场可能会引发它们的应激行为。@图虫创意,['圆润', '加菲猫']
I01215236,狗狗夏天如何避免中暑,http://wallpaper.cdn.pandora.xiaomi.com/thumbnail/webp/w1080/MiTv/0a94d48832f74e2a091e164fe4884aeeac041a12f,CC01000021,萌宠,保证充足的水分补给。让狗狗随时随地都能喝到清洁的淡水。养在院子等室外的狗还需要为其准备有遮荫的棚和降温用的凉水。@有料/英宠摄影,['俏皮', '治愈', '边牧', '宠物狗']
I01371355,手把手教你正确养狗,http://wallpaper.cdn.pandora.xiaomi.com/thumbnail/webp/w1350/MiTv/0700b201feea64fd2ab8e3980cd7d1b960b454786,CC01000021,萌宠,你家的狗狗有没有准时驱虫呢？不管是哪个季节，驱虫都是必不可少的。通过使用驱虫药，能消灭狗狗身体上90%的寄生虫。外在，能减少寄生虫的寄生。内在，则能保护狗狗的肠胃。因此，铲屎官要记得定时为狗狗驱虫哦。@站酷海洛,['雪景', '萨摩耶']
I01197256,倔强的柴犬,http://wallpaper.cdn.pandora.xiaomi.com/thumbnail/webp/w1080/MiTv/0dd63d4594e064bc503350a2b36c11a96b3a17b88,CC01000021,萌宠,想要驯服这种独立有主见的狗狗，主人带狗狗出门的时候就要记得带牵引绳，用牵引绳限制狗狗的活动范围，从而使狗狗习惯在主人的脚边活动，让狗狗从小养成跟随主人，听从命令的良好习惯。@图虫创意,['柴犬']
I01220518,它的冷知识，你了解多少？,http://wallpaper.cdn.pandora.xiaomi.com/thumbnail/webp/w1080/MiTv/08aa45e35c706805af976818655fc34e51c43fa9a,CC01000021,萌宠,对于仓鼠宝宝的性别跟温度有很大关系，如果仓鼠妈妈在怀孕期间它所在的地方温度比较温暖，生男性宝宝比较多，如果处于低温的状态，生女性宝宝会比较多。@视觉中国,['仓鼠', '小米精选']
I01197223,猫咪摄影技巧大公开,http://wallpaper.cdn.pandora.xiaomi.com/thumbnail/webp/w1080/MiTv/0e3624af267c07a396c4f09aed586b3aa1b4042b1,CC01000021,萌宠,使用逗猫棒配合拍摄能够让我们抓拍到一些有趣的动态瞬间，增加画面的趣味性。需要注意的一点，单手持相机拍摄会降低稳定性，因此我们可以选择轻便的机身及镜头组合来完成拍摄。@图虫创意,['布偶猫']
I01056203,貌美如花布偶猫,http://wallpaper.cdn.pandora.xiaomi.com/thumbnail/webp/w1080/MiTv/09c6851c7fafee232b190c5dd7969d9898043d54a,CC01000021,萌宠,布偶猫从外表看，最大的特征就是毛发较长，而且脑袋宽大，略显方形，整个脸部和颈部都十分饱满，显得“没脖子”。别看它们的体格和骨架都比多数猫咪都健壮，但它们的生长十分缓慢，大约需要3到4年才能逐渐长成。@视觉中国
,['衣服', '布偶猫']
I01188198,奇特的喵星人,http://wallpaper.cdn.pandora.xiaomi.com/thumbnail/webp/w1080/MiTv/0d9f725b6f46d468d1f2226d04682f70d3f67b3c9,CC01000021,萌宠,猫咪最让人着迷的地方，不在于它的眼睛，也不在于它的身姿，更不在于软萌的声线，而是在于它那种与生俱来的气质，一种无论你贫富贵贱它都看不起你的气质。@锐景,['草坪', '灵动']
I01194773,狗狗界的“微笑天使”,http://wallpaper.cdn.pandora.xiaomi.com/thumbnail/webp/w1080/MiTv/0b6c757deb4aafc80e022fbdac9ccb1d53f436f0d,CC01000021,萌宠,柴犬给人一种总是在笑的错觉，铲屎官一看到它就感觉它们萌萌哒，好想一把抱住它亲个十几遍。柴犬的样子憨态可掬，真的是超级可爱，让人对它爱不释手！@拍信创意,[]
I01214039,养兔子的理由,http://wallpaper.cdn.pandora.xiaomi.com/thumbnail/webp/w1080/MiTv/0892c94ae665840d01642fc5e84f5ef3631661849,CC01000021,萌宠,兔子能与它的主人密切联系，兔子能很好地了解他们的主人。它们通过声音和视觉辨认主人，经过一定的训练后也会接受命令。兔子甚至可以跟随他们的主人从一个房间到另一个房间，并在主人打电话时安静地趴在主人怀中。@有料,['兔子']
I01085630,猫咪的小秘密,http://wallpaper.cdn.pandora.xiaomi.com/thumbnail/webp/w1080/MiTv/0accce447e56e4ec62b4c5972078f4f8a7325e979,CC01000021,萌宠,都说猫咪是水做的，这是因为它们的骨头很多，所以才能有如此惊人的柔软度。猫咪全身一共有239块骨骼，就连脊椎骨之间都有着具有弹性的纤维软骨，所以猫咪能够轻而易举地缩成一团。@视觉中国,['毛线球']
I01256254,猫咪向你求救的信号,http://wallpaper.cdn.pandora.xiaomi.com/thumbnail/webp/w1350/MiTv/0474a834d6ca64cd78035beb2d6f6a90e79defe9f,CC01000021,萌宠,猫咪一般比较安静，它们只会在有需要的时候，比如说肚子饿了、觉得冷了，才会喵喵地叫来提醒主人。要是你家猫咪突然变得爱“唠叨”，而且还跟平时的叫声不太一样，有点呜咽、暴躁等感觉，这可能是猫咪想用声音提醒你，说它身体不舒服了。@米拍/喵喵萌,['摄影', '喵星人']
I01211708,你“拍了拍”它的“翘臀”,http://wallpaper.cdn.pandora.xiaomi.com/thumbnail/webp/w1080/MiTv/04e5c5c7bda3dc038706b2b305b57a6f53a43f4c1,CC01000021,萌宠,宠物们其实和孩子差不多，很难在那里一动不动的任由你拍照，所以，比起摆拍，抓拍才是正确的选择。要让宠物们在一个活跃的环境下才能抓拍到更自然的照片，这里就需要进行人为的引导。@视觉中国,['翘臀']
I01247447,这些东西别给猫咪买,http://wallpaper.cdn.pandora.xiaomi.com/thumbnail/webp/w1350/MiTv/06433d5169c4b4a3d0e68e498fdc1a4fbc6fc1965,CC01000021,萌宠,猫咪跟人类不一样，它们是不需要衣服来遮羞的，它们本来就有毛发遮挡自己的身体，那相当于就是它的“衣服”了。所以除了在冬天，要帮无毛猫穿衣服保暖外，其实其他猫咪都是不需要穿衣服的，不然只会束缚它，让猫咪行动不便，更加不舒服。@站酷海洛,['室内']
I01211683,陷得太深，你是几级“猫奴”？,http://wallpaper.cdn.pandora.xiaomi.com/thumbnail/webp/w1080/MiTv/0bdf455e3d7d442d536291a9a22450108e4e94a36,CC01000021,萌宠,最初级别的猫奴，只是喜欢猫咪可爱的外表和高冷的性格。这部分猫奴对猫咪很友善，总是喜欢云吸各种猫咪。无论是朋友家的还是网络上的，只要是可爱好看的，他们就喜欢。不过，第一等级的猫奴只是满足于“云吸”。@视觉中国,[]
I01304544,养猫竟然有这么多好处,http://wallpaper.cdn.pandora.xiaomi.com/thumbnail/webp/w1350/MiTv/09ed830b912e840ebae278fff6300a8230069df0f,CC01000021,萌宠,虽然猫咪小小一只，但养了之后，无论有什么压力，看到小猫咪那一刻，仿佛身体都轻松了，感觉还可以再努力奋斗。所以这辈子养一只猫，真的很有必要。@晟蓝文化/英宠摄影,[]
I01256887,兔子吃的水果有几种,http://wallpaper.cdn.pandora.xiaomi.com/thumbnail/webp/w1350/MiTv/07a2f66adb7c7454ca62e4fdcc071db2959086d4d,CC01000021,萌宠,给兔子吃水果的时候切记不要太过量，一般每次喂一小块就好了，不然兔子很有可能出现拉稀的现象。@圈子,['兔子', '床单', '朋友', '洁白']
I01295785,柯基认可主人的表现,http://wallpaper.cdn.pandora.xiaomi.com/thumbnail/webp/w1350/MiTv/03ad368dbc2474f84b644f04bcdd2b4d5f8204871,CC01000021,萌宠,当铲屎官抚摸柯基柔软的肚子、牙齿以及爪子时，它们没有抗拒，并且展现出一脸享受的样子，足以说明柯基非常喜欢你，把你当主人看。@站酷海洛,[]
I01118287,你是资深爱猫人士吗,http://wallpaper.cdn.pandora.xiaomi.com/thumbnail/webp/w1080/MiTv/06dfe94775ac44e26086222a3097a1f08a981855a,CC01000021,萌宠,一个真正爱猫的人，不会因为猫咪的长相而嫌弃猫咪。无论是它是纯种猫还是田园猫，都是值得被爱的小天使。@图虫创意,['睡觉', '小米精选']
I01085629,猫咪的小秘密,http://wallpaper.cdn.pandora.xiaomi.com/thumbnail/webp/w1080/MiTv/0311dc521ff00419826ebabcf2ec91a13cd7b9d38,CC01000021,萌宠,猫咪也有左撇子，每只猫咪都有自己的惯用手，大部分母猫是右撇子，公猫则是左撇子。如果想知道自家猫的惯用手是哪个，只要仔细观察它们喜欢伸哪只手就清楚了。@视觉中国,['树叶']
I01215217,让猫咪心情愉快的窍门,http://wallpaper.cdn.pandora.xiaomi.com/thumbnail/webp/w1080/MiTv/0694df4830f2442a211e114fe19842e3a87058eaa,CC01000021,萌宠,经常更换猫窝、猫爬架的位置。一成不变的摆设虽然能够帮助猫咪熟悉环境，但是时间久了也会让猫咪失去兴趣。主人们可以时常将猫窝和猫爬架的位置更换一下，给猫咪的生活增添一些趣味。@图虫创意,['灰色调', '坐着']
I01261571,关于猫咪眼睛的秘密,http://wallpaper.cdn.pandora.xiaomi.com/thumbnail/webp/w1350/MiTv/0bbc65e2e4d60499ebe474611b6caf3d72b659679,CC01000021,萌宠,猫咪是近视眼宠物，它的整体视野比人类宽，可以达到200度，但是它们的视力却很差，对于离得远的物体，只能看到一个模糊的形状，所以在远处看到你家猫，它认不出你来，就不要怪它哟！@今日必看,['坐垫', '小米精选']
I01084024,橘猫不为人知的秘密,http://wallpaper.cdn.pandora.xiaomi.com/thumbnail/webp/w1080/MiTv/027fc58e3cb96f86208176a1d4cb6ec8bb9403d63,CC01000021,萌宠,橘猫的条纹样式一般有四种，鱼骨斑斑纹是最常见的花纹。此外还有古典斑图案，麻纹虎斑图案和条纹图案。@视觉中国,['橘猫']
I01291048,如何挑选优质宠物猫,http://wallpaper.cdn.pandora.xiaomi.com/thumbnail/webp/w1350/MiTv/0aaed03e84e5c4369aa49c2a60aa2b944d093b763,CC01000021,萌宠,正所谓“猫儿黑白胡，痾屎满神炉”，这是说有黑白颜色胡须的猫咪，它们可能会在家里随地大小便。这样的猫咪养在家里，主人可能会不得安宁。所以“须硬而无杂色”则是铲屎官选猫的一个小秘诀，这样的猫很聪明，能通人性，对主人也非常忠诚。@站酷海洛 ,['玩耍']
I01266692,狗狗生病如何早发现,http://wallpaper.cdn.pandora.xiaomi.com/thumbnail/webp/w1350/MiTv/0df0124d98dd84bc4ab75c110d844b5fe5673bd6d,CC01000021,萌宠,当气温变化，冷空气会刺激狗狗鼻黏膜造成咳嗽。这种咳嗽不是病毒性的，但也要注意，一般在家中放上加湿器，保持空气中的水分就行了。此外可以给狗狗吃适量的阿莫西林或板蓝根。@站酷海洛,['草坪', '奔跑']
I01210488,猫为何找铲屎官带小猫,http://wallpaper.cdn.pandora.xiaomi.com/thumbnail/webp/w1080/MiTv/06e5c147baa7d4038306b4b304657c645c389bff4,CC01000021,萌宠,母猫的社会体系。仔细观察一下流浪猫就发现，猫其实不是完全的独居动物。猫是有社会的，而且还是母系社会，由母女、姐妹、闺蜜组成的小“家庭”，相互帮忙带娃。@视觉中国,['橘猫']
I01099342,谁说柴犬只有一种颜色？,http://wallpaper.cdn.pandora.xiaomi.com/thumbnail/webp/w1080/MiTv/08b93c57c3a5e4b053e54384551317999c6dfcb10,CC01000021,萌宠,除了我们常见的“赤柴”，黑柴更是自带“霸道总裁”气场。大家还记得那只总吐舌头惹怒哥哥的柴犬——Mika吗？当它遇到黑柴也马上怂了，“祖传舌头功”都派不上用场。@有料,['柴犬', '小米精选']
I01200629,你家的汪属于什么星座,http://wallpaper.cdn.pandora.xiaomi.com/thumbnail/webp/w1080/MiTv/0bc7cb4c5d7ca44dd336ff47dd11e219cec9a6ae1,CC01000021,萌宠,双鱼座—柯基。柯基外形乖巧可爱，长着一张人畜无害的脸，任谁见了都想冲上去疯狂揉捏一番。它们十分需要铲屎官的关心和爱。只要能得到想要的感觉，它们就会沉浸在自己幸福的小世界，当一个充满幻想与浪漫的小可爱。@有料/英宠摄影,['治愈', '柯基', '星座', '双鱼座']
I01206427,给狗狗做防晒，你会吗？,http://wallpaper.cdn.pandora.xiaomi.com/thumbnail/webp/w1080/MiTv/0ad3144ea25388ce24aa4282000e8651d29420dc8,CC01000021,萌宠,如果一定要在阳光下外出时可选用防水性SPF15的防晒品涂抹在狗狗毛发较少的部位，像是腹部及耳朵內侧，不过使用防晒品前最好询问兽医师那些种类的防晒品较适合，因为有些狗狗对防晒品的某些成份会过敏。@视觉中国,['防晒']
I01085790,像猫一样的慢生活,http://wallpaper.cdn.pandora.xiaomi.com/thumbnail/webp/w1080/MiTv/0e3b651ef3810458bf8389734a9a5e9c3b142d6b6,CC01000021,萌宠,猫就像女人，令人费解，却又无比迷人！@视觉中国,[]
I01215286,猫咪为何爱偷看人洗澡,http://wallpaper.cdn.pandora.xiaomi.com/thumbnail/webp/w1080/MiTv/0a94d48836f7412a0d1e1d4fe38846eea5041a12f,CC01000021,萌宠,想必很多铲屎官都深有感触，每次洗澡的时候被家里的小流氓偷窥，其实偷看人类洗澡或大解似乎刻在了猫的DNA里面，无需胎教与训练，只要你走进厕所，它就会恬不知耻地溜过来。@锐景,['享受生活', '惬意', '神奇']
I01118245,拉布拉多为何能导盲？,http://wallpaper.cdn.pandora.xiaomi.com/thumbnail/webp/w1080/MiTv/03996647188654d4102808e2e7d8e270ce3cedf90,CC01000021,萌宠,导盲犬的挑选非常严格，说是万里挑一也不为过。作为导盲犬的拉布拉多能自行判断主人的命令是否要遵行，能够违抗错误的指令，以免主人遭遇危险。@有料,['拉布拉多', '导盲犬']
I01039479,养兔子是怎样的体验,http://wallpaper.cdn.pandora.xiaomi.com/thumbnail/webp/w1080/MiTv/02906b5b284ba45c703327787fe49f16b43ee0dec,CC01000021,萌宠,刚开始养兔子的铲屎官都有这样的经历——兔子玩着玩着突然倒地睡觉，吓人一跳；它在玩耍或受惊时还会突然乱窜，让铲屎官们常常一头雾水。和养其他宠物一样，养兔子要仔细观察它们的神情和状态，以判断它们是否因身体不适而突然状态“失常”。@视觉中国,['兔子']
I01203981,边牧为何不能做导盲犬,http://wallpaper.cdn.pandora.xiaomi.com/thumbnail/webp/w1080/MiTv/07e4a44cf527d77fb3e293d98a8397595f04311b7,CC01000021,萌宠,除了服从度和智商，导盲犬还需要足够隐忍。一方面是对环境的隐忍，一方面是隐忍自己的行为，比如探索欲望，边牧的意志力并不是很好。@视觉中国,['边牧']
I01292959,猫咪夏季也要注意防晒,http://wallpaper.cdn.pandora.xiaomi.com/thumbnail/webp/w1350/MiTv/0387824b157aa41f19b3292273c543e37aad8cb7e,CC01000021,萌宠,夏日阳光毒辣，长时间的太阳照射会导致猫咪过度吸热、体温过高从而中暑。想要避免猫咪夏日中暑，可以在它经常晒太阳的地方安装上遮光家具或者直接拉上窗帘，如果天气非常湿热，可以选择直接开空调。@锐景,['灰色调', '被子', '惬意', '蓝猫', '小米精选']
I01235585,猫咪是冬日限定暖宝宝,http://wallpaper.cdn.pandora.xiaomi.com/thumbnail/webp/w1080/MiTv/0ce984ab442120aa988c9fc1f11343c58d443ce36,CC01000021,萌宠,猫怕冷，冬天它们会钻进你的床上取暖。当你上床睡觉的时候，不是冷冰冰的床单，而是暖暖床上的温度。如果你在冬天养猫，你肯定可以有个好帮手来暖床。怕冷的朋友，你确定不养一个？@视觉中国,[]
I01296978,仓鼠和豚鼠有何区别,http://wallpaper.cdn.pandora.xiaomi.com/thumbnail/webp/w1350/MiTv/0651534c2de3d4cffb9b6151d13e1e1e237955504,CC01000021,萌宠,仓鼠头小身体大，看起来比较圆润，还有着毛发浓密的长尾巴。而豚鼠则头大、耳朵小，身体偏长，且体型比仓鼠大，看起来更强壮，更为关键的是它们没有尾巴。@站酷海洛,['胡萝卜', '仓鼠', '软萌']
I01162056,猫咪磨爪二三事,http://wallpaper.cdn.pandora.xiaomi.com/thumbnail/webp/w1080/MiTv/03a46258b00d846ff2f37c9bc1d192b28dbc5c471,CC01000021,萌宠,猫咪磨爪时会留下气味，这也是他们划定自己领地的方式。当你的猫咪在你的身边磨爪子时，也是在霸气宣布——铲屎官，你是本喵的了！@图虫创意,[]
I01209175,与宠物“同床共枕”对健康有危害？,http://wallpaper.cdn.pandora.xiaomi.com/thumbnail/webp/w1080/MiTv/07fdf4c49e0ebb64316a447b0a3c31ebc2e40a2ab,CC01000021,萌宠,如果你患有过敏或哮喘，就不要勉强自己了。最好禁止宠物进入卧室，否则你会难以入睡，过敏原的问题不仅仅在于跟TA们身体接触，宠物掉的毛发也会成为严重过敏原。@视觉中国,['睡觉']
I01191704,和猫咪玩鼠类游戏,http://wallpaper.cdn.pandora.xiaomi.com/thumbnail/webp/w1080/MiTv/0b8444b2c59391c4b8aaf204ef3ac26fc67417bc0,CC01000021,萌宠,激光笔也属于鼠类玩具的一种，也会使猫高度兴奋，但切记不要过度采用这种玩耍方式。因为猫既抓不住也咬不到，会产生失落感。@图虫创意,['美短']
I01208302,为什么狗狗总喜欢舔人？,http://wallpaper.cdn.pandora.xiaomi.com/thumbnail/webp/w1080/MiTv/070604d7f0ee44b2c8ffe31d0602deec47842fcd2,CC01000021,萌宠,狗狗想要讨好你。大家都知道狗狗是很贪吃的，而且有些狗狗还特别的喜欢主人知道如何讨好主人，有些狗狗还特别的聪明，知道讨好你就会有狗零食吃。所以狗狗就会经常舔你，目的就是想要吃的！@有料/英宠摄影,['草坪', '治愈', '柯基', '宠物狗']
I01292990,如何和幼猫建立信任,http://wallpaper.cdn.pandora.xiaomi.com/thumbnail/webp/w1350/MiTv/065f016e82f6744b0b3ce3a1631f634b0be298167,CC01000021,萌宠,幼猫刚来到一个新环境的时候，很容易会有应激反应，这时候主人应该做的是要先让猫咪自己熟悉环境，让它到处走走、看看、闻闻。在幼猫熟悉环境的过程中，要多和猫咪保持眼神接触，这样猫咪才会逐渐信任你。@锐景,['大气', '活力', '毯子']
I01058091,关于白猫N个的真相,http://wallpaper.cdn.pandora.xiaomi.com/thumbnail/webp/w1080/MiTv/053064a9e17aa67df4debf15765ff57f6d541fb76,CC01000021,萌宠,根据1997年的一项研究，大约72%的白色猫是聋子，因为这些猫耳内的螺旋器存在缺陷。白色基因会导致猫咪缺乏黑色素，因此白色被毛常和蓝色的虹膜同时出现。在双色眼的白猫中，往往猫咪蓝色眼睛同侧的耳朵是聋的。@视觉中国
,['圣诞树']
I01155162,中国人的养猫发展史,http://wallpaper.cdn.pandora.xiaomi.com/thumbnail/webp/w1080/MiTv/07dc74a039b9646506360d61bc172de7d2d4229da,CC01000021,萌宠,猫是老鼠的天敌，这也许就是古人们最早养猫的初衷吧。魏晋以前，人们甚少养猫，而是养狗来防盗防鼠。@视觉中国,[]
I01361812,为什么狗狗被打不反抗,http://wallpaper.cdn.pandora.xiaomi.com/thumbnail/webp/w1350/MiTv/0a733afb78363452f995bea4861b60e28bd7075ea,CC01000021,萌宠,狗狗在生活中需要感到安全和舒适。如果它们发现主人是不可靠的，会对它们造成心理上的压力，导致它们变得不安和不满意。因此，即使狗狗被打了，它们也会认为这是主人保护它们的方式，感到更加安全。@站酷海洛,['睡觉', '床铺', '幼犬']
I01365259,狗狗能有什么坏心思呢,http://wallpaper.cdn.pandora.xiaomi.com/thumbnail/webp/w1350/MiTv/00ccfd161fc564e338aa2ab6e738e09c946cc221b,CC01000021,萌宠,当狗狗把主人视为自己的父母时，它们会有一个习惯，那就是长时间地凝视主人。这是它们表达感激和爱的方式之一，通过这种方式来表达对主人的依赖和感情。@站酷海洛,['柯基', '毛毯', '小米精选', '幼犬']
I01305186,兔子容易患哪些病,http://wallpaper.cdn.pandora.xiaomi.com/thumbnail/webp/w1350/MiTv/00e58f67d02db44deb43236379a427d90b0937403,CC01000021,萌宠,早晚温差过大，吃的草料不干净，经长途运输或受到惊吓等有可能使兔子患上兔链球菌病。这时小兔子的体温会非常高，精神状态很差，甚至还有些兔子会感到呼吸困难。@站酷海洛,['杯子', '兔子']
I01118341,怎么能不“吸”兔兔,http://wallpaper.cdn.pandora.xiaomi.com/thumbnail/webp/w1080/MiTv/04aaf9485e7bd443114a98463b33389fa826f11cf,CC01000021,萌宠,兔子的身子圆滚滚的，前腿短小，后腿长而有力。它们可爱得让人忍不住想要靠近，但又十分的胆小，听到一点声音就会跑得无影无踪了。@有料,['兔子']
I01287862,猫咪报恩的表现,http://wallpaper.cdn.pandora.xiaomi.com/thumbnail/webp/w1350/MiTv/0146952212c1042a9a2385d563d8f85853d05130a,CC01000021,萌宠,有些猫咪是很高冷的，它们不喜欢黏人。可要是你家的猫咪总是黏着你，你走到哪里它就跟到哪里，那就说明猫咪很在乎你。这种行为就表明它们是来报恩的，因为猫咪把你当成了自己人，它想亲近你。@站酷海洛,['软萌']
I01168526,揭秘猫咪的性格,http://wallpaper.cdn.pandora.xiaomi.com/thumbnail/webp/w1080/MiTv/03e69f55399904bde373fa9aee65471ce768d61d8,CC01000021,萌宠,有着独行侠性格的猫咪不太亲人，喜欢有自己的隐秘空间。比起和主人玩闹，它们更喜欢做一只高冷的喵，独自玩耍，不愿意被打扰。@图虫创意,['好奇', '奶猫']
I01285318,兔子的动作语言,http://wallpaper.cdn.pandora.xiaomi.com/thumbnail/webp/w1350/MiTv/0d84c517f878041fbb62bb91997a5e57a5608ac01,CC01000021,萌宠,当兔子非常高兴时，会出现原地跳跃的情况。它会在半空微微反身，边跳跃边摆头，就好像跳舞一样。@站酷海洛,['草坪', '兔子', '小米精选']
I01172502,猫咪的“巨婴”心理,http://wallpaper.cdn.pandora.xiaomi.com/thumbnail/webp/w1080/MiTv/0243a4f6fc883ed0a6f3b42bb12c5b12030429feb,CC01000021,萌宠,现在，猫咪跟主人的关系越来越亲密了。猫咪可以把主人当成兄弟姐妹一样玩耍，所以才会出现跟主人一起睡觉、踩奶等幼猫行为。@图虫创意,['好奇']
I01168528,揭秘猫咪的性格,http://wallpaper.cdn.pandora.xiaomi.com/thumbnail/webp/w1080/MiTv/01e69f55399904bde373f89aee35471be768961d8,CC01000021,萌宠,有些猫咪具备“社交达人”的性格，和人、猫都能友好相处。这样的猫咪也容易感到寂寞，主人可以多抽出时间陪它们玩耍。@图虫创意,['睡觉', '奶猫']
I01174589,猫咪真的经常发呆吗,http://wallpaper.cdn.pandora.xiaomi.com/thumbnail/webp/w1080/MiTv/02492d41f1165442a3855e4d4ca78e3ff639ed672,CC01000021,萌宠,猫咪的眨眼的频率是人类的3到4倍左右。所以，猫咪眨一次眼的时候，你可能已经眨了三四次了。这样就会给人造成一种猫咪正在发呆的错觉。@图虫创意,['温顺']
I01074909,短腿小柯基,http://wallpaper.cdn.pandora.xiaomi.com/thumbnail/webp/w1080/MiTv/049bdd5bdd1234c17049aad29dcc3c1de82011c66,CC01000021,萌宠,柯基犬属于短腿的宠物狗，要是经常让它爬楼梯或者罚站的话，都会影响到腰椎。饲养柯基最大的禁忌就是经常让它爬楼梯，因为这会影响到狗狗的老年生活质量。@图虫创意,['柯基']
I01296190,狗狗喜欢被摸的部位,http://wallpaper.cdn.pandora.xiaomi.com/thumbnail/webp/w1350/MiTv/053b301896d47432cbbf5f2cab690b7b55a4d5697,CC01000021,萌宠,如果你跟狗狗还不是很熟，可以先从摸它的下巴开始，这不会让狗狗感到被挑衅，这时候狗狗通常都会变得安静，闭上眼睛，露出一副享受的样子。@站酷海洛,['草坪', '玩耍']
I01365428,狗狗这几个地方要多摸 ,http://wallpaper.cdn.pandora.xiaomi.com/thumbnail/webp/w1350/MiTv/01b50b821be2345c6a12e9751d95894f8fe4dccc6,CC01000021,萌宠,狗狗的肚子是既重要又脆弱的部位，它们一般不会轻易展示出来，除非在信任的人面前。要是你家狗狗总是在你面前翻肚皮，甚至是打滚求抚摸，那说明它很爱你，对你完全没有警惕。@站酷海洛,['毯子', '毛毯', '幼犬']
I01074906,短腿小柯基,http://wallpaper.cdn.pandora.xiaomi.com/thumbnail/webp/w1080/MiTv/05627527c1133120aecfd8b815a12d5104a43f707,CC01000021,萌宠,柯基犬的肠胃也不是很好，所以饲养的时候需要更加细心，给它选购狗粮时，除了选一款清淡低盐的之外，还要注意是否含有益生菌，因为益生菌有效保护它的肠胃！@图虫创意,['柯基']
I01085632,猫咪的小秘密,http://wallpaper.cdn.pandora.xiaomi.com/thumbnail/webp/w1080/MiTv/0bccce447e57e4ec82b4cd9720d8f4f6a732fe979,CC01000021,萌宠,猫咪是一种非常喜欢睡觉的生物，它们每天睡觉的时间都很长，猫咪一生中大概有三分之二的时间都在睡觉。@视觉中国,['毛线球']
I01166574,猫咪也爱美,http://wallpaper.cdn.pandora.xiaomi.com/thumbnail/webp/w1080/MiTv/057d90471a86b40f63bcb023e5cf756c083d3a684,CC01000021,萌宠,很多主人会发现，猫咪总会若有所思地盯着镜子，仿佛在欣赏镜子里的自己。事实上，猫咪并不知道镜子里面的是自己。@图虫创意,['布偶猫']
I01295778,狗狗临终前为何离家出走,http://wallpaper.cdn.pandora.xiaomi.com/thumbnail/webp/w1350/MiTv/059b0dbf729d04ddb8186a0fad9714e9bc99d8946,CC01000021,萌宠,狗狗的祖先是狼，而狼老了之后或者受伤了，都会独自离开狼群，然后找个地方躲起来，而狗狗也保留着这个本能。老狗成精，狗狗骨子里还透露野外的生存法则，感觉自己将要离开，所以死前会找地方躲着就是返祖现象。@晟蓝文化/英宠摄影,[]
I01267785,预防老年猫咪患病,http://wallpaper.cdn.pandora.xiaomi.com/thumbnail/webp/w1350/MiTv/064a4d76d5a1c46b184a8cc9c4ba70bee5ab44e87,CC01000021,萌宠,如果猫咪皮肤组织部位大量脱毛，铲屎官们一定要注意。这可能是由于鳞状上皮癌变而引起的疾病，鳞状上皮就是指的皮肤、眼角膜等身体表面。@站酷海洛,['彩灯', '短毛型']
I01160999,“网红”猫的养成记,http://wallpaper.cdn.pandora.xiaomi.com/thumbnail/webp/w1080/MiTv/01a464d8bf0b8f6fc8f37f9bcfc19fb48a0427122,CC01000021,萌宠,每只猫都有奇特的性格，要懂得和它的相处之道，你才能更好的拍摄它网红的一面。@图虫创意,['眯眼', '被子']
I01172501,猫咪的“巨婴”心理,http://wallpaper.cdn.pandora.xiaomi.com/thumbnail/webp/w1080/MiTv/0243a4f6fc883ed0a4f3b72bb72c5612050429feb,CC01000021,萌宠,猫原本是独立生活的动物，野外的幼猫在成长到一定程度就会被母猫赶出家门。而对于养在家里的猫咪来说，它不会被赶出家门，可以一直保持着幼猫的心态。@图虫创意,['好奇']
I01277025,猫咪为何突然攻击人,http://wallpaper.cdn.pandora.xiaomi.com/thumbnail/webp/w1350/MiTv/0e384e9b1fceb4154ad981a657adae67a8d8636fb,CC01000021,萌宠,猫咪是个十分敏感的动物，且有着较强的联想记忆能力。如当你去卫生间洗澡，猫咪可能会挠你。这是因为猫咪联想到自己被门夹到爪子的事情，而且它担心你会伤害它，所以就会打你。@站酷海洛,['篮子']
I01290533,狗狗爱吃哪些食物,http://wallpaper.cdn.pandora.xiaomi.com/thumbnail/webp/w1350/MiTv/0736d34bc2be84d12ae00766cf6f2e91774e5950a,CC01000021,萌宠,悄悄告诉你，大虾对狗狗而言，可以说是人间美味，简直就是狗狗的最爱，要是能让狗狗吃一顿大虾，估计它什么事情都能答应你。而且大虾含有丰富的蛋白质和其它多种微量元素，对狗狗来说，是不可多得的补品。@站酷海洛,['草坪']
I01370654,养柯基你需要知道这些事,http://wallpaper.cdn.pandora.xiaomi.com/thumbnail/webp/w1350/MiTv/0e24a15b5a1704519a8d15e45f08047d5665299b6,CC01000021,萌宠,柯基是一个非常活跃的品种，需要适当的运动来保持其身体和心理健康。如果不给柯基提供足够的运动量，它们可能会变得沮丧、无聊、不安甚至有挑衅性行为。建议每天至少带狗狗散步30分钟，并提供其他适当的运动形式。@站酷海洛,['床铺', '床单', '柯基']
I01261610,狗狗乱舔人怎么办,http://wallpaper.cdn.pandora.xiaomi.com/thumbnail/webp/w1350/MiTv/093d412f16619432da05e6f55edbfc6ba929c3e64,CC01000021,萌宠,对于小型犬而言，当我们坐定，狗狗非常热情的跑到我们怀里来并舔吻我们时，我们应该立刻推开狗狗，阻止它的舔吻，并发出“不行”的口令。@视觉中国,['有趣', '萨摩耶']
I01050033,如何让猫主子接受小baby,http://wallpaper.cdn.pandora.xiaomi.com/thumbnail/webp/w1080/MiTv/03183f42475984a442bd3004c58a5e77d548d6211,CC01000021,萌宠,一般而言，小baby对于猫主子来说是非常大的“异数”，他们的到来打乱了猫主子按部就班的生活，分散了铲屎官的注意力，往往会非常不适应，甚至倍感“失宠”。铲屎官们在迎接新生命之前就要让猫主子慢慢适应小baby的声音和气味。@视觉中国,['牛仔裤']
I01195639,猫咪是一种神奇的动物,http://wallpaper.cdn.pandora.xiaomi.com/thumbnail/webp/w1080/MiTv/0b6c7d5def4fa4c8330225bdaf4cc01a57a0a9d6b,CC01000021,萌宠,你可别小看猫咪的听力，它们的听力非常发达，发达到可以凭借细微声音来定位20米以外的东西。所以如果生活中你喊猫咪，猫咪不理你，这并不是它听不见，而是它真的不想搭理你。@锐景,['活泼', '敏捷', '灵动']
I01367705,如何拥有一只健康的仓鼠,http://wallpaper.cdn.pandora.xiaomi.com/thumbnail/webp/w1350/MiTv/010778bd70a9a4fd1b413641a86234609e3dd10e3,CC01000021,萌宠,仓鼠的平均寿命都只有2到3年，但磨牙，是让仓鼠长寿的秘籍哦！如果不进行磨牙，那么仓鼠就会撕咬笼子，而且随着牙齿越来越长还会影响到食物的摄入。因此，我们需要为仓鼠提供一些磨牙棒来帮助它打磨牙齿。@站酷海洛,['橙色', '仓鼠']
I01290827,夏日猫咪“掉毛”大作战,http://wallpaper.cdn.pandora.xiaomi.com/thumbnail/webp/w1350/MiTv/087529c3538e34c64908bd9ea112e181f4fd49e6b,CC01000021,萌宠,如果你在夏天为了让猫凉快而总给猫洗澡，那么猫咪很容易出现严重的掉毛问题，因为过勤的洗澡只会破坏皮肤组织，引发掉毛。在炎热夏日，铲屎官最好减少给猫洗澡的频率，一个月不超过2次最好。@锐景,['清新自然', '惬意', '篮子']
I01303245,可爱但难养的小奶猫,http://wallpaper.cdn.pandora.xiaomi.com/thumbnail/webp/w1350/MiTv/09fc2c554ddd14699bbfd49fcb50087e2b044a372,CC01000021,萌宠,幼猫会自己慢慢地探索周围的环境，这个期间主人可以尝试不断的隔着笼子或者纸壳逗它玩，直到看见幼猫会自己舔爪子或者身上的毛，说明它的心态已经稳定，逐渐适应了周围的环境。@水象星,['短毛型']
I01219219,猫咪最讨厌的东西,http://wallpaper.cdn.pandora.xiaomi.com/thumbnail/webp/w1080/MiTv/044224f5e08e4f49c8cf02d44e1a1c1533040c8c6,CC01000021,萌宠,橘子皮。猫咪的嗅觉也是非常灵敏的，这是好事，也是坏事。因为太过灵敏的关系，它们很不喜欢闻某些气味，比如说橘子皮的味道。@视觉中国,['橘猫']
I01210515,猫的神奇功能,http://wallpaper.cdn.pandora.xiaomi.com/thumbnail/webp/w1080/MiTv/071c65a493f46966aecdc8c602adc40561441c099,CC01000021,萌宠,“猫抓老鼠，天经地义”，在现代社会，抓老鼠是猫的天职。但其实，曾经有很长一段“狗拿耗子”的时期，霸道的猫其实是抢夺了狗的饭碗。早在春秋战国时代，山东地区就是养狗来捕鼠的。只是汉代后，猫被普遍饲养， 才替代了狗成为捉老鼠的主力军。@好看,['清新自然']
I01220519,它的冷知识，你了解多少？,http://wallpaper.cdn.pandora.xiaomi.com/thumbnail/webp/w1080/MiTv/0209f572ebd63f602b5499c9c8bc04c6c60439c9b,CC01000021,萌宠,老鼠和猫咪这对天敌，其实生活习惯还是一致的。猫咪每天除了吃就是睡，会花猫生三分之二的时间睡觉，而仓鼠同样也是这样的习惯。仓鼠也喜欢睡觉，一天有大部分的时间都是睡眠状态的。另外，仓鼠和猫咪一样，都是浅睡眠型的动物哦。@视觉中国,['仓鼠', '小米精选']
I01194003,狗狗的分离焦虑症,http://wallpaper.cdn.pandora.xiaomi.com/thumbnail/webp/w1080/MiTv/0b6c747de04aa9c8060227bdad9cc61d5ff436f0d,CC01000021,萌宠,如果狗狗成年以后，依然有分离焦虑症，主人要倍加重视。因为长时间的分离焦虑，给狗狗带来的压力和紧张，是影响狗狗寿命的罪魁祸首之一。@图虫创意,['草坪', '哈士奇']
I01031721,喵星人怪谈,http://wallpaper.cdn.pandora.xiaomi.com/thumbnail/webp/w1080/MiTv/09ccc4b1c6c62471556fd35f6b3a34959b2413999,CC01000021,萌宠,喵星人真有九条命？当然不，由于喵星人拥有极其灵活的脊椎，从很高的地方跌落下来都毫发无损，这对于中世纪的人而言太难以想象了，所以他们认为喵星人拥有超能力，甚至被恶魔附身了。@视觉中国,[]
I01297029,女生为何更爱养猫,http://wallpaper.cdn.pandora.xiaomi.com/thumbnail/webp/w1350/MiTv/0d2bc3feb51684ecbb07f998ae79f73e3ffdfeb38,CC01000021,萌宠,猫咪生性爱干净，而且只需接受简单的训练就能学会在猫砂盆里大小便。所以，铲屎官每天只需定时清理猫砂，便可高枕无忧。这样的猫咪，与女生爱干净的脾性十分相投。@站酷海洛,['软萌']
I01186279,全球猫文化大赏,http://wallpaper.cdn.pandora.xiaomi.com/thumbnail/webp/w1080/MiTv/080c84a2f142d3177e121aa6ea7e960d78c4232db,CC01000021,萌宠,在日本，猫咪是唯一可以跨越诸神之间，可以被广泛接受和供奉的特例。同时，日本每年的2月22日是“猫之日”。@图虫创意,['文化', '小米精选']
I01201332,猫奴的“怪癖”,http://wallpaper.cdn.pandora.xiaomi.com/thumbnail/webp/w1080/MiTv/05c7cb5c5d75a44d2336fc47dd91e219cec9e6ae1,CC01000021,萌宠,喵星人打哈欠的时候警惕度为0。猫奴常以迅雷不及掩耳盗铃之势把手指伸到喵嘴里两个尖牙的空隙中（正好咬不着）。然后等着看主子闭嘴的时候一脸懵逼，自己暗爽。@视觉中国,['习惯', '怪癖', '小米精选']
I01206317,上镜的狗狗,http://wallpaper.cdn.pandora.xiaomi.com/thumbnail/webp/w1080/MiTv/0f81434eed60f45490d19cd43234919390b433b34,CC01000021,萌宠,狗狗是很喜欢被宠主抚摸的，通常在宠主的抚摸下，狗狗都会表现出一副很享受的样子。所以宠主可以通过抚摸狗狗来夸赞狗狗。@米拍/ColliePet高阳
,['摄影']
I01305187,兔子容易患哪些病,http://wallpaper.cdn.pandora.xiaomi.com/thumbnail/webp/w1350/MiTv/0c4e9a126d9fe48148e0f264a8662c145934b485b,CC01000021,萌宠,如果兔子居住的小房子太过潮湿、太脏乱，则很容易导致它们的皮肤、毛囊等感染真菌病。这时兔子的头、口腔周围以及耳朵等部位会出现脱毛、瘙痒的现象。@站酷海洛,['枕头', '兔子', '玩耍']
I01158093,宋朝的铁杆“猫奴”,http://wallpaper.cdn.pandora.xiaomi.com/thumbnail/webp/w1080/MiTv/037334151545fb6ccf8d1152786410e87c941d6d7,CC01000021,萌宠,陆游还有一首《赠猫》，则像是他吐槽自家猫咪的一条“朋友圈”：“执鼠无功元不劾，一箪鱼饭以时来。看君终日常安卧，何事纷纷去又回？”@视觉中国,['加菲猫']
I01233040,猫咪扭屁股的真相,http://wallpaper.cdn.pandora.xiaomi.com/thumbnail/webp/w1080/MiTv/043f5559e875d4bf62a513b880dc72a01771346eb,CC01000021,萌宠,猫咪扭屁股，难道是想对你投怀送抱？别想太多！这是准备进攻前的动作，等待你的很有可能是一记华丽的爪子和几道“爱的伤痕”。@锐景,['清新自然', '惬意']
I01241510,猫咪的“骚操作”,http://wallpaper.cdn.pandora.xiaomi.com/thumbnail/webp/w1080/MiTv/06abb4ff5e555f889bd7bbc0c08c5739264419e1a,CC01000021,萌宠,猫咪真是一种复杂多变的神奇生物！它能时而高冷傲娇，而下一秒又对人卖萌撒娇；也能有时沉默似铁，有时却又热情如火。而且还经常做一些让主人摸不着头脑的“骚操作”！@锐景,['好奇', '橘猫']
I01221371,猫咪没了胡子会怎样,http://wallpaper.cdn.pandora.xiaomi.com/thumbnail/webp/w1080/MiTv/05aa4a535c7d6405b3976b186acfc94c5e0a95ef8,CC01000021,萌宠,猫咪的胡子其实是用来保持平衡的。猫咪的胡子就像猫咪随身携带的尺子一样，它们用胡子来丈量宽度，以此来判断自己能否通过。@米拍/YYMIAO喵 ,['摄影', '布偶猫', '喵星人']
I01199760,猫咪的脚有味道吗？,http://wallpaper.cdn.pandora.xiaomi.com/thumbnail/webp/w1080/MiTv/03c7cb4c5d75a44dc336f747dd71e21dcec986ae1,CC01000021,萌宠,猫咪平时没事儿最喜欢舔毛发了，而且爪爪也是经常舔到的部位，所以如果猫咪感染了口炎，只要被舔到的毛发都会发臭。@视觉中国,['蓝猫']
I01219277,猫咪最怕的竟然是这些,http://wallpaper.cdn.pandora.xiaomi.com/thumbnail/webp/w1080/MiTv/0a34f258c458c40053534859718f5cff17c4fbee5,CC01000021,萌宠,猫咪和狗一样，都很怕巨大的响声，所以宠主们平时不要在猫咪耳朵旁边制造大的响声，这会让猫咪感到恐惧的。还可能会让猫咪产生应激反应，导致腹泻、拉稀等情况。@有料/英宠摄影,['调皮', '喵星人']
I01276975,经常惯着猫咪的后果,http://wallpaper.cdn.pandora.xiaomi.com/thumbnail/webp/w1350/MiTv/07b9a4986618c4592a6ba5db829f62c02a9868d1e,CC01000021,萌宠,经常推倒东西：猫咪看见桌子上的东西，经常就推倒下去，有这样行为的猫咪，都是因为宠主没有教育好。宠主不把这当回事，那么猫咪就会把桌子上的东西当做它的玩具，它想怎么玩就怎么玩。@站酷海洛,['毯子']
I01294695,养公猫不为人知的好处,http://wallpaper.cdn.pandora.xiaomi.com/thumbnail/webp/w1350/MiTv/0714f1021a15d462db681984c70b355d946539da9,CC01000021,萌宠,公猫的心性有点像小孩，它们比母猫更活泼，更喜欢玩闹，还经常会做出一些奇奇怪怪的事情来逗主人发笑，这样的猫咪是年轻人的“开心果”。@站酷海洛,['小米精选', '软萌']
I01070704,“懒猫”打盹,http://wallpaper.cdn.pandora.xiaomi.com/thumbnail/webp/w1080/MiTv/05f7415e68dd5426f00bc4e88bfdadd7260d5634a,CC01000021,萌宠,铲屎官们常常“抱怨”说，我家的猫咪都成年了为什么还这么懒，总是一副昏昏欲睡的样子，无时无刻不在睡觉。@视觉中国,['睡觉']
I01074908,短腿小柯基,http://wallpaper.cdn.pandora.xiaomi.com/thumbnail/webp/w1080/MiTv/069bd58bd3123ac10c49a0d2941c321cebd406dcd,CC01000021,萌宠,短腿的小柯基放牧能力很强，因为腿短，它们可以在牛、羊群的身下自由地跑来跑去。它们跑得很快，跳跃能力也很强，不会被牛羊踩到或踢到。它们还会轻轻地去咬牛羊的腿，让它们听话起来。就这样，柯基守护着牛羊，成了人类的得力助手。@图虫创意,['柯基']
I01209729,从青铜到王者的狗狗,http://wallpaper.cdn.pandora.xiaomi.com/thumbnail/webp/w1080/MiTv/071c694494fc6466c1cdc0c600adc9016a4a1a5c7,CC01000021,萌宠,纯种犬。我们大多数人饲养的宠物狗一般都属于纯种犬，这些能叫得上犬种的狗狗都是经过专业繁殖而来的，说白了就是它们都是拥有自己姓名的犬种。@视觉中国,['柯基']
I01051879,一只兔子的喜怒哀乐,http://wallpaper.cdn.pandora.xiaomi.com/thumbnail/webp/w1080/MiTv/0283c4597d66973045b282083cf445d4be5411732,CC01000021,萌宠,有些兔子如果被关在笼子里的时间太久，就会专门咬笼子开关门的位置。当它感觉很舒服时还会“贵妃躺”，所以当你看到它们侧躺时就代表很放松、很开心，如果它们特别高兴还会像猫那样舔主人的手。,['草坪', '兔子', '奔跑']
I01287459,狗狗重视你的表现,http://wallpaper.cdn.pandora.xiaomi.com/thumbnail/webp/w1350/MiTv/01f6dda7a03a3449f8c7edfc219b1c0ec0d178493,CC01000021,萌宠,狗狗的肚皮可以说是狗最脆弱的部分，它受不了重击，所以狗对肚皮特别敏感。但要是狗狗愿意向你敞开肚皮，让你摸它，恭喜你，这条狗在你面前毫无保留，愿意向你展示它的弱点，这表明你非常重要。@站酷海洛,['睡觉', '毯子', '小米精选']
I01223521,萌照来袭,http://wallpaper.cdn.pandora.xiaomi.com/thumbnail/webp/w1080/MiTv/0c5b8a57f484b404506b3642c3c8d8afb21dd5f7c,CC01000021,萌宠,今天的不开心就止于此吧，明天依旧光芒万丈哦。@水象星,['柯基']
I01369846,猫咪健康打理指南,http://wallpaper.cdn.pandora.xiaomi.com/thumbnail/webp/w1350/MiTv/0c8499648474945a1abfaa2b5e26059e026556ef7,CC01000021,萌宠,给猫洗澡不仅可以保持猫的清洁、美观，洗澡还可以清除体表的一些寄生虫，促进血液循环及新陈代谢，起到防病健身的作用。洗澡的习惯，最好从小就开始培养，成年后才开始给猫洗澡，猫将极不情愿。@站酷海洛,['毛毯']
I01289549,同时养猫狗要注意什么,http://wallpaper.cdn.pandora.xiaomi.com/thumbnail/webp/w1350/MiTv/083430768153e4aec855e5b3e8bb83759152fbb4b,CC01000021,萌宠,刚开始，猫咪和狗狗不熟悉的话，大家可以让彼此先熟悉各自的气味，比如大家可以将猫咪放到狗笼或狗窝里，把狗狗带到猫咪居住的地方玩耍。这之后，大家可以尝试让猫咪和狗狗隔着门缝见面，最后慢慢让它们直接接触，从而使彼此习惯对方的存在。@站酷海洛,['睡觉']
I01247448,这些东西别给猫咪买,http://wallpaper.cdn.pandora.xiaomi.com/thumbnail/webp/w1350/MiTv/054335c164c6bea3f7e689498a1c1349b19406fad,CC01000021,萌宠,猫咪挂饰：比如说猫铃铛、猫颈圈等这些东西是猫咪最不需要，甚至是厌恶的。猫铃铛的响声会影响猫咪的听力，让猫咪烦躁，而猫颈圈则可能会在猫咪上跳下窜时，勾住一些东西，要了猫咪的命。@站酷海洛,[]
I01092528,本喵需要盖被子,http://wallpaper.cdn.pandora.xiaomi.com/thumbnail/webp/w1080/MiTv/0bc6d5519fced4197071dc452ad26ba15d73272a8,CC01000021,萌宠,对爱猫人士来说，小奶猫的出现，仿佛就是最好的礼物。不管小猫咪做什么，都散发着萌态，哪怕小猫咪只是在静静地睡觉！@有料,['喵星人']
I01160998,“网红”猫的养成记,http://wallpaper.cdn.pandora.xiaomi.com/thumbnail/webp/w1080/MiTv/0c36b525061714da77257d63d90ebb80479408c9d,CC01000021,萌宠,其实猫猫网红的一面可能就藏匿在它的日常习惯中，只是需要你细心去发现。@图虫创意,['窗帘']
I01203912,为啥狗狗讨厌洗澡,http://wallpaper.cdn.pandora.xiaomi.com/thumbnail/webp/w1080/MiTv/050ecf4d96db04efb1588fbf5bdf0cd99ef99bde2,CC01000021,萌宠,天生怕水。很多狗狗都害怕洗澡，每次洗澡就像上刑一样痛苦，每次听到放水声狗狗就赶紧躲起来。这大概也与狗狗天生怕水有关，所以建议主人尽量安抚好狗狗，慢慢消除狗狗的恐惧感。@站酷海洛,['宠物狗']
I01259969,猫在地上打滚什么意思,http://wallpaper.cdn.pandora.xiaomi.com/thumbnail/webp/w1350/MiTv/0d2718cb52b304b4c8455b668db504d8a7242c1ed,CC01000021,萌宠,猫猫在地上翻滚，说明它完全信任你，觉得很安全。猫咪在地上滚来滚去、蹭来蹭去还有可能，是其他一些原因导致的，比如猫咪身上痒的时候，可能会让它们出现在地上打滚的行为。@图虫创意,['草坪', '温顺', '哺乳动物', '软萌']
I01174114,铲屎官到底有多卑微？,http://wallpaper.cdn.pandora.xiaomi.com/thumbnail/webp/w1080/MiTv/02492461f4135c429785524d40d78336f61437ced,CC01000021,萌宠,养猫之前，怼天怼地，暴脾气一点就着。养猫之后：面子是什么东西？脾气是什么东西？@视觉中国
,['草坪', '小米精选']
I01290835,怎样带上猫咪一起旅行,http://wallpaper.cdn.pandora.xiaomi.com/thumbnail/webp/w1350/MiTv/05937d46ca1714d15a87e9e25154ad2e0ca970081,CC01000021,萌宠,想要带猫咪出去玩，先让猫咪熟悉待在航空箱里，例如去超市买东西的时候，可以开车，把猫咪放在航空箱中，让猫咪慢慢熟悉航空箱以及适应汽车行驶中的状态。@有料/英宠摄影,['治愈', '猫咪喂食']
I01205772,自带表情的狗狗,http://wallpaper.cdn.pandora.xiaomi.com/thumbnail/webp/w1080/MiTv/0eca85483ffba41ec19fce0497336034440593f8b,CC01000021,萌宠,人类之所以觉得狗狗很亲近，是从它们呆萌的眼神中能体会到它离不开你。如果它以祈求的目光注视着你，但并没有得到回应，它就会露出很委屈的小表情，让你不忍心。@锐景,['清新自然']
I01262116,猫砂的使用注意事项,http://wallpaper.cdn.pandora.xiaomi.com/thumbnail/webp/w1350/MiTv/0874aca7d73aa4b06aab84af8b67975a1f748f5c4,CC01000021,萌宠,猫砂必须隔一段时间就彻底更换一次，最好是将猫砂盆也一起清洗干净，然后消毒一遍，再倒入新的猫砂，这样会比较卫生。@圈子,['绿叶', '橘猫', '软萌']
I01208329,狗狗“上火”有这些表现,http://wallpaper.cdn.pandora.xiaomi.com/thumbnail/webp/w1080/MiTv/0609b04ee27184d0308ae404a345cef33f171b36a,CC01000021,萌宠,当狗狗上火的时候，它的便便会很黑很臭，而且异常的干燥，狗狗拉大便时也会很困难。如果有这样的情况，主人就要给它降降火了。@锐景,['草坪', '纯洁', '好奇', '博美', '小米精选']
I01211709,你“拍了拍”它的“翘臀”,http://wallpaper.cdn.pandora.xiaomi.com/thumbnail/webp/w1080/MiTv/0ee5c157baadd403d306b5b304f57c6d5c38cbff4,CC01000021,萌宠,一般情况下，摄影师在拍照时镜头可以与宠物的视线保持水平。如果遇到那种体型比较大的宠物可以坐下拍；遇到体型比较小的宠物一定要趴下。根据宠物的种类来判断拍照角度，会更容易捕捉到一些细节。@视觉中国,['翘臀']
I01207117,想“撩”它不容易，小奶猫咋养？,http://wallpaper.cdn.pandora.xiaomi.com/thumbnail/webp/w1080/MiTv/06d3185ea95284ce72aa4f820dee8c5ad4326010a,CC01000021,萌宠,小奶猫一般都是会有点轻微脱水的，所以需要及时喂奶补水。但注意猫都有乳糖不耐受，因此只能喝羊奶不能喝牛奶，如果没有羊奶粉，可以先去药店购买5%葡萄糖盐水替代。@图虫创意,['奶猫']
I01277026,猫咪为何突然攻击人,http://wallpaper.cdn.pandora.xiaomi.com/thumbnail/webp/w1350/MiTv/0f3d629a9f36b40e299cac029d82c3066d241beaf,CC01000021,萌宠,养过猫咪的主人们都知道，猫咪不喜欢吃药、刷牙、剪指甲等。当猫咪做自己不喜欢的事情时，会对主人又挠又抓。但这在它们眼中，很可能属于“正当防卫”。@站酷海洛,['箱子']
I01054997,你需要了解的睡眠真相,http://wallpaper.cdn.pandora.xiaomi.com/thumbnail/webp/w1080/MiTv/09b860545d4354cf6241679c8792b16c548cbdc58,CC01000021,萌宠,人们都很忙，每天只有24小时，日程总想安排得满满的。但如果你想要长寿，或者拥有一个长久的健康状态，就应该多睡好觉。好的睡眠质量能让我们恢复体力、促进发育、增强体质等。@站酷海洛,['睡觉', '小米精选']
I01230966,被猫咪“讨厌”的事情,http://wallpaper.cdn.pandora.xiaomi.com/thumbnail/webp/w1080/MiTv/0b3f5479e477d3bf1fa511b8874c71a61f842e025,CC01000021,萌宠,猫咪的性格虽然高冷，但不代表它不爱主人。在占有欲这方面，猫咪还是比较强的，它不喜欢自己的主人跟别的猫咪太亲近，这会让猫咪心灵受伤，因此也会讨厌主人。@视觉中国,['毛毯']
I01088934,大橘为重,http://wallpaper.cdn.pandora.xiaomi.com/thumbnail/webp/w1080/MiTv/0c22e65abf1a247e62ad27b203212464d706240f2,CC01000021,萌宠,统计数据表明，橘猫中，公猫对母猫的出生率大约是4比1，这取决于它们的基因问题，所以，想要给自家橘猫找另一半就得多费心了。@视觉中国,['橘猫']
I01088887,喵星人的正确打开方式,http://wallpaper.cdn.pandora.xiaomi.com/thumbnail/webp/w1080/MiTv/052fb554475b05d70ef46591dde74bd976b43a778,CC01000021,萌宠,其实对于猫咪们来说，喜欢就互相舔舔毛，不喜欢就打一架，快意恩仇才是动物们相处之道，然而两只小萌物的出现让人根本无法抵抗呀！@有料
,['草坪', '蠢萌']
I01166593,猫咪是学霸还是学渣,http://wallpaper.cdn.pandora.xiaomi.com/thumbnail/webp/w1080/MiTv/08e69475349605bd8673f69aea654011e6943de7f,CC01000021,萌宠,猫咪在动物中属于高智商的行列。它们的大小脑都很发达，成年猫咪的智商相当于人类2-3岁的小朋友。@图虫创意,['认真', '书籍', '书本']
I01090218,长不大的小奶猫,http://wallpaper.cdn.pandora.xiaomi.com/thumbnail/webp/w1080/MiTv/0f3c04844b6446c05bfd98e078fc99381f2413c6d,CC01000021,萌宠,猫的一生，就好像是人生的一个缩影。看着它们长大，变老，也能让主人去感受到一些人生的真谛。@有料,['治愈', '奶猫']
I01296883,猫咪的社会化训练,http://wallpaper.cdn.pandora.xiaomi.com/thumbnail/webp/w1350/MiTv/0686aad0156cc4c59996e5e739eec0fdacadf511a,CC01000021,萌宠,若猫咪有些怕生，铲屎官不妨带猫咪外出游玩，多与人接触，让它们熟悉其他人的味道，久而久之，猫咪就不那么怕生了。但在此过程中，铲屎官不能操之过急，尤其要注意当遇上陌生人，猫咪出现反应过大、甚至是情绪久久不能平静的情况时，铲屎官千万不要勉强猫咪。@站酷海洛,['软萌']
I01059001,雪国天使萨摩耶,http://wallpaper.cdn.pandora.xiaomi.com/thumbnail/webp/w1080/MiTv/03908492df147f902c727b02619cbafc3fe409036,CC01000021,萌宠,萨摩耶犬很聪明，学习东西很快，但程度也有很大差异，要注意不同情况区别对待。它的性情温和，对主人忠诚，适应性强。警惕，充满活力，待人友善，不保守，不胆怯，不多疑，只是进攻性不强。@视觉中国,['侧面', '萨摩耶', '宠物狗']
I01292960,猫咪夏季也要注意防晒,http://wallpaper.cdn.pandora.xiaomi.com/thumbnail/webp/w1350/MiTv/06b8e226ec253432093988fc4f8f211b10f72067c,CC01000021,萌宠,如果猫咪出现像狗一样伸舌头喘气，家长就要注意给猫咪降温了，这时候应该立即把猫咪转移到阴凉、干燥、通风的地方，以方便猫咪自身散热，同时还可以通过打湿皮肤或者冰块冰敷，来快速给猫咪降低体温。@锐景,['惬意', '小米精选']
I01071002,为什么说猫有九条命？,http://wallpaper.cdn.pandora.xiaomi.com/thumbnail/webp/w1080/MiTv/02bbb34991fca47df2b42240d09c5cd7ff5ad49e1,CC01000021,萌宠,中国神话传说中，猫有九条命，当猫养到九年后它就会长出一条尾巴，每九年长一条，一直长到九条，此后它们会化成人形，最终变成“九命猫妖”。@视觉中国,['大盆']
I01085631,猫咪的小秘密,http://wallpaper.cdn.pandora.xiaomi.com/thumbnail/webp/w1080/MiTv/0711dc521ff00419b26ebdbcf22c91a03cd789d38,CC01000021,萌宠,其实猫咪不止会发出“喵喵”的叫声，有时候还会出现各种奇怪的叫声，这是由于猫咪能够发出100多种声音，甚至有些发音，还特别像人类的语言。@视觉中国,[]
I01179339,养猫之后才懂的事情,http://wallpaper.cdn.pandora.xiaomi.com/thumbnail/webp/w1080/MiTv/0510652572933bae2b84a9a530f9f38b2e0425db1,CC01000021,萌宠,猫主子亲赐“毛衣、毛裤”。养猫之后你的衣服上永远粘有猫毛，在家里你像只大猫一样，浑身的衣服都裹满了猫毛，是实实在在的毛衣、毛裤啊！@视觉中国,['虎斑猫']
I01162000,从小美到大的猫猫,http://wallpaper.cdn.pandora.xiaomi.com/thumbnail/webp/w1080/MiTv/0ca46258b00f846fc2f37b9bc16192b98dbcac471,CC01000021,萌宠,猫咪的大眼睛也是颜值的保证，当它用圆溜溜的大眼睛看着你时，心都要萌化了。@图虫创意,[]
I01202688,猫咪的那些“传说”,http://wallpaper.cdn.pandora.xiaomi.com/thumbnail/webp/w1080/MiTv/020ec4ed90df0aef965886bf52bf0ddd9f641ebcf,CC01000021,萌宠,费利切特是一只奶牛猫，1963年入选了法国太空计划。她是从当地的宠物贩子那里买来的，后来被带到了培训机构，在那里她接受了未来太空任务的测试。@视觉中国,['传说']
I01045240,如何把仓鼠拍得很好看？,http://wallpaper.cdn.pandora.xiaomi.com/thumbnail/webp/w1080/MiTv/0b75e468ebcb5a6417515fb3f7fb974c1764070ed,CC01000021,萌宠,拍仓鼠，首当其冲的是速度。当仓鼠出现搞笑或稀奇的动作时一定要眼疾手快，此外，抓拍它的一举一动，还得有耐心。@视觉中国,['玩具', '圣诞节', '仓鼠']
I01221101,猫咪有哪些行为信号,http://wallpaper.cdn.pandora.xiaomi.com/thumbnail/webp/w1080/MiTv/0209f472efd63e602d5498c9c9bc03c6c90439c9b,CC01000021,萌宠,大家可以深入了解一下猫，猫不会轻易盯着一样东西看，更不会对着这样东西眨眼睛。猫咪盯着你看，然后慢慢闭上眼睛，再慢慢睁开眼睛，循环往复。猫咪对着你撒娇，才会做这样的动作！@拍信创意,['治愈', '灯饰', '大床', '小米精选']
I01230935,千万别给猫咪吃这些,http://wallpaper.cdn.pandora.xiaomi.com/thumbnail/webp/w1080/MiTv/0b3f5579e777d8bf16a514b8854c73a61e842e025,CC01000021,萌宠,牛奶的营养价值确实不低，但是这并不代表猫咪可以吸收得了，因为猫咪体内没有可以消化乳糖的酶，如果猫咪喝了牛奶，而消化不了的乳糖留在体内会造成猫咪消化不良、上吐下泻的不良情况。@米拍/如影ROMIN,['摄影', '喵星人']
I01235985,狗狗的忠诚从何而来,http://wallpaper.cdn.pandora.xiaomi.com/thumbnail/webp/w1080/MiTv/0b39b492d13d85e01cfc7e3f6bbc04439c4438e7d,CC01000021,萌宠,现在很多家庭都会养一只狗狗，这个时候我们会把更多的爱给予周围的伴侣性动物，而且狗狗跟我们也是比较亲密的一个动物，所以大家互相坦诚也就造成了狗狗忠诚于我们人。@米拍/喵喵萌,['摄影']
I01048860,生命漫谈,http://wallpaper.cdn.pandora.xiaomi.com/thumbnail/webp/w1080/MiTv/09a3054d88c474b93388776d855196f3bcf2227dd,CC01000021,萌宠,生命中最伟大的光辉不在于永不坠落，而是坠落后总能再度升起。我欣赏这种有弹性的生命状态，快乐地经历风雨，笑对人生。——曼德拉@视觉中国,['花丛']
I01305612,猫咪换毛的季节,http://wallpaper.cdn.pandora.xiaomi.com/thumbnail/webp/w1350/MiTv/03459dfab8ab54519bab3d68f8612110ca5979b59,CC01000021,萌宠,清理掉浮毛和已经脱落的毛，既可以梳通打结的毛、并且还能给猫咪起到按摩作用。无论猫咪是否外出，都要定期给猫做好驱虫工作。@500px/AMYWORKS赛猫摄影,['清新自然', '摄影', '好奇']
I01207118,想“撩”它不容易，小奶猫咋养？,http://wallpaper.cdn.pandora.xiaomi.com/thumbnail/webp/w1080/MiTv/0509b04ee27084d0408ae604a385cef33f17ab36a,CC01000021,萌宠,小奶猫本身就体弱，如果流浪时环境恶劣，那么一定要先检查一下，健康的小奶猫都是叫声洪亮四肢有力的。还需要观察眼、口、鼻的分泌物是否异常，如果出现任何不健康的状况，最好立即就医。@图虫创意,['奶猫']
I01285319,兔子的动作语言,http://wallpaper.cdn.pandora.xiaomi.com/thumbnail/webp/w1350/MiTv/0122cfdee3ff94a0f9c9e5103c7e2b98988f9527d,CC01000021,萌宠,兔子也会尽量把身体压低，这是代表它很紧张，觉得有危险接近，这时它就会尝试压低身子，避免被看到。@站酷海洛,['草坪', '兔子', '玩耍', '小米精选']
I01257872,猫咪最喜欢待的地方,http://wallpaper.cdn.pandora.xiaomi.com/thumbnail/webp/w1350/MiTv/059e64e19214d423e881e289cb80d03cbad4b85d6,CC01000021,萌宠,猫咪天生就比较胆小，一看到家里来陌生人容易紧张和有应激反应，就会待在桌子底下，这时候主人就要及时安抚它，平复猫咪内心的不安。@今日必看,['柜子', '小米精选']
I01235586,猫咪是冬日限定暖宝宝,http://wallpaper.cdn.pandora.xiaomi.com/thumbnail/webp/w1080/MiTv/0ce984ab442120aa958c9fc1fb1344c58b443ce36,CC01000021,萌宠,到了冬天，再高冷的猫咪都会主动求抱抱，而且赖在你怀里的时间持续打破纪录。遇到喵主子转性千万不要过于惊讶，其实它们只是觉得你怀里温暖而已。@视觉中国,[]
I01289533,狗狗不能吃的东西清单,http://wallpaper.cdn.pandora.xiaomi.com/thumbnail/webp/w1350/MiTv/041c50ef9b0544f72a1be6f74130a3b9573055c3c,CC01000021,萌宠,人的食物里有很多的添加剂，有的甚至对狗狗有毒性或者可能会造成狗狗的身体损伤。含盐量高的食物会导致狗狗毛发脱落严重，油腻的食物可能引起狗狗消化不良。很多花草植物对狗都是有毒性的。@图虫创意,[]
I01166584,猫咪的遗传学,http://wallpaper.cdn.pandora.xiaomi.com/thumbnail/webp/w1080/MiTv/0a3014d2273f70df74fd1d964eb1762b8564302f4,CC01000021,萌宠,由于公猫的性染色体Y不携带毛色基因，所以小公猫的毛色会更像猫妈妈。@图虫创意,['橘猫']
I01229729,猫咪的花式叫醒服务,http://wallpaper.cdn.pandora.xiaomi.com/thumbnail/webp/w1080/MiTv/0da7775c6add6421922ea99c14ec36ac627b56306,CC01000021,萌宠,有一些猫啊，霸道中带着一丝丝坏心眼。这些猫咪为了叫醒主人起床，不让铲屎官睡个好觉，干脆坐在主人的脸上。当猫咪坐在你的脸上时，那个瞬间，你会想到什么？@视觉中国,['蓝猫']
I01070703,“懒猫”打盹,http://wallpaper.cdn.pandora.xiaomi.com/thumbnail/webp/w1080/MiTv/007a92590f2104c013b4790663c643a491ec24b78,CC01000021,萌宠,很多人把猫咪称作为“懒猫”，主要原因就是因为猫咪爱睡觉吧。温暖的阳光下，猫咪幸福的打着小呼噜，连铲屎官看着都羡慕的不得了。@视觉中国,['睡觉']
I01278294,猫咪智商排行大揭秘,http://wallpaper.cdn.pandora.xiaomi.com/thumbnail/webp/w1350/MiTv/0e7f4aa1d46404efe868fb28c1e12cfc7a10787b3,CC01000021,萌宠,第一名：无毛猫。无毛猫是专门为对猫毛过敏的人繁殖的，这种猫虽外表吓人，但智商极高，服从性也很强，能听懂主人的命令。不过饲养这种猫有一点需要注意，那就是无毛猫因为没有毛发，所以怕冷怕晒，宠主在冬天一定要做好保暖工作，夏天做好防晒工作。@拍信创意,['小米精选']
I01250220,狗狗的碰鼻子礼仪,http://wallpaper.cdn.pandora.xiaomi.com/thumbnail/webp/w1350/MiTv/005df2f69acce4245b6fecda3ff2d58b72c5fcbff,CC01000021,萌宠,碰鼻子几乎是动物界通用的一种社交用语，大概的意思相当于人类之间的握手拥抱。猫碰鼻子的频率会比狗狗更加频繁。不过它们的碰鼻子不是一般意义上的碰鼻子，它们是想用两颊的腺体给对方留下气味和标记。@米拍/喵喵萌  ,['摄影']
I01220969,当代铲屎官的悲惨生活,http://wallpaper.cdn.pandora.xiaomi.com/thumbnail/webp/w1080/MiTv/0d6531584cc7a421e2cb530bdd3b3d2166668342a,CC01000021,萌宠,边境牧羊犬简称边牧，一直盘踞在狗狗智商榜的顶端，一只良好的牧羊犬，可以根据主人的口令和动作指令，来完成放牧的各项工作，但边牧的性格太过活跃，如果不是资深铲屎官，很难把边牧训练好，训练不好的话，边牧就会特别顽劣。@有料,['冷色调', '温暖', '草坪', '边牧', '宠物狗']
I01296659,为何猫咪不喜欢被抱,http://wallpaper.cdn.pandora.xiaomi.com/thumbnail/webp/w1350/MiTv/03762660bafc142508bec2daf6c0317a91c7265d6,CC01000021,萌宠,猫咪的感情是比较含蓄的，它不会像狗狗那样热情、直接，更不习惯有太亲密的接触。所以猫咪即便喜欢你，也会跟你保持一定的距离。所以它会安静地跟在你身边，但却不让你抱，这是猫咪可以接受的“社交距离”。@站酷海洛,['陪伴', '小米精选', '软萌']
I01372635,可爱之猫必有可爱之处,http://wallpaper.cdn.pandora.xiaomi.com/thumbnail/webp/w1350/MiTv/02c994e62abdc480e92e42cd45ae200fec627cff8,CC01000021,萌宠,猫咪虽然体型不大，但是它们很勇敢，有危险也会保护主人，而且有危险，它们会提醒你，养了猫也会让你安全感更高，有只猫陪伴，幸福感也高很多。@图虫创意,['治愈', '陪伴']
I01245436,狗狗秋冬如何保暖,http://wallpaper.cdn.pandora.xiaomi.com/thumbnail/webp/w1080/MiTv/01ee25c62c615ba005491f80feb82ee34a9419d95,CC01000021,萌宠,在冬天洗澡，是不需要洗得太频繁的。一般来说，春天和秋天比较清爽，可以两周洗一次。夏天可以三天洗一次，最好就是一周洗一次。冬天比较冷，可以延长到三周洗一次，洗完澡后记得要及时擦干，不然狗狗很容易冻生病哦。@有料,['蠢萌']
I01264260,把猫咪随便送养的后果,http://wallpaper.cdn.pandora.xiaomi.com/thumbnail/webp/w1350/MiTv/0fd6d85c3b969407f847308aa8c6acc49189b4902,CC01000021,萌宠,有的如果已经跟前主人建立起很深厚的感情，那么在它被送养后，很可能会离家出走去找自己的主人，最后就变成了流浪猫了。养猫就像养自己的孩子一样，不要随便抛弃它。@站酷海洛,[]
