I01260103,夏季吃“冰”有讲究,http://wallpaper.cdn.pandora.xiaomi.com/thumbnail/webp/w1350/MiTv/0d3802a7b4d0b4c1095834890d3884b35ccae8abf,CC00000009,美食,冷饮虽好，却多食无益。冰淇淋属于高糖分食品，且温度一般在0℃左右，然而人体正常体温为36.5℃左右。如此悬殊的温差会对肠胃造成很大刺激，稍不注意就会诱发健康问题，引起腹泻、肠炎等一系列症状。@锐景,['享受生活', '冰激凌', '夏天', '惬意']
I01206830,女生为啥喜欢吃冰淇淋,http://wallpaper.cdn.pandora.xiaomi.com/thumbnail/webp/w1080/MiTv/07e4a54cfb27dd7fb6e29dd9818393595804311b7,CC00000009,美食,女生都喜欢吃甜食，装修精美的冰淇淋店里，,冰淇淋五颜六色，看起来色彩缤纷，这对女孩子应该有很大的吸引力，或者说，女孩子完全没有抵抗力！@站酷海洛,['冰淇淋', '食品', '超级食物']
I01261745,不同星座的专属蛋糕,http://wallpaper.cdn.pandora.xiaomi.com/thumbnail/webp/w1350/MiTv/036018c58185f42398d4d94dcbadf9e51e5444308,CC00000009,美食,射手座热爱冒险、热爱旅行，似乎永远静不下来。他们是天生的乐观派、有进取心和幽默感，布朗尼蛋糕最能代表他们，这款家常蛋糕，送给亲爱的射手座！@米拍/摄影师摩子,['食品', '摄影', '小米精选']
I01208385,冰棍是夏天的灵魂,http://wallpaper.cdn.pandora.xiaomi.com/thumbnail/webp/w1080/MiTv/001c694494f2646681cdc0c6001dc9006a4a8a5c7,CC00000009,美食,在吃货面前，没有冰棍的夏天是没有灵魂的。用酸奶和新鲜水果自制冰棍，健康又美味。@视觉中国
,['酸奶', '芒果', '冰棍', '清凉']
I01206564,冰棍的趣味历史,http://wallpaper.cdn.pandora.xiaomi.com/thumbnail/webp/w1080/MiTv/0bca844839f0a61e5d9fc6049333663f4bf418705,CC00000009,美食,宋朝可能是最会吃冰的朝代了，上至皇帝下至百姓，每到夏天都会吃冰。一到夏天就会有专门贩卖冷饮的摊位，木制的“冰鉴”上面挂着“香饮子”的小旗子招揽生意。@图虫创意,['历史', '冰棍', '清凉', '小米精选']
I01202474,无从下口，来自午餐的“暴击”,http://wallpaper.cdn.pandora.xiaomi.com/thumbnail/webp/w1080/MiTv/05c7cb5c5d7ca44d9336f847dd81e211cec976ae1,CC00000009,美食,便当涉及到营养、美学、礼仪等，这是一种餐饮文化，我们每个人都可以从便当的制作和搭配中感知到饮食文化的神圣。当然了，好吃也是其中最重要的，毕竟妈妈的味道才是最可口的。@视觉中国,['食品', '午餐', '便当', '味道']
I01082613,世界各国的马卡龙,http://wallpaper.cdn.pandora.xiaomi.com/thumbnail/webp/w1080/MiTv/087fc34e39bc648660817da1ddab66ccb8929c832,CC00000009,美食,马卡龙在韩国十分流行。它在韩语中被叫做“makarong”。绿茶粉或绿茶可以被用来制作绿茶马卡龙。@视觉中国,['餐盘', '桌布', '马卡龙']
I01184942,造型各异的甜品,http://wallpaper.cdn.pandora.xiaomi.com/thumbnail/webp/w1080/MiTv/0cf2f04cef48a42872737ed2154da91695c7925ef,CC00000009,美食,高颜值草莓奶油蛋糕，娇艳欲滴的草莓搭配绵软的奶油，口感甜而不腻，吃到停不下来！@图虫创意,['糕点', '甜食']
I01232023,冬季到了，你可以吃这些！,http://wallpaper.cdn.pandora.xiaomi.com/thumbnail/webp/w1080/MiTv/0dd98c4b25e6f400416694c4f0a6f32f4282ce12e,CC00000009,美食,气温下降，脑子里总不时浮现「想来碗热热的汤」的想法，这时，来碗关东煮绝对是最幸福的事。不同的格子里盛着大小不一颜色各异的丸子或是蔬菜，而咕噜咕噜的煮沸声则暗示着让人期待的温度。@视觉中国,['冬天', '食品', '味道']
I01218437,仲夏的冰凉体验,http://wallpaper.cdn.pandora.xiaomi.com/thumbnail/webp/w1080/MiTv/0493d44c7985a1500c94b1397b4bca42202416c03,CC00000009,美食,夏日的黄昏仍是闷热,光影交替 柔光尽洒,有人在跑道上挥洒汗水,肆意青春,这时来一杯覆盘子奶昔，将凉意传递全身，满是喜悦。@有料,['奶昔', '覆盆子', '香甜', '糕点', '甜食']
I01200089,吃水果也有讲究,http://wallpaper.cdn.pandora.xiaomi.com/thumbnail/webp/w1080/MiTv/096fb41dd7b2de5b715176d67407d60e46c412975,CC00000009,美食,肠胃功能不好的老人和孩子，不太适合吃寒凉水果，如果真的很想吃，可以在午饭后、晚饭前，少吃一点，不可过量。@视觉中国,['酸奶', '玻璃杯', '树莓', '酸奶杯']
I01208384,冰棍是夏天的灵魂,http://wallpaper.cdn.pandora.xiaomi.com/thumbnail/webp/w1080/MiTv/071c64a492f46a66aecdc9c602adcc0565441c099,CC00000009,美食,炎炎夏日，没有什么比自己动手做的冰棍最能消暑的了。烈日下吃上一根树莓味冰棍，酸酸甜甜好滋味。@视觉中国
,['冰块', '树莓', '冰棍', '清凉']
I01256894,淋面酱蛋糕制作技巧,http://wallpaper.cdn.pandora.xiaomi.com/thumbnail/webp/w1350/MiTv/0fb6e0db5036f4b849059591fecb34c94c64523c0,CC00000009,美食,淋面的浓稠度一定要控制好，不可以太稠或太稀(太稠会导致淋面后流动性差，表皮过厚，不易于抹平，太稀会导致流动性强，不易于停留在慕斯表面。@米拍/Evelyn_,['食品', '摄影']
I01051091,浪漫CUPCAKE,http://wallpaper.cdn.pandora.xiaomi.com/thumbnail/webp/w1080/MiTv/05183f52475884a452bd3b04c56a5e7ed548e6211,CC00000009,美食,无须过分诠释少女心，只需寄情于草莓的芳香和奶油的绵滑。忙里偷闲，放飞好心情。@视觉中国,['杯子蛋糕', '少女心', '糕点', '甜食']
I01152027,春天和甜品更配,http://wallpaper.cdn.pandora.xiaomi.com/thumbnail/webp/w1080/MiTv/0fee975fa40b84e43221435e2aaa2970bc67a941f,CC00000009,美食,春天到了，又到了吃草莓的季节。这个季节是属于女孩子的，因为春天是少女的颜色。吃一个草莓蛋糕，空气中都弥漫着香甜的味道。@视觉中国,['杯子', '桌布', '叉子', '饮料', '食品']
I01374762,从冰式甜点中偷出夏天,http://wallpaper.cdn.pandora.xiaomi.com/thumbnail/webp/w1350/MiTv/08baf8f17812c443ba3aad62813caceb57dfe3119,CC00000009,美食,夏天的味道究竟该是怎样的？冰淇淋也许是无法被忽略的存在。冰淇淋直接指向了夏天中最能代表幸福的味道，就好像冰淇淋的口感，如此甜蜜、清凉、惬意。那种感觉，仿佛整个夏天都被一口冰淇淋所戏弄。@锐景,['可口', '棕色调', '冰淇淋', '木板']
I01255141,皇上居然好这口？,http://wallpaper.cdn.pandora.xiaomi.com/thumbnail/webp/w1350/MiTv/0b9d4c9c80c1d4477b6bbddc2d3a75ad8a56d1684,CC00000009,美食,一骑红尘“四爷”笑。时至今日，荔枝也是当季才能吃到的水果，但怎奈雍正皇帝爱吃呢？他曾在荔枝供的奏折上批复“朕甚是喜好吃荔枝”。他生怕进贡荔枝损害自己的名声，因此后文又写，“虽然如此，仅是水果而已…尽量少些，无需多捎。”@视觉中国,['清甜', '热带水果', '荔枝', '小米精选']
I01260879,喝水的误区，千万别犯！,http://wallpaper.cdn.pandora.xiaomi.com/thumbnail/webp/w1350/MiTv/01a6ecb99fe254e94aa86192bf6291fda6fd2b412,CC00000009,美食,每天喝水喝得越多就越好吗？非也，尽管水是人体必不可缺的重要物质，但是并非喝得越多越好，比如喝水过量会稀释体内电解质并加重肾脏的负担，引发晕眩、低血钠等水中毒症状，其实每人每日所需水量不同，不能单纯地认为喝得越多就越好。@视觉中国,['杯子', '保健', '小米精选']
I01167687,森系小甜蜜,http://wallpaper.cdn.pandora.xiaomi.com/thumbnail/webp/w1080/MiTv/093e2b45de1034d3116560d1721e76f105d1f192a,CC00000009,美食,森系蛋糕虽然装饰比较简单，内层的料可是一点也不马虎。层层的青柠味奶油夹着甜蜜的红豆，如果你喜欢口感丰富的蛋糕，这一款一定是你的爱。@图虫创意,['甜蜜', '清新自然', '青柠', '红豆', '糕点', '甜食']
I01051845,自制鲜果冰棍,http://wallpaper.cdn.pandora.xiaomi.com/thumbnail/webp/w1080/MiTv/0283c4597c6696304fb28a083ef44ad4b15411732,CC00000009,美食,值得一提的是，制作冰棍前还要将各种用具容器做个简单的消毒处理，如煮一下或烫一遍。制作冷饮的人双手也要清洗干净，中途记得常洗手。@视觉中国,['夏天', '冰棍', '消暑', '糕点', '香橙', '甜食']
I01218477,夏天和冰饮谈场恋爱吧,http://wallpaper.cdn.pandora.xiaomi.com/thumbnail/webp/w1080/MiTv/000c1410d1df9b4ac85c89be68c27e8d386412599,CC00000009,美食,困难或许不能让你倒下，但困意一定能让你趴下。困的时候来杯柠檬樱桃茶吧，只要一口，让你只想感叹一句：这酸倍爽！@有料,['柠檬', '樱桃', '柠檬汁', '冰凉', '酸爽', '解暑']
I01206565,冰棍的趣味历史,http://wallpaper.cdn.pandora.xiaomi.com/thumbnail/webp/w1080/MiTv/0bca844839f0a61e5f9fc8049d33613f4cf418705,CC00000009,美食,元世祖忽必烈时代，皇宫中有了类似冰激凌的食品，叫做冰酪。为了保守美味的秘密，元朝统治者禁止王室以外的人制作冰酪。@图虫创意,['历史', '清新自然', '猕猴桃', '冰棍', '清凉']
I01208386,冰棍是夏天的灵魂,http://wallpaper.cdn.pandora.xiaomi.com/thumbnail/webp/w1080/MiTv/071c64a492f46966a6cdc5c60badca0567441c099,CC00000009,美食,家有萌娃的话，可以将冰棍做成各种有趣的样子，大大提升了品尝时的幸福度。@视觉中国,['柠檬', '雪糕', '冰棍', '清凉']
I01294219,pick你最爱的夏季冷饮,http://wallpaper.cdn.pandora.xiaomi.com/thumbnail/webp/w1350/MiTv/0e0e0fa30e5654d3c96fa4e70fcfbbf7e79bed48b,CC00000009,美食,冰冻的果汁是夏季的绝妙搭档，闷热的天气里，来上一口酸甜可口的果汁，感受Q弹的果肉在嘴里跳舞的快乐。@有料,['可口', '粉嫩', '西柚', '诱人', '小米精选']
I01102851,令人幸福感爆棚的美食,http://wallpaper.cdn.pandora.xiaomi.com/thumbnail/webp/w1080/MiTv/01bf5583cdf8b4ed9859cddc26e371cb12941048e,CC00000009,美食,饭后来一个美味的巧克力甜点，上面还有白巧克力酱，非常香甜丝滑，让人里里外外都能感觉到幸福。@图虫创意,['餐具', '糕点', '甜食']
I01208388,冰棍是夏天的灵魂,http://wallpaper.cdn.pandora.xiaomi.com/thumbnail/webp/w1080/MiTv/081c694494f2646691cdc1c6001dc9036a4afa5c7,CC00000009,美食,冰棍解渴又不腻，醇厚浓郁的奶香，是停不下来的美味。它缤纷的外表下是透心凉的内心，这绝对就是夏天的味道。@视觉中国
,['冰块', '冰棍', '清凉']
I01373714,夏季消暑食物有哪些,http://wallpaper.cdn.pandora.xiaomi.com/thumbnail/webp/w1350/MiTv/043168ea1c6844f539905957786ac4ea5facc75e0,CC00000009,美食,夏季水果那么多，哪一种可以消暑呢？橙子，不仅可以消暑，还能让你在炎炎夏日中，越吃越白哦！在夏天出门前，最好吃一些橙子，可避免皮肤受到日光伤害，快去试试吧！@站酷海洛,['杯子', '橙汁', '橙子', '桌面']
I01256427,唯冰淇淋与爱不可辜负,http://wallpaper.cdn.pandora.xiaomi.com/thumbnail/webp/w1350/MiTv/05794ce99e3b1460a962c9029ed0befabf24e33fc,CC00000009,美食,一勺冰淇淋便能激活大脑内的“快乐”区域。当你吃了 冰淇淋之后感到心情放松愉悦这并非仅仅 是心理作用，而是生理.上的条件反射。所以，以后又多了一个宠 爱自己吃冰淇淋的理由啦!@米拍/吃吃FoTo,['冰淇淋', '食品', '摄影', '糕点', '甜食']
I01217630,冰淇淋 冰激凌一样吗,http://wallpaper.cdn.pandora.xiaomi.com/thumbnail/webp/w1080/MiTv/0534f478c25ccd004c53425971bf5dfe10443e1c2,CC00000009,美食,口感上有区别，从字面意思来看冰激凌含有更多水分，有着和冰淇淋相似的口味，但又有着冰棍的清凉口感。而冰淇淋为了保证奶油的香气和绵柔的口感，要求含水量不能高于35%。@有料,['冰淇淋', '食品', '抹茶', '清凉', '糕点', '甜食']
I01187550,高颜值春日樱花美食,http://wallpaper.cdn.pandora.xiaomi.com/thumbnail/webp/w1080/MiTv/099f743b634fde686bf22b6d01b82773d8f41c4f2,CC00000009,美食,日本和果子做工精美，有“工艺果子”之称。它的造型多以花草为主，尤其是樱花，许多和果子的灵感都来源于此。日本和果子汇集着果子匠人的敬畏之心。和果子粉嫩的颜色，光是看着就已经叫食客大饱眼福了。@图虫创意,['优美', '樱花', '糕点', '和果子', '甜食', '小米精选']
I01219603,吃了不怕胖？如何挑选健康奶油！,http://wallpaper.cdn.pandora.xiaomi.com/thumbnail/webp/w1080/MiTv/0009fb42e0d83460b35492c9ccac09c5c7620b692,CC00000009,美食,一般常见的奶油就是所谓的动物性奶油、鲜奶油，将乳脂肪快速搅拌、离心，藉着油水比重不同分离出液体奶油，再经压缩加工後制成固状奶油。动物性奶油分为无盐与有盐，鲜奶油则没有味道，适用於各种料理。@视觉中国,['食品', '味道']
I01294722,夏日解乏无忧水,http://wallpaper.cdn.pandora.xiaomi.com/thumbnail/webp/w1350/MiTv/0028031bd7ec44244891f25fd47e44c3c3f02155d,CC00000009,美食,酷暑时节，夏日炎炎，走在路上亦或休闲娱乐时，来一杯好喝的葡萄柚汁，是个相当不错的选择哦！葡萄柚汁作为日常健康饮食，不仅消暑解渴，还含有丰富的维生素C和钾。@有料,['可口', '夏天', '饮料', '清凉']
I01217634,色彩缤纷的甜品,http://wallpaper.cdn.pandora.xiaomi.com/thumbnail/webp/w1080/MiTv/0d34f248c455c40083534b5971af5cf517c40bee5,CC00000009,美食,草莓奶油蛋糕是非常有女生气息的甜品，它洋溢着青春的感觉，娇艳可爱，少女心爆棚。@视觉中国,['食品', '糕点', '甜食']
I01206566,冰棍的趣味历史,http://wallpaper.cdn.pandora.xiaomi.com/thumbnail/webp/w1080/MiTv/0bca844839f0a51e529fce0493336f3f46f418705,CC00000009,美食,13世纪，意大利旅行家马可·波罗离华回国前，元世祖让人把“冰酪”的制作方法教给他。马可·波罗回去后，又把这种制作配方传给了意大利王室。@图虫创意,['历史', '清新自然', '柠檬', '冰棍', '清凉', '小米精选']
I01234496,如何健康地吃甜品,http://wallpaper.cdn.pandora.xiaomi.com/thumbnail/webp/w1080/MiTv/0eaf5355b403d46372ebae688b499573ab4189c87,CC00000009,美食,抗糖化食物。多吃蒜头、姜、小茴香、迷迭香、肉桂、鱼腥草、葡萄叶等天然香料花草，有助减少糖化反应。@图虫创意,['棕色调', '饼干', '糕点', '甜食']
I01152029,春天和甜品更配,http://wallpaper.cdn.pandora.xiaomi.com/thumbnail/webp/w1080/MiTv/0fee95cfab0683e475214e5e229a2774b14421a97,CC00000009,美食,春季是一个让人慵懒的季节，在一个阳光的午后吃一个美味的马卡龙加上一杯咖啡，是多么美妙的选择。@视觉中国,['餐盘', '马卡龙', '食品', '心形', '糕点', '甜食']
I01370365,夏天的味道 吃一口才知道,http://wallpaper.cdn.pandora.xiaomi.com/thumbnail/webp/w1350/MiTv/02347c1fa211b41118bb5491607a3b685e1925933,CC00000009,美食,舒芙蕾最好吃的那一口，一定是刚上桌时迫不及待的第一勺，柔软香脆的松饼和清爽的草莓，一口让你融化在果香里，松软绵密的内里，瞬间唤起清新活力，新鲜香软的口感同样令人难以忘怀。@锐景,['享受生活', '惬意', '诱人', '舒芙蕾']
I01218438,舌尖上的仲夏,http://wallpaper.cdn.pandora.xiaomi.com/thumbnail/webp/w1080/MiTv/000c1410dadf924ac65c85be69c27b8d366412599,CC00000009,美食,晚霞笼罩着门外的远山,伴着夏日晚风的慵懒,似覆盘子与芒果的香甜,构成了这一杯香草嘉籽布丁,即使灯影斑驳,也仍是香气四溢，沁人心脾。@有料,['夏天', '食品', '布丁', '糕点', '甜食', '小米精选']
I01294938,夏天不容错过的西瓜饮品,http://wallpaper.cdn.pandora.xiaomi.com/thumbnail/webp/w1350/MiTv/03cdc5bf43046412c9c39c2f16091b9d7e381027c,CC00000009,美食,夏日有三宝：冰镇西瓜、WiFi和空调。舒适安逸地待在空调下，抱着刚从冰箱拿出来的西瓜，看着电视，用勺子从中间挖上一口放到嘴里，原来炎炎夏日，你离幸福只差一个西瓜。@锐景,['享受生活', '清新自然', '夏天', '惬意', '西瓜']
I01203289,酸酸甜甜就是你,http://wallpaper.cdn.pandora.xiaomi.com/thumbnail/webp/w1080/MiTv/0578c52c78030cf55238cf228b0cae4f5d942d36f,CC00000009,美食,草莓气泡水，一杯粉红色的饮料，瞬间让你心情愉快。草莓的香甜搭配气泡水的口感，清新爽口，喝一口让你有恋爱的感觉，一整天都像草莓一样甜。@有料,['可口', '爽口', '清凉', '气泡水']
I01198386,空腹不要这样吃,http://wallpaper.cdn.pandora.xiaomi.com/thumbnail/webp/w1080/MiTv/0e3625af2e7c04a39ac4fb9ae8586c3aa8b4042b1,CC00000009,美食,空腹吃刺激性强的食物，如冷饮、辛辣油腻的食物时，胃黏膜和肠壁会受到破坏，造成直接的损伤，诱发肠胃疾病。@视觉中国,['冰爽', '饮料', '清凉']
I01183537,你在找这块蛋糕,http://wallpaper.cdn.pandora.xiaomi.com/thumbnail/webp/w1080/MiTv/014b9159460e242661e186b396ba82d0a7fef97be,CC00000009,美食,清爽的水果配上奶油，绝对是黄金组合。果酱与鲜果负责变幻不同的口感，来上一点，入口即化，清爽娇嫩，淡淡的甜带给你味蕾上超清新的体验。@有料,['清爽', '木板', '娇嫩', '糕点', '甜食', '浆果']
I01261744,不同星座的专属蛋糕,http://wallpaper.cdn.pandora.xiaomi.com/thumbnail/webp/w1350/MiTv/0c9dafaa59ea845cc8911319450d0c9ee0c619b3b,CC00000009,美食,巨蟹座，她们把母性的本质发挥到了极限。她们自己担起坚强的角色，把柔软和浪漫留给在乎的人。经典的法国花式小蛋糕，是表达爱意的甜蜜载体，小小的却充满温暖。@米拍/摄影师摩子,['摄影', '小米精选']
I01254196,为什么会对甜食上瘾？,http://wallpaper.cdn.pandora.xiaomi.com/thumbnail/webp/w1350/MiTv/0d4a649c58b455844d13688be2613a2cb52432ecf,CC00000009,美食,甜食中富含大量的糖分，人在品尝甜食后，会分泌大量的多巴胺，多巴胺可以不断地被吸收和溶解，进而刺激人体神经，使人感到兴奋。这就是为什么有很多人喜欢吃甜食了@图虫创意,['冷色调', '餐盘', '茶杯', '马卡龙', '糕点', '摆盘', '甜食', '小米精选']
I01258013,茉莉花全身都是宝,http://wallpaper.cdn.pandora.xiaomi.com/thumbnail/webp/w1350/MiTv/06d7f9ced7fe6475b8dc72606e2d135542489372c,CC00000009,美食,茉莉花茶，可以四季皆留住这青绿气息。成都人爱茶，千百年来的“茶馆文化”深入骨髓，而“花香不掩茶香”的“茉莉花茶”无疑集万千宠爱于一身。点上一壶茉莉花茶，细细品味，悠然自得，十分惬意。@米拍/杂_质铺  ,['茶叶', '清爽', '摄影', '茉莉花', '小米精选']
I01171608,恋上莓果蛋糕,http://wallpaper.cdn.pandora.xiaomi.com/thumbnail/webp/w1080/MiTv/0d4a32494c953499d046b2cbcfa67c4ee19716398,CC00000009,美食,有了莓果的加入，普通的奶油蛋糕也如同春天一般，清新而富有生机，让你一看就充满了食欲。@图虫创意,['甜蜜', '桑葚', '糕点', '甜食']
I01171111,巧做绵密蛋糕卷,http://wallpaper.cdn.pandora.xiaomi.com/thumbnail/webp/w1080/MiTv/084a3419469938997146b4cbce667943e5c409fc2,CC00000009,美食,如果你想做出口感湿润绵密的蛋糕卷，在打发蛋白时要注意打发程度。如果蛋白打发不够，没有足够的支撑力，烤好的蛋糕容易回缩塌陷。@图虫创意,['甜蜜', '松软', '糕点', '甜食', '瑞士卷']
I01297078,《梦华录》同款古式糕点,http://wallpaper.cdn.pandora.xiaomi.com/thumbnail/webp/w1350/MiTv/0f10f228ab27f4431b81e7f288ff702edc0e3e216,CC00000009,美食,人类的历史一直伴随着烹饪演化的进程，那些曾在时光中留下匆匆脚步的食物，或许依然存留世间的某个角落。从火的独特运用，到器具的出现；从地域性口味的融合，到饮食风尚的流变。滚滚红尘中，中国人用食物感知世界，也从食物中窥见过往。@有料,['可口', '中式', '食品', '诱人', '糕点', '甜食', '中式点心']
I01372927,人生在世 吃喝二字,http://wallpaper.cdn.pandora.xiaomi.com/thumbnail/webp/w1350/MiTv/0375f96594dc14d2a9186d84e16acb21c853909ba,CC00000009,美食,每天的早餐，就像是人生美好的开始，它可以给我们带来无限的力量和动力。美味的小蛋糕配上一杯浓郁的牛奶，就像是天上的云朵和阳光的交织，轻松愉悦地满足了我们的胃口以及幸福感。@锐景,['牛奶', '惬意', '瓶子', '糕点', '甜食']
I01263259,方便面，吃多了会怎样？,http://wallpaper.cdn.pandora.xiaomi.com/thumbnail/webp/w1350/MiTv/0dc5749bba8b8407193dad29f7538a91ace84a4cb,CC00000009,美食,长期进食方便面容易引发肥胖，因为方便面属于油炸食物，其热量比较高，长期大量进食方便面有可能会摄入过多的热量导致肥胖明显，在体重发生变化时带来的负面影响显著。因此，想要控制好体重，防止肥胖这种现象产生，最重要的就是少吃方便面，选择其他健康的食品获取营养。@视觉中国,['食品', '方便面', '味道']
I01231420,挡不住的美食诱惑,http://wallpaper.cdn.pandora.xiaomi.com/thumbnail/webp/w1080/MiTv/0f7ea4be1b0c4b631db3266cec3ed3995d641b75e,CC00000009,美食,酥脆的皮，香甜的馅，这款双层奶油大泡芙，真是令人心动。同时挤入了两层奶油爆浆，一层香缇抹茶奶油，一层卡士达奶油，滋味香醇，口感顺滑，恨不得一口一个吞下去。@有料,['可口', '泡芙', '糕点', '香浓', '手指泡芙', '泡芙小姐', '甜食']
I01218478,夏天和冰饮谈场恋爱吧,http://wallpaper.cdn.pandora.xiaomi.com/thumbnail/webp/w1080/MiTv/040c1940d6d1944aa15c80be6542798531fc4cd20,CC00000009,美食,夏天这么长，一定要找个会挑西瓜的人在一起。和他一起，就有了吃不完的西瓜沙冰。@有料,['甜香', '清甜', '食品', '西瓜', '冰凉', '解暑']
I01215575,美食切莫辜负,http://wallpaper.cdn.pandora.xiaomi.com/thumbnail/webp/w1080/MiTv/0a94d4883df7472a0c1e194fe6884beea7041a12f,CC00000009,美食,美食是口腹之欲，是舌尖享受。酸甜苦辣咸，是美食之味，也是人生之味。记忆会欺骗你，但味蕾不会，这世间，也只有爱与美食不可辜负了吧。@锐景,['享受生活', '惬意', '食品', '麦片']
I01212339,饮料旺季,http://wallpaper.cdn.pandora.xiaomi.com/thumbnail/webp/w1080/MiTv/0f6b150fb3284322b50b9fc9d35cb517a854355af,CC00000009,美食,夏至气温逐渐升高，空气中弥漫着热浪，热的让人踹不过气来。来一杯冰凉的果饮，惬意，也是治愈。@米拍/LiiM,['夏天', '饮料', '摄影', '西柚']
I01370369,教你健康吃粽子,http://wallpaper.cdn.pandora.xiaomi.com/thumbnail/webp/w1350/MiTv/0903a193e69f644bfb7447521023cc5dd1d03ae68,CC00000009,美食,糯米本身以及其中的馅料，不论是豆类还是肉类或者蛋黄类，如果没有充分蒸熟热透，不但口感不佳，还难以消化。@视觉中国,['食品', '粽子', '主食', '饮食文化']
I01289739,如何自制夏日冷饮,http://wallpaper.cdn.pandora.xiaomi.com/thumbnail/webp/w1350/MiTv/0bc5c6addaf6c4aba98d84ecb4ef16d8556af609b,CC00000009,美食,水果鸡尾酒的制作方法非常简单。大家只需要买几瓶自己喜欢的鸡尾酒，然后将其中的一瓶冷藏，另一瓶做成正方形的冰块，然后在玻璃杯中加入制作好的冰块以及切好的水果，最后倒入冷藏后的鸡尾酒即可。@站酷海洛,['薄荷', '夏天', '冰爽']
I01203272,面食的吸引力,http://wallpaper.cdn.pandora.xiaomi.com/thumbnail/webp/w1080/MiTv/07e4a44cf427d07fb4e29ed9898392595704311b7,CC00000009,美食,从膳食结构角度看，饺子的馅料都包在面皮中，可以做到谷类与菜果、肉类的适宜组合，使主副食搭配合理，营养丰富并酸碱平衡，膳食宝塔形结构。@视觉中国,['食品', '饺子', '面食', '味道']
I01373424,哪些水果用来泡水更好喝呢,http://wallpaper.cdn.pandora.xiaomi.com/thumbnail/webp/w1350/MiTv/0197b57cbb36048d89b3f347beddb2e0d1fb7d19e,CC00000009,美食,用冷冻的草莓来泡水，你有尝试过吗？冷冻后的草莓保留了原始的味道，就连汁水也被快速锁住了。在泡水时，草莓如同一颗颗红宝石一样沉入冰水当中，与冰块起舞，喝上一口，所有烦恼都抛之脑后，只想畅游在草莓的世界里。@站酷海洛,['杯子', '冰块', '桌面']
I01211716,一日三餐，你经常不吃哪一餐？,http://wallpaper.cdn.pandora.xiaomi.com/thumbnail/webp/w1080/MiTv/0111f84415154420e10ce87bebc156e3cef32c523,CC00000009,美食,早餐最佳时间段 7：00-8：30 作为一天中第一次进餐，早餐非常重要。人体存储的能量在经过一晚上自然消耗，需要从新在食物中摄取，所以，早餐要注重食物的质量，尽量多吃蛋白质丰富和碳水化合物丰富的食物，同时要避免高热量和油炸食物。@视觉中国,['食品']
I01209761,夏天露肉，少喝这些就不肥了,http://wallpaper.cdn.pandora.xiaomi.com/thumbnail/webp/w1080/MiTv/07fdf5c49d0eb664386a447b093c36ebc0e40a2ab,CC00000009,美食,奶茶虽好喝，但是喝多是真的会发胖的，奶茶里有一种重要成分叫椰子油，椰子油含有大量的脂肪饱和酸，奶茶本就是高糖，高油，高热量的饮品，当这些物质摄入过多的话很容易就会导致脂肪堆积，因而身体迅速发胖。@视觉中国,['甜蜜', '减肥', '夏天', '奶茶']
I01374916,不能错过的夏季神仙冷饮,http://wallpaper.cdn.pandora.xiaomi.com/thumbnail/webp/w1350/MiTv/06f67de4137c6400eb1ab9546ad1e2e412efc78ec,CC00000009,美食,如果你是巧克力爱好者，那么巧克力奶油冷饮绝对是你的不二之选。浓郁的巧克力与柔滑的奶油相互融合，带给你丝丝甜蜜的享受。这款冷饮不仅满足了你对巧克力的渴望，还给予你一种冰凉的口感，犹如在舌尖上跳跃的小精灵，令人陶醉其中。@锐景,['享受生活', '冰激凌', '棕色调', '夏天']
I01218400,拯救夏天计划,http://wallpaper.cdn.pandora.xiaomi.com/thumbnail/webp/w1080/MiTv/0434f248c45bc400e353425971ff5cf517c47bee5,CC00000009,美食,炎炎夏日，来一份冰爽的冰激凌，一口下去，从头凉到脚，夏天的烦闷都好像被一扫而空了。@视觉中国,['冰激凌', '食品', '清凉']
I01199644,这是什么神仙饮品,http://wallpaper.cdn.pandora.xiaomi.com/thumbnail/webp/w1080/MiTv/0ce5b50620a2b72d8c6fd5af3aa23a7fc58433da8,CC00000009,美食,桃子苏打水，粉嘟嘟，白里透红，就像水蜜桃一样，饮品界的颜值担当。征服你的不止有好看的颜值还有超赞的口感哦。水水嫩嫩的粉红果汁，沁爽口感搭配白桃的迷人香甜。果味饮品“醉”是心爱，一口浓浓白桃满溢留香，冰镇桃饮口感更是难忘！@有料,['杯子', '可口', '爽口', '杂志', '清凉', '桃子', '苏打水']
I01231424,美食背后的小故事,http://wallpaper.cdn.pandora.xiaomi.com/thumbnail/webp/w1080/MiTv/06107424125d2d3eea7c934cf4f210dae4d40fdfe,CC00000009,美食,一个在法国农场主的女儿看上了一个放牧的小伙子，但是他们的爱情被父亲发现。最后，父亲要求他们把“牛奶装到蛋里面”，于是聪明的小伙子和姑娘在做出了一种点心赢得了农场主的认可。@图虫创意,['可口', '爽口', '奶昔']
I01218440,舌尖上的仲夏,http://wallpaper.cdn.pandora.xiaomi.com/thumbnail/webp/w1080/MiTv/000c1410dadf944acf5c84be69c27a8d376412599,CC00000009,美食,一款螺旋藻绿沙冰可谓是赚足了眼球，它会是什么味道呢？清新薄荷绿的螺旋藻绿沙冰入口冰爽清甜，没有一点藻腥味。螺旋藻富含蛋白质，提供了全天所需的优质营养，将其融入到沙冰中，口感更好，味道更佳。@有料,['清新自然', '沙冰', '夏天', '食品', '小米精选']
I01202444,是夏天的味道啊,http://wallpaper.cdn.pandora.xiaomi.com/thumbnail/webp/w1080/MiTv/01c7c5ec537ca24d9e36f547dc61ee1acdd43ed2b,CC00000009,美食,闷热的夏天最是让人心烦，这时候最适合来一杯冰冰凉的饮品了。醇香浓厚的酸奶，遇上芳香满溢的芒果；鲜嫩欲滴的车厘子，配上清新酸爽的柠檬果肉。多重口感在口腔里汇聚，这就是夏季的味道呀~@锐景,['酸奶', '夏天', '清爽', '车厘子']
I00011910,时尚早餐,http://wallpaper.cdn.pandora.xiaomi.com/thumbnail/webp/w1080/MiTv/09698495a0fc367ee6d684d39680b1b02f2434583,CC00000009,美食,早餐是一天活力的开始，但很多人都觉得弄早餐很麻烦而懒得去做，殊不知，只需要一片面包，就能随心所欲搭配出任性美味。@视觉中国,['酱汁']
I01184944,造型各异的甜品,http://wallpaper.cdn.pandora.xiaomi.com/thumbnail/webp/w1080/MiTv/0ff2f45ce84ca7287b737bd2102da21594f42e590,CC00000009,美食,温暖治愈系的苹果肉桂卷，带有肉桂特有香味，会给你不一样的味蕾体验！@图虫创意,['苹果', '糕点', '甜食']
I01232024,冬季到了，你可以吃这些！,http://wallpaper.cdn.pandora.xiaomi.com/thumbnail/webp/w1080/MiTv/04e67f4419980469828f33ef5f5a58fe07a41f764,CC00000009,美食,羊肉是温热性的食物，冬天吃羊肉可以提高身体免疫力、御寒抗病，可以说是最适合冬天食用的肉类食物。羊肉中含有丰富的蛋白质和维生素，多吃羊肉，能够补充身体所需的营养，而且不容易让人身体发胖。@视觉中国,['羊肉', '食品', '味道']
I01374766,何以解暑 唯有吃“冰”,http://wallpaper.cdn.pandora.xiaomi.com/thumbnail/webp/w1350/MiTv/00f905bb85d34436b9ebd680f19be29a63ab6a9b4,CC00000009,美食,吃一口冰淇淋，像是在吃着夏日的气息。渐渐融化在嘴中的柔和口感，仿佛回到了那个纯真的年代。拿在手中的冰淇淋棒，带着清香，抹在嘴唇上，所呈现的甜蜜滋味，简直是对口感的一次极致的享受。每一丝冰爽，转瞬即逝，化为满前味蕾留下满足的微笑。@锐景,['灰色调', '杯子', '冰淇淋']
I01186695,自制创意美味饮品,http://wallpaper.cdn.pandora.xiaomi.com/thumbnail/webp/w1080/MiTv/060c8b52fc4ad417421214a6e2ae9d067a2767d38,CC00000009,美食,新鲜饱满的红柚，入口时并不是铺天盖地的甜，反而夹杂着微微的酸和淡淡的苦，自然清爽。超高颜值的宝石红横切面，粒粒爆汁、回味甘甜，无比美味。@视觉中国,['清新自然', '餐具', '西柚']
I01082616,世界各国的马卡龙,http://wallpaper.cdn.pandora.xiaomi.com/thumbnail/webp/w1080/MiTv/027fc48e3cb967862d817ea1d7cb6cc8b69403d63,CC00000009,美食,马卡龙在日本被叫做“makaron”，也是一种流行的糕点。有一种版本也叫马卡龙，但是用花生粉代替了杏仁粉，是和菓子口味的，在日本广泛流行。@视觉中国,['马卡龙', '食品', '糕点', '甜食']
I01174508,清新抹茶蛋糕卷,http://wallpaper.cdn.pandora.xiaomi.com/thumbnail/webp/w1080/MiTv/0f492d41f116544283855c4d4c178e34f639dd672,CC00000009,美食,抹茶蛋糕卷不仅造型清新诱人，口味也非常令人着迷。你轻轻咬上一口，清新的香气会在整个口腔中弥漫开来，回味无穷。@图虫创意,['清新自然', '柠檬', '抹茶', '糕点', '甜食']
I01231425,美食背后的小故事,http://wallpaper.cdn.pandora.xiaomi.com/thumbnail/webp/w1080/MiTv/08107e441d52243ed07c984cfd121fdbe2de4faf6,CC00000009,美食,据说有个老嬷嬷在做巧克力蛋糕的时候，心里思念着在远方的孩子，于是忘了先打发奶油，结果这样做出的蛋糕却意外的湿润绵密。于是，这个可爱的错误让布朗尼成为现在美国家庭最具代表的蛋糕。@图虫创意,['可口', '香甜']
I01218439,仲夏的冰凉体验,http://wallpaper.cdn.pandora.xiaomi.com/thumbnail/webp/w1080/MiTv/000c1410dadf954ac95c87be60c2788d386412599,CC00000009,美食,一口柠檬的酸涩，一口奶酪的微酸，外加芒果浓蜜的香气，像极了那年夏日的初恋，让人那么害羞，却又那么地想大胆告白。@有料,['酸奶', '牛奶', '芒果', '奶昔', '食品', '芒果布丁']
I01082618,世界各国的马卡龙,http://wallpaper.cdn.pandora.xiaomi.com/thumbnail/webp/w1080/MiTv/0f7fc34e39bc6486708174a1dd8b66cbb8925c832,CC00000009,美食,在澳大利亚，Adriano Zumbo连同电视剧《我要做厨神》，一同见证了马卡龙如何成为了一道广受欢迎的甜品，它现在被麦当劳放在McCafe的出口处销售。@视觉中国,['餐盘', '马卡龙', '食品', '糕点', '甜食']
I01048356,早餐搭配甜品可助减肥,http://wallpaper.cdn.pandora.xiaomi.com/thumbnail/webp/w1080/MiTv/0815456a7ea361ba035b9f1dee9d2334d9f40d4d9,CC00000009,美食,以色列科学家为正在苦于减肥的人们带来一个好消息：研究发现，享用丰富早餐时顺带吃点甜品原来有助减肥，并可让减肥效果变得更持久。@视觉中国,['高热量', '杯子蛋糕', '糕点', '甜食']
I01262181,吃早餐也有窍门,http://wallpaper.cdn.pandora.xiaomi.com/thumbnail/webp/w1350/MiTv/001ee6c829959460d8f3378a9cb334026afd84b62,CC00000009,美食,由于胃肠活动会使身体设定生物钟，所以起床后可以喝点苏打水、生姜红茶，或味增汤，让肠胃从休息的状态苏醒过来即可。@视觉中国,['食品']
I01210799,清香微苦的抹茶千层,http://wallpaper.cdn.pandora.xiaomi.com/thumbnail/webp/w1080/MiTv/07fdf4c4980eb364366a417b053c32ebc0e40a2ab,CC00000009,美食,抹茶是日本茶道中粉状的绿茶，凭借治愈的颜色和独特的香味，成功在甜品界站稳了脚跟。抹茶千层入口微苦，回味甘甜，非常受女生们的喜爱。@图虫创意,['抹茶', '糕点', '甜食']
I01206419,饭后想吃这些？有品位啊！,http://wallpaper.cdn.pandora.xiaomi.com/thumbnail/webp/w1080/MiTv/04d3184ea95584ce62aa4d820d2e8c54d4321010a,CC00000009,美食,山楂的营养丰富，含有多种的维生素、山楂酸、酒石酸、柠檬酸、苹果酸等，还含有类黄酮、内酯、糖类、蛋白质、脂肪和钙、磷、铁等矿物质，最让减肥的朋友惊喜的是山楂含的酯酶，能够促进脂肪类食物的消化，把体内让人长肥肉的食物通通刮掉。@视觉中国,['夏天', '食品', '山楂', '味道']
I01291814,冰淇淋竟有这么多好处,http://wallpaper.cdn.pandora.xiaomi.com/thumbnail/webp/w1350/MiTv/0c63e67b5cf854a5b9ed84efebd8fc015a1d2cadc,CC00000009,美食,冰淇淋的低温，能让大脑皮层的神经细胞，处在比较兴奋的状态。可以帮助食用者缓解疲倦，同时集中注意力，提高大脑的专注度和工作效率。@有料

,['可口', '凉爽', '夏天', '冰淇淋', '清凉']
I01276686,来一杯咖啡,http://wallpaper.cdn.pandora.xiaomi.com/thumbnail/webp/w1350/MiTv/072514054aaeb4c48b9088af9205265dba3c3921a,CC00000009,美食,咖啡能够促进身体的新陈代谢，因为咖啡可以刺激中枢神经系统，就会让人体的新陈代谢加快，有一定的减肥效果。@圈子,['浅色调', '毛衣', '书籍', '书本', '安逸', '满天星']
I01232025,冬季到了，你可以吃这些！,http://wallpaper.cdn.pandora.xiaomi.com/thumbnail/webp/w1080/MiTv/0cd98c4b25e6f40061669cc4f0e6f32c42826e12e,CC00000009,美食,香甜味美的栗子，是秋冬非常受欢迎的零食，含有糖类、矿物质等丰富的营养成分。栗子是属于温性的食物，所以它是具有养胃的好处的，而且栗子的补肾效果也是非常的棒的。@视觉中国,['食品', '栗子', '味道']
I01217236,鲜榨果汁真的有营养吗,http://wallpaper.cdn.pandora.xiaomi.com/thumbnail/webp/w1080/MiTv/0cb2d9502fa7e402c01d5d9315486c89a4b671c89,CC00000009,美食,人们喝果汁大多是因为觉得有营养，而且好喝。许多人认为果汁可以代替水果，特别是应该给不爱吃水果的孩子多喝一些，但是纯果汁所蕴含的营养要远远少于新鲜水果。@图虫创意,['暗色调', '橙汁']
I01297036,夏季如何喝冷饮不伤身,http://wallpaper.cdn.pandora.xiaomi.com/thumbnail/webp/w1350/MiTv/05c68a424778846b8bbf54560f151804a35988789,CC00000009,美食,选择合适的饮用时间。比如说空腹状态下，吃饱饭的时候，都不能喝冷饮，否则将会刺激胃部，诱发胃痛等不适。@米拍/G_FAFA,['夏天', '饮料', '摄影']
I01231423,美食背后的小故事,http://wallpaper.cdn.pandora.xiaomi.com/thumbnail/webp/w1080/MiTv/099164f6f7d8e5eab086dc25df15d696bf6415ea7,CC00000009,美食,探索家卡特根据西班牙皇室的口味在一种饮品中加入了糖及各种香料，制成了“巧克力”，并请皇室品尝，从此西班牙的贵族们便爱上了美味的巧克力。@图虫创意,['丝滑', '香醇']
I01266870,减肥期间可以吃甜品,http://wallpaper.cdn.pandora.xiaomi.com/thumbnail/webp/w1350/MiTv/0d8ccd896a9414d57a31cde63891f7e1c2ff0d742,CC00000009,美食,吃甜食的时候可以大量的喝水，这样可以很好的帮你增加饱腹感。最好的选择是白开水。另外也可以选择一些有点苦感的咖啡。@图虫创意,['可口', '食品', '糕点', '甜食']
I01265549,芝士的热量到底有多高,http://wallpaper.cdn.pandora.xiaomi.com/thumbnail/webp/w1350/MiTv/012f3e290519641ea892a72cbb686ac2a1bbb30a2,CC00000009,美食,很多人对于芝士有误解，觉得只要吃芝士就会长胖，其实只要健康正确的食用芝士是不会长胖的，经过发酵的芝士与酸奶一样富含乳酸菌，可以有效保护胃肠道的健康，同时芝士中含有亚油酸和亚麻酸，亚油酸对于降低人体脂肪还有一定的帮助，还有增加饱腹感的功效，所以只要你不贪吃芝士，是不会长胖的。@视觉中国,['高热量', '可口', '芝士', '食品', '小米精选']
I01298502,秋天的第一道美食,http://wallpaper.cdn.pandora.xiaomi.com/thumbnail/webp/w1350/MiTv/0c62b1d29d4f143548124558a96da27c542b06245,CC00000009,美食,鲁迅先生说的“第一个吃螃蟹的人是勇士”，就包含了这种征服丑陋和恐怖，最后得到美味的，复杂的心理。@视觉中国,['螃蟹', '食品', '大闸蟹', '饮食文化']
I01374767,何以解暑 唯有吃“冰”,http://wallpaper.cdn.pandora.xiaomi.com/thumbnail/webp/w1350/MiTv/04175184d9f95498186586e3a270a8d32497a42b8,CC00000009,美食,雪糕，抹在舌尖上的那一刻，那种清凉感瞬间化作甜蜜。那种甜蜜中又带着一点点冰爽，真的是一种无法言喻的美味。夏日吃雪糕，不只是消暑解渴，它也是一份美好。@锐景,['餐盘', '摆盘', '冰棒']
I01254204,不吃早餐有多可怕,http://wallpaper.cdn.pandora.xiaomi.com/thumbnail/webp/w1350/MiTv/07d73802f04e6499583396fa6fff96146ed0cea3f,CC00000009,美食,有没有感觉不吃早餐，精力无法集中。脑细胞对葡萄糖的需求是外周组织的20倍，脑细胞自己不能合成葡萄糖。经过一夜的空腹时间，如果不及时进食早餐，这时肝糖原已经耗尽，大脑只能依赖来自脂肪酸分解而来的酮体进行功能，学习认知能力都会下降。@锐景,['享受生活', '惬意', '坚果', '蒸蛋']
I01266894,酸奶就能做的低脂甜点,http://wallpaper.cdn.pandora.xiaomi.com/thumbnail/webp/w1350/MiTv/027752371732a49d69065a6c38e13ac1a12e91cd8,CC00000009,美食,酸奶+坚果+水果，是一种怎样的味蕾体验？将三者有层次的“叠加”起来，然后放置冰箱冷藏一小时，一道美味而又精致的下午甜点就好了。如果觉得不够浓稠，可以选择浓稠点的酸奶进行填补，好吃到让你难以忘怀。@锐景,['酸奶', '坚果', '低脂']
I01220207,最喜欢吃甜食的星座,http://wallpaper.cdn.pandora.xiaomi.com/thumbnail/webp/w1080/MiTv/0493d54c7085a7500294be397c4bcc422c2416c03,CC00000009,美食,天蝎座的嗜甜如命在十二星座中数一数二，不仅甜食是他们心头大好,就连很多有甜味的普通菜肴都会让天蝎座食欲大动。那是因为天蝎座从骨子里来说就是一个蜜糖主义人士，他们希望自己的整个生活都带上甜味，从而过得甜蜜又慵懒。 @米拍/僖儿,['食品', '摄影']
I01082617,世界各国的马卡龙,http://wallpaper.cdn.pandora.xiaomi.com/thumbnail/webp/w1080/MiTv/0eb5b458cde09426810acfdcb131584ccf5f4de69,CC00000009,美食,马卡龙在台湾一个要价五十元新台币以上，因此被认为是一种高级食品，曾风靡过一时。现在在高级自助餐厅的甜品区基本都能看见。@视觉中国,['餐盘', '马卡龙', '食品', '糕点', '甜食']
I01202473,无从下口，来自午餐的“暴击”,http://wallpaper.cdn.pandora.xiaomi.com/thumbnail/webp/w1080/MiTv/0f4f264539f0d4336164ff722df76f518556c68a8,CC00000009,美食,吃外卖，最强烈的感觉就是，普遍都太咸太油了，太咸太油又会导致多吃米饭和主食。所以自制便当健康省钱还好卫生，工作累了吃上一口家里饭，岂不是很幸福？@视觉中国,['食品', '午餐', '便当']
I01370366,夏天的味道 吃一口才知道,http://wallpaper.cdn.pandora.xiaomi.com/thumbnail/webp/w1350/MiTv/0f8b2b31d739d4be38911245544550af738df963d,CC00000009,美食,酷暑难耐的夏天，相信大部分的人都是在空调房里度过。但是对于吃货们来说，炎炎夏日也抵挡不住对美食的似火热情。吃货们有独特的解暑神器，在夏日来上一杯既营养又健康，关键还能解暑的奶昔是再好不过的选择。@锐景,['享受生活', '酸奶', '惬意', '树莓', '坚果']
I01256368,消暑美味冰淇淋,http://wallpaper.cdn.pandora.xiaomi.com/thumbnail/webp/w1350/MiTv/07401cf4f47f74990b68e3b8af680664f4b1cae1f,CC00000009,美食,冰淇淋中含有糖类，由牛奶中的乳糖和各种果汁、果酱中的果糖以及蔗糖组成，其中的有机酸、丹宁和各种维生素，可以给人体提供所需要的营养物质。@米拍/Rosemary是我,['夏天', '冰淇淋', '食品', '摄影']
I01223359,吃甜食的危害,http://wallpaper.cdn.pandora.xiaomi.com/thumbnail/webp/w1080/MiTv/0c5b8427fa81bc04d16b3142c258d7afba440738a,CC00000009,美食,甜食可以给口腔里的细菌提供良好的生长繁殖条件，这些细菌和残留的糖分在一起，会使牙齿、牙缝和口腔里的酸性增加。当牙齿经常受酸性侵蚀，就容易引起龋齿和口腔溃疡。@图虫创意,['食品', '糕点', '甜食']
I01372928,人生在世 吃喝二字,http://wallpaper.cdn.pandora.xiaomi.com/thumbnail/webp/w1350/MiTv/0e86ade7ff02e4e1b9d822a4d29a9d9c61d34b247,CC00000009,美食,草莓就像粉嫩温柔的小公主，鲜艳的红色从花蕾中悄然绽放，绵软清甜，仿佛每一口都来自她的小心机，诱人入胜。草莓芝士蛋糕像是她的小裙子，轻盈柔软中又带着一丝丝的高雅气质，慢慢地融化在舌尖上，散发着甘醇的味道。@锐景,['餐盘', '勺子']
I01289727,夏日饮冷饮有讲究,http://wallpaper.cdn.pandora.xiaomi.com/thumbnail/webp/w1350/MiTv/068013cf7e1f4495b8d4d36c92e6468299d0a9630,CC00000009,美食,进食冷饮要做到适时、适量、慢饮。冷饮不宜在饭前或饭后吃，饭前吃冷饮会影响食欲，导致营养缺乏。饭后立即吃冷饮，使胃酸分泌减少，消化系统免疫功能下降，导致细菌繁殖，引起肠炎等肠道疾病。@有料,['可口', '橙汁', '夏天', '橙子', '清凉', '香橙', '《夏日》']
I01234497,如何健康地吃甜品,http://wallpaper.cdn.pandora.xiaomi.com/thumbnail/webp/w1080/MiTv/0fa7774c6ade6421a22ea39c141c36ad627b26306,CC00000009,美食,甜品只宜浅尝。切记甜食不是用来饱肚的，所以例如吃蛋糕时尽量和朋友结伴分享一件，购买饼干零食时选择小份量兼独立包装的。@图虫创意,['爽口', '香甜', '糕点', '奶茶', '甜食']
I01365162,水果与酸奶的完美搭配,http://wallpaper.cdn.pandora.xiaomi.com/thumbnail/webp/w1350/MiTv/02b7936123f0a479e80264213906fff670c28503d,CC00000009,美食,一般而言，水果和酸奶都是低热量食物，一份脱脂水果酸奶仅含有大概163卡路里。对于普通人来说，平衡卡路里摄入是控制体重的关键，而水果和酸奶的完美搭配足以让你避开高热量风险。@锐景,['酸奶', '惬意', '小米精选']
I01195834,向多喝热水说拜拜,http://wallpaper.cdn.pandora.xiaomi.com/thumbnail/webp/w1080/MiTv/009854c4374aead9df0f6431785917433ba435a25,CC00000009,美食,热水总是令人提不起兴趣，这时来一杯燕麦酸奶杯不仅可以满足口与胃的双重需求，而且营养成分比较高，具有防止皱纹、淡化色斑、养颜美白、防皮肤衰老的作用。当燕麦融进酸奶的香味，变成一杯可以嚼的到燕麦的酸奶，给你从田边步入果园梦幻般的享受。@有料,['酸奶', '爽口', '燕麦', '香浓', '酸奶杯']
I01374845,烟火夏日 品百味人生,http://wallpaper.cdn.pandora.xiaomi.com/thumbnail/webp/w1350/MiTv/073496ce66a07402e91ead9165a72b470766358c7,CC00000009,美食,喜欢的人可以慢慢等，好吃的食物要立马吃到。宅之一族可以拒绝社交，但不可以拒绝美食的诱惑。美食是唯一可以跨越种族、年龄、阶层的存在，它能够让同一片蓝天下的人感受到生存的美好。@锐景,[]
I01256367,消暑美味冰淇淋,http://wallpaper.cdn.pandora.xiaomi.com/thumbnail/webp/w1350/MiTv/034a131260495494f81880149b6964c2dae0482d4,CC00000009,美食,说冰淇淋是夏季冷饮第一主角你肯定没意见，而且在酷热的夏季，能够品尝各种美味的冰淇淋算是在高温之外给的甜蜜安慰吧！@米拍/Rosemary是我,['夏天', '冰淇淋', '食品', '摄影']
I01095966,治愈系独角兽甜品,http://wallpaper.cdn.pandora.xiaomi.com/thumbnail/webp/w1080/MiTv/0ebc1461c2486170d4fdd777010e4df1cc8403b48,CC00000009,美食,这样可爱的独角兽小饼干，真是萌化了所有人的心，不忍心吃下去。@视觉中国,['饼干', '食品', '糕点', '独角兽', '甜食']
I01370467,西瓜是夏天的灵魂,http://wallpaper.cdn.pandora.xiaomi.com/thumbnail/webp/w1350/MiTv/008027309ab7845a28fd0de41aaa647c833dc6b91,CC00000009,美食,西瓜虽属于凉性水果，但在炎热的夏季，吃上一块冰冰凉凉的西瓜，却可以起到很好的清热消暑作用。因其水分含量高，有利尿作用，能帮助排出血液中的钠。@视觉中国,['清新自然', '夏天', '西瓜', '好奇']
I01204476,食物也有CP,http://wallpaper.cdn.pandora.xiaomi.com/thumbnail/webp/w1080/MiTv/0729b501926a252ab4b26bca244fe020871435be8,CC00000009,美食,番茄炒鸡蛋是食物营养搭配最完美的展现。鸡蛋虽然蛋白质含量高，但吃多了对胆固醇不利也容易升高，不过幸好还有番茄。番茄中含有茄红素，茄红素有软化血管，抗氧化，消除自由基的功效，对于人体的心脑血管健康是有帮助的。@视觉中国,['鸡蛋', '西红柿', '食品', '番茄', '味道']
I01256393,中西式甜品特点,http://wallpaper.cdn.pandora.xiaomi.com/thumbnail/webp/w1350/MiTv/04b0469c0500e4087bd2ca31490d3b1df3edb6656,CC00000009,美食,西式点心的特点：口味清香，甜咸酥松在西点制品中，无论冷点心还是热点心，甜点心还是咸点心，都具有味道清香的特点，其次是加工制作时合成的味道，如焦糖的味道等。@米拍/梅食间,['食品', '摄影', '糕点', '甜食']
I01167217,自制高颜值网红饮品,http://wallpaper.cdn.pandora.xiaomi.com/thumbnail/webp/w1080/MiTv/0ae69f45399a04bd3373f09aee154713e768f61d8,CC00000009,美食,把西瓜榨成汁，用透明玻璃杯装起来，多放一点冰块，插上一片小叶子，简直就是网红摆拍必备啊！@视觉中国,['清新自然', '夏天', '西瓜', '清凉']
I01240799,冬日里一口清凉,http://wallpaper.cdn.pandora.xiaomi.com/thumbnail/webp/w1080/MiTv/098d0858e26eb450e3c849fb7c03799989de1be40,CC00000009,美食,谁说冬天就要喝热饮！在温暖又干燥的空间中，来杯爽快的西柚橙子水果冷饮，一口清爽一口甜，这才是真正的冰火两重天。只有在冬天才能体会到的惊艳，你还在等什么呢。@锐景,['享受生活', '惬意', '饮料', '清凉']
I01297276,盛夏高温的“解救法宝”,http://wallpaper.cdn.pandora.xiaomi.com/thumbnail/webp/w1350/MiTv/0a10435a577f544dfb03e7369e1a90c9ea3316473,CC00000009,美食,冰淇淋是炎炎夏日清凉解暑最好的冷饮，冰淇淋主要是由优质奶浆制作而成，还含有芝士和丰富的蛋白质，营养价值很高，并且冰淇淋吃进去之后直接融化，容易被人体吸收。@锐景,['大气', '紫色调', '冰淇淋', '摆盘']
I01217637,美味来袭,http://wallpaper.cdn.pandora.xiaomi.com/thumbnail/webp/w1080/MiTv/0493d44c7f85ad500c94bf397c4bce42252416c03,CC00000009,美食,可颂表皮酥脆可口，内里柔软湿润，层次分明口感丰富，伴随着黄油香气，食欲瞬间被激发。@视觉中国,['酥脆', '食品', '可颂']
I01297049,烘焙蛋糕小技巧,http://wallpaper.cdn.pandora.xiaomi.com/thumbnail/webp/w1350/MiTv/086791eccd2db4c228ca26dac3c9218124707939a,CC00000009,美食,不管做什么蛋糕，一定要严格遵照配方的指示做，配料的拌入顺序和方法对于烘焙好蛋糕尤为重要。@圈子,['香甜', '松软', '草莓蛋糕']
I01288075,厨房小白轻松做大餐,http://wallpaper.cdn.pandora.xiaomi.com/thumbnail/webp/w1350/MiTv/0d4be690c36ee41c588c1e35416bce59282ef4338,CC00000009,美食,南瓜浓汤，南瓜是生活中很熟悉的食材，做法简单，口感细腻，营养又香甜。将切好的南瓜块直接上锅蒸熟，等到南瓜蒸熟以后，取出来直接捣碎成南瓜糊。打好之后的南瓜糊倒进小奶锅里，加入适量的牛奶和淡奶油，一边煮一边搅拌，将南瓜糊煮到浓稠即可。@好看,['中餐', '香甜', '南瓜汤']
I01263719,想减肥？合理饮食才是王道,http://wallpaper.cdn.pandora.xiaomi.com/thumbnail/webp/w1350/MiTv/0ec62ed59a8f340bca3866ef92ed4f9a8237ed2ce,CC00000009,美食,一般情况下，人体都需要正常的一日三餐，而且人们在平时消耗最大的就是上午。因此，中午的这顿饭也是非常必要的。无论是哪一顿都不能轻易不吃，可能很多患者都会觉得晚上这一顿没有什么必要，其实这一顿虽然不会给人体带来多大的补充，而且也不能吃得太好，但是不能不吃。@视觉中国,['减肥', '食品', '脂肪']
I01194060,我的果汁分你一半,http://wallpaper.cdn.pandora.xiaomi.com/thumbnail/webp/w1080/MiTv/0c6c7d4def41a4c8a30221bdafbcc01157a0b9d6b,CC00000009,美食,黄桃汁香甜爽口，能缓解口干舌燥，有生津止渴的作用。通过黄桃汁还可以促进自己的血液循环，尤其是对于出现瘀血的情况很有疗效。来一杯香甜爽口的黄桃汁，不仅味美还能排毒保健，那岂不是美滋滋。@有料,['可口', '爽口', '黄桃', '香甜']
I01166765,营养早餐吃什么？,http://wallpaper.cdn.pandora.xiaomi.com/thumbnail/webp/w1080/MiTv/095ec4d84feca3e97838c0b432d682611694021e1,CC00000009,美食,美好的一天从早餐开始！清晨，一个牛角包，几个草莓，一杯咖啡，健康又营养，用美食开启一天的美好生活吧！@视觉中国,['牛角包']
I01294220,pick你最爱的夏季冷饮,http://wallpaper.cdn.pandora.xiaomi.com/thumbnail/webp/w1350/MiTv/0234a853860d841f79ed2688332747d2cb07c90af,CC00000009,美食,对于“社畜”而言，夏日最爱的饮品莫过于冰咖啡了。苦涩与甜蜜并存的冰咖啡，绝对可以让你在闷热的午后充满干劲儿。@有料,['可口', '食品', '小米精选']
I01049871,夏季消暑误区,http://wallpaper.cdn.pandora.xiaomi.com/thumbnail/webp/w1080/MiTv/0da304cd89cf78b92c88736d8d2191f7b4843d565,CC00000009,美食,除了冷饮之外，天气炎热时还应避免含有酒精的饮品，因为这类饮品完全不解渴，还会使人体失水。同理，咖啡、茶等利尿的饮品也容易使人脱水，不适合在夏天饮用。@图虫创意,['夏天', '冰淇淋', '消暑', '糕点', '甜食']
I01292622,在家自制冰淇淋Tips,http://wallpaper.cdn.pandora.xiaomi.com/thumbnail/webp/w1350/MiTv/006ac1829186d48738f298d12a1412d0ba9756650,CC00000009,美食,想要做到无冰渣、细腻、入口即化的冰淇淋，首先要减少水分的含量，如果用果泥，就要熬煮掉水果泥中一些水分，另外选择乳脂含量比较高的材料，例如牛奶、淡奶油和蛋黄等，这样做出来的冰淇淋口感会更加顺滑浓厚！@锐景,['享受生活', '清新自然', '夏天', '冰淇淋', '惬意']
I01266883,简单的小幸福,http://wallpaper.cdn.pandora.xiaomi.com/thumbnail/webp/w1350/MiTv/0c09fa5e0a0084f2ba0af3c7fbd01ec76f921a118,CC00000009,美食,这世上除了糟糕的事，还有很多美好在等着你，别一不顺心就死缠着痛苦不放，把美好晾在一边对快乐不理不睬。@图虫创意,['马卡龙', '食品', '糕点', '甜食']
I01234722,饭要吃好才行，规律才健康,http://wallpaper.cdn.pandora.xiaomi.com/thumbnail/webp/w1080/MiTv/03916756f6d4e4ea2186de25de95da99bf8b91659,CC00000009,美食,一天要吃三餐饭人吃饭不只是为了填饱肚子或是解馋，主要是为了保证身体的正常发育和健康。@视觉中国,['食品', '味道']
I01256369,消暑美味冰淇淋,http://wallpaper.cdn.pandora.xiaomi.com/thumbnail/webp/w1350/MiTv/020876c3a8b8b41b99b2c7c77f887c8d4c1bbd65b,CC00000009,美食,一到夏天就总特别想吃点冰冷的东西来降温，下班回家吃晚饭，或者洗完澡，抱着冰淇淋边吃边看剧绝对是人生一大享受。@米拍/Rosemary是我,['夏天', '冰淇淋', '食品', '摄影']
I01213431,美味不可挡,http://wallpaper.cdn.pandora.xiaomi.com/thumbnail/webp/w1080/MiTv/0adf454e3d75442df36298a9a2f450188e4e94a36,CC00000009,美食,多种用料制作而成的奶油蛋糕，层次丰富，味道也有层次感，口感顺滑，带给味蕾极致的享受。@视觉中国,['食品', '糕点', '甜食']
I01374846,烟火夏日 品百味人生,http://wallpaper.cdn.pandora.xiaomi.com/thumbnail/webp/w1350/MiTv/0ca7a790dc32449e88c515d7da0d51960b09b145e,CC00000009,美食,好久不见，我说的是美食。夏日的酷热炙烤着人们的耐心，若非是过命的交情，大概谁也不想为了重逢在烈日下前行。美食则成了夏日里的“魔鬼”，它能将人们从空调间里拉出来，让人们乐此不疲地享受夏日。@锐景,['餐盘', '黄油']
I01098186,冰淇淋的美,http://wallpaper.cdn.pandora.xiaomi.com/thumbnail/webp/w1080/MiTv/0bdcaa474b78d49e73ef99eae5410198da6f40e67,CC00000009,美食,当冰淇淋出现在恋爱关系中时，往往代表着暧昧时刻的发生，随着奶油的慢慢融化，所有的一切都被蒙上粉红色的滤镜。@视觉中国
,['杯子', '冰淇淋', '树莓', '冷冻', '糕点', '甜食']
I01364220,冰淇淋 夏日的专属快乐,http://wallpaper.cdn.pandora.xiaomi.com/thumbnail/webp/w1350/MiTv/04a636e7258ff41428cd2fa4bf8853583e3f8f9ed,CC00000009,美食,春秋时期，冰激凌已成为贵族美食，主要用于招待宾朋。到了唐朝，出现了更加精致的“冰淇淋”——酥山和冰酪。马可·波罗离开中国时，把冰激凌的制作方法带回意大利，后又传到了法国和英国。在此基础上，西方开始结合当地的口味，派生出许多新的吃法。@锐景,['薄荷', '夏天', '冰淇淋', '黄桃', '惬意']
I01251523,这些时间吃甜食不长胖,http://wallpaper.cdn.pandora.xiaomi.com/thumbnail/webp/w1350/MiTv/0c09afc1022484299a6809be5c92f47f7f7975ec0,CC00000009,美食,门诊手术时吃甜食促进体力恢复，一般多用局部麻醉或不用麻药，难免给病人造成痛苦。若在手术前后适当喝些糖水或吃点巧克力等，就可及时补充热能的丧失，促进体力恢复。@站酷海洛,['食品', '糕点', '甜食']
I01260112,来一杯夏日专属饮品,http://wallpaper.cdn.pandora.xiaomi.com/thumbnail/webp/w1350/MiTv/0eac25fcfbf8c45dbbfa40262272b6e1196a5619e,CC00000009,美食,树莓气泡水一定是减脂必备的快乐水，颜值和味道都在线的少女心饮品。气泡水完美稀释掉树莓的苦涩，不仅健康低卡，而且还清热解燥哦！@有料,['可口', '夏天', '树莓', '清凉']
I01218401,拯救夏天计划,http://wallpaper.cdn.pandora.xiaomi.com/thumbnail/webp/w1080/MiTv/040c1950d6d6944a715c8dbe65b2798531fc1cd20,CC00000009,美食,大汗淋漓的时候来一杯冰镇果汁，真是冰凉舒爽，酸酸甜甜，唤醒每个细胞，激活一整天的战斗力。@视觉中国,['清新自然', '饮料', '食品']
I01207870,别太贪食，吃小龙虾也有禁忌！,http://wallpaper.cdn.pandora.xiaomi.com/thumbnail/webp/w1080/MiTv/070604d7faee4db2c5ffe71d0802d8ec45842fcd2,CC00000009,美食,吃虾的时候也不要喝富含维生素c的果汁，因为很容易引起腹泻的症状，维生素c不建议和海鲜类的食物一起搭配着吃，而且海鲜类的东西是属于发物，有些人的肤质比较特殊的，就容易引起过敏症状。@视觉中国,['夏天', '食品', '小龙虾', '味道']
I01226117,不可辜负的美食,http://wallpaper.cdn.pandora.xiaomi.com/thumbnail/webp/w1080/MiTv/07b525fdfa35785c78af5311b745fb3e56f408d8e,CC00000009,美食,喝下秋天的第一杯奶茶，与秋唇齿相依，与秋活色生香，与秋共挽雕弓，悲喜皆过客。@视觉中国,['浓郁', '食品', '奶茶', '珍珠奶茶']
I01311448,秋天的第一口鲜,http://wallpaper.cdn.pandora.xiaomi.com/thumbnail/webp/w1350/MiTv/06dfeb29f69004d1c9213c9ee20ceabb0a4562c5c,CC00000009,美食,吃大闸蟹，还讲究“九月圆脐十月尖”。“九月圆脐”是说母蟹蟹黄最丰满的是农历九月，“十月尖”则是说雄蟹蟹膏最为柔软腻滑的是农历十月。所以要在农历9月吃雌蟹、10月吃雄蟹，这样才不会错过最完美的膏黄和紧实肥美的蟹肉。@有料,['可口', '螃蟹', '食品', '诱人', '大闸蟹', '特色美食']
I01187552,高颜值樱花美食,http://wallpaper.cdn.pandora.xiaomi.com/thumbnail/webp/w1080/MiTv/099f743b634fdf6866f22e6d0cb82b73d6f41c4f2,CC00000009,美食,在樱花树下，喝茶、吃和果子，茶香浓郁，和果子则透出淡淡的甜味，养眼又怡情。@图虫创意,['优美', '樱花', '糕点', '和果子', '甜食']
I01187551,高颜值春日樱花美食,http://wallpaper.cdn.pandora.xiaomi.com/thumbnail/webp/w1080/MiTv/099f743b634fde6865f22f6d0bb82173d8f41c4f2,CC00000009,美食,每到樱花季，不食用一些樱花美食怎么行？这道樱花伊顿麦斯甜品就能刺激你的味蕾，它是用蛋白、糖分、淡奶油、樱花和马斯卡邦尼奶酪做出的清新樱花甜品。@图虫创意,['优美', '樱花', '糕点', '甜食', '小米精选']
I01231421,挡不住的美食诱惑,http://wallpaper.cdn.pandora.xiaomi.com/thumbnail/webp/w1080/MiTv/0e3f5549e87cd4bfd2a515b8803c72ae1771c46eb,CC00000009,美食,外观上，奶油白白的，看起来软软的，有满满的奶香；草莓是鲜红色的，泛着光亮，红到娇艳欲滴。仅仅看着它，就仿佛能感觉到咬下去的时候，那个新鲜的水果汁是如何在一瞬间充满你的口腔，那个清香味又是如何弥久不散。@有料,['可口', '香浓', '鲜奶油']
I01189344,挑动你的味蕾,http://wallpaper.cdn.pandora.xiaomi.com/thumbnail/webp/w1080/MiTv/02429243c964c4c0b3afd0995b3c7ce84db57cfa3,CC00000009,美食,香浓细滑的奶油，再加上酥脆的饼干，口感丰富层次鲜明。搭配上一杯清甜的果香红茶，清新的口感，诱人的色泽、浓郁的水果香，马上让你心旷神怡，唇齿留香。@图虫创意,['糕点', '甜食']
I01218399,拯救夏天计划,http://wallpaper.cdn.pandora.xiaomi.com/thumbnail/webp/w1080/MiTv/000c1510d6df964ac35c80be69c27b8d376412599,CC00000009,美食,高气温，低气压，容易让人昏昏欲睡。这时候，一杯冰咖啡，绝对是提神醒脑的神器。@视觉中国,['冰块', '食品', '香浓', '奶茶']
I01184738,爱藏在蛋糕里,http://wallpaper.cdn.pandora.xiaomi.com/thumbnail/webp/w1080/MiTv/049a9d55bb5804b95370304318b236327a94348e5,CC00000009,美食,陪伴是一段能共享的美好记忆。黄桃奶酥蛋糕，新鲜多汁的黄桃，搭配浓郁醇香的椰果，让喜爱它的人，收获双倍的幸福。@锐景,['黄桃', '诱人', '享受']
I01191894,食物掉地上5秒能吃吗,http://wallpaper.cdn.pandora.xiaomi.com/thumbnail/webp/w1080/MiTv/0b8444b2cf939fc4bbaaf304ee3acc6fc97417bc0,CC00000009,美食,早在2006年，美国的研究人员就用沙门氏菌做了研究，他们当时用香肠片测试了木头、地毯和瓷砖三种地面。结果发现，食物掉在地上的时间和沾染细菌的数量并没有明显关系，5秒、30秒和60秒的结果是差不多的，这也意味着“5秒法则”并不可靠。@站酷海洛,['食品', '薄饼']
I01362137,冰块对饮品的影响,http://wallpaper.cdn.pandora.xiaomi.com/thumbnail/webp/w1350/MiTv/0f37c8d5a411048db8b77e85aff7c9f1be8bbe3b6,CC00000009,美食,饮品加冰块是为了提升饮品的口感与增添鲜度，但要在饮品很长一段时间内还能保持一定的口感与鲜度，那就适合用月牙冰了，月牙冰是实体冰，持久性强，融化性慢，能更长时间保持产品的稳定性。@锐景,['杯子', '吸管']
I01204294,夏日水果冰饮,http://wallpaper.cdn.pandora.xiaomi.com/thumbnail/webp/w1080/MiTv/020ec5ed90df03ef97588bbf54bf05dd91641ebcf,CC00000009,美食,芒果的肉质细腻，气味香甜，选取新鲜的芒果切块，佐以香浓的椰汁，一杯清新又解暑的椰香芒果冰饮就做好啦。@图虫创意,['清新自然', '芒果', '椰汁', '爽滑']
I01368202,盘点各类特色甜食,http://wallpaper.cdn.pandora.xiaomi.com/thumbnail/webp/w1350/MiTv/0dbe0d65ecfa74502a0dc188f37f9dda245fa4978,CC00000009,美食,华夫饼是一种源于比利时的烤饼，又叫格子饼、格仔饼。用专用的烤炉制成，因为烤盘中的格子一般都是菱形或方形的，烤出的华夫饼也就有着漂亮的方格。@站酷海洛,['餐盘', '华夫饼', '糕点', '甜食']
I01308936,秋季美食的新宠南瓜羹,http://wallpaper.cdn.pandora.xiaomi.com/thumbnail/webp/w1350/MiTv/0c7e76e38b8ae4a03addc82d2742ed79c4d55b32c,CC00000009,美食,“秋天到，南瓜俏”，南瓜可是秋季一等一的滋补品。南瓜中有丰富的维生素，可以解决换季带来的皮肤干裂，其中蕴含的果胶也可以保护肠胃不受刺激，再加上本身就味道香甜，而且口感软糯，自然成了秋季美食的不二之选。@锐景,['享受生活', '清新自然', '惬意', '南瓜']
I01263536,尽享午后悠闲漫时光,http://wallpaper.cdn.pandora.xiaomi.com/thumbnail/webp/w1350/MiTv/07aa9828952e54ba390b05043b5e5e3a476fe9273,CC00000009,美食,香香脆脆的水蜜桃和酸奶能碰撞出什么味道呢?水蜜桃酸奶芝士蛋糕，光听名字就香甜不腻。水蜜桃本身的清甜，配上乳脂奶油的轻盈，像夜晚夏季风中的沁凉，连心都变得明亮了。@有料
,['可口', '酸奶', '裸蛋糕', '香浓', '《下午茶》', '水蜜桃', '草莓蛋糕']
I01202475,无从下口，来自午餐的“暴击”,http://wallpaper.cdn.pandora.xiaomi.com/thumbnail/webp/w1080/MiTv/00c7cb5c5d7ca44da336fe47dd41e211cec936ae1,CC00000009,美食,在外的奔波，在学校里的努力，对于午饭来说，一定要吃好，才能继续下午的劳作和学习。带便当吃的是家里的味道，感受的是饮食的文化，干净环保又好吃，对身心都是一种满足。@视觉中国,['食品', '午餐', '便当', '味道']
I01261100,吃多了怎么办？,http://wallpaper.cdn.pandora.xiaomi.com/thumbnail/webp/w1350/MiTv/0a0170d62da7a4018885eecc9df3479ce9eae417f,CC00000009,美食,以肚脐为中心，按顺时针方向，稍用力缓缓推摩腹部，至左下腹（结肠部）可稍稍加力。揉肚子能够促进肠胃蠕动，起到帮助消化的作用，但不要刚吃完饭就揉。@视觉中国,['食品', '汉堡']
I01232027,印尼的美食，原来是这样的！,http://wallpaper.cdn.pandora.xiaomi.com/thumbnail/webp/w1080/MiTv/0ee67f4419980469928f3cef5f2a58f407a48f764,CC00000009,美食,黄姜饭是印尼喜宴上常见的主食。当地人在祭拜或重要节庆、家庭聚会时，一定会煮黄姜饭，并且会把它做成宝塔造型，代表诚心及期许好运来临。由于黄姜在印尼菜中会经常用到，为了确保随要随有，许多印尼人会在自己的花园里种上这种植物。@视觉中国,['食品', '特色美食', '味道']
I01203521,实用的美食摄影技巧,http://wallpaper.cdn.pandora.xiaomi.com/thumbnail/webp/w1080/MiTv/060ecf4d96de04ef615882bf5b9f0cd59ef9dbde2,CC00000009,美食,垂直拍摄可以完美展示食物的全貌，最传统的做法是在放置食物的上方平行拍摄。正面视角也是在网络上较流行的晒美食方式。@图虫创意,['清新自然', '报纸', '墨西哥卷饼']
I01260114,关于奶油的小知识,http://wallpaper.cdn.pandora.xiaomi.com/thumbnail/webp/w1350/MiTv/058d7d5a0824246a78411bbfd7dcd7e3b2ec3e54a,CC00000009,美食,奶油可以说是甜品中经常出现的配料，而它其实也分好多种类型。不同的奶油口感不同，比如天然奶油制品可以达到入口即化的效果，但是植物奶油却没有这种特点，除此之外，人造奶油则更加黏腻。@锐景,['享受生活', '可口', '糕点', '甜食', '小米精选']
I01378422,让西瓜“拯救”你的夏天,http://wallpaper.cdn.pandora.xiaomi.com/thumbnail/webp/w1350/MiTv/089d8a7c72f34402d92240a9edc38e9e48736f65e,CC00000009,美食,酷暑将至，高温蒸烤，我们应该如何消暑降温？夏日高温本来就容易消耗人的精气，同时还会引发各种身体疾病，如果不合理避暑，那么对身体会造成较大的伤害，其实身边常见的西瓜可以很好帮助我们降温消暑，度过炎热的夏天生活。@锐景,['夏天', '惬意', '西瓜', '解暑']
I01370542,舌尖上的甜蜜体验 ,http://wallpaper.cdn.pandora.xiaomi.com/thumbnail/webp/w1350/MiTv/0895f7655b4bf4c759f8164dece7669f9ece79e51,CC00000009,美食,意大利的甜点以浓郁和热情为主题，使用的材料包括巧克力、坚果、鲜奶油和水果等。意式甜点的代表作品包括提拉米苏、卡布奇诺、巧克力慕斯等，每一口都会让你感受到意大利的热情和浪漫。@站酷海洛,['餐盘', '糕点', '甜食']
I01293472,草莓冰淇淋,http://wallpaper.cdn.pandora.xiaomi.com/thumbnail/webp/w1350/MiTv/0bb78bc4e1fd344d796a722791b8a0a7399e29fe8,CC00000009,美食,食材：草莓220克、淡奶油200克、白糖30克、炼乳50克。做法：1.草莓控干水分切块，将草莓、淡奶油、白糖、炼乳放入果汁机中打成泥。2.倒入容器中冷冻一小时，取出搅打均匀，继续冷冻半小时，搅打均匀。3.冷冻到凝固就可以开吃了。@今日必看,['可口', '冰淇淋']
I01192911,畅饮清单,http://wallpaper.cdn.pandora.xiaomi.com/thumbnail/webp/w1080/MiTv/01041b4dcc28745951a4de1b140ae7f454c5c4318,CC00000009,美食,冷萃这种用冷水浸泡12小时以上的咖啡，由于萃取温度低，没有冰美式那般刺激的咖啡因、也无酸苦之味，只留下愉悦的咖啡香和淡淡的柑橘香，口感如剥了壳的水煮蛋一般丝滑，绝对是夏日菜单的首选。@有料,['爽口', '清凉', '咖啡杯', '醇香']
I01258020,如何挑选优质奶油,http://wallpaper.cdn.pandora.xiaomi.com/thumbnail/webp/w1350/MiTv/08fb4d848ae7b478690c7b15fd308e2ca7a073552,CC00000009,美食,风味芳香者为最好，单纯而无香味，平淡而无滋味者不能算优良奶油。如发现具有微弱的饲料味或者异味，像酸败味、牛脂臭、陈腐味的奶油不宜购买。@有料,['可口', '糕点', '香浓', '甜食']
I01368155,治愈打工人的夏日饮品,http://wallpaper.cdn.pandora.xiaomi.com/thumbnail/webp/w1350/MiTv/0ad7682774b3343928f4916987c1c7b68651af9e9,CC00000009,美食,在硕大的太阳底下，炎热的气息从空气里从地面上铺天盖地袭来。连风都是燥热燥热的。在这样的环境里，谁不想拥有一杯冰凉酸爽、解暑消腻的柠檬茶呢？当甜甜酸酸的柠檬茶进入喉咙的一瞬间，就是夏季的人间值得。@锐景,['薄荷', '享受生活', '柠檬', '夏天', '惬意']
I01214587,颜值甜品,http://wallpaper.cdn.pandora.xiaomi.com/thumbnail/webp/w1080/MiTv/0992c53ae361810d6b6422c5ec1f5ff86b64148e9,CC00000009,美食,草莓冰淇淋那独有的香气，入口绵密的口感，足以征服所有人的味蕾。@视觉中国,['享受生活', '冰淇淋', '糕点', '甜食']
I01255140,皇上居然好这口？,http://wallpaper.cdn.pandora.xiaomi.com/thumbnail/webp/w1350/MiTv/024238a856a6e427b93f3ea876c17a30af6e34b01,CC00000009,美食,康熙最爱“绰科拉”。1706年7月，康熙在去热河避暑的路上，下了一道旨意，其中有一句“若有绰科拉亦求取”。所谓绰科拉，就是巧克力的意思。而当时从西方进口的巧克力主要是以白糖水溶化泡着喝。就这样，康熙皇帝成为第一个吃巧克力的皇帝。@视觉中国,['糕点', '甜食', '小米精选']
I01358766,盘点春季养生水果,http://wallpaper.cdn.pandora.xiaomi.com/thumbnail/webp/w1350/MiTv/0a91b5368023f493ab11647fd52e2752dd8d163e5,CC00000009,美食,草莓营养价值丰富，含有丰富的维生素，尤其是所含的维生素C，其含量比苹果、葡萄都高，被誉为是“水果皇后”。草莓的营养成分容易被人体消化、吸收，多吃也不会受凉或上火，是老少皆宜的水果。@锐景,['养生', '享受生活', '惬意']
I01240898,吃甜品不胖小窍门,http://wallpaper.cdn.pandora.xiaomi.com/thumbnail/webp/w1080/MiTv/01288a54eb70f40e800bd45ded376bc090e80bc8e,CC00000009,美食,吃正餐前半小时吃甜点，正好能在正餐的时间产生血清素和饱足感，防止压力造成的暴饮暴食。@今日必看,['食品', '糕点', '甜食', '味道']
I01234723,饭要吃好才行，规律才健康,http://wallpaper.cdn.pandora.xiaomi.com/thumbnail/webp/w1080/MiTv/0d39bd42d43384e0d3fc773f6efc074899d17b38b,CC00000009,美食,实验证明：每日三餐，食物中的蛋白质消化吸收率为85%；如改为每日两餐，每餐各吃全天食物量的一半，则蛋白质消化吸收率仅为75%。因此，按照我国人民的生活习惯，一般来说，每日三餐还是比较合理的。@视觉中国,['食品', '味道']
I01234610,美味甜点的雷区,http://wallpaper.cdn.pandora.xiaomi.com/thumbnail/webp/w1080/MiTv/0d952347a683b4fda260c38d2f663c339d09bcf54,CC00000009,美食,适量的运动能促进体内热量消耗，但甜食会消耗身体里的维生素B，所以在你累的时候最好不要吃甜点，否则会觉得更累。@图虫创意,['可口', '糕点', '甜食']
I01226124,美食，治愈生活,http://wallpaper.cdn.pandora.xiaomi.com/thumbnail/webp/w1080/MiTv/07b525fdfc357e5c77af5511bf45f53e59f408d8e,CC00000009,美食,有人说，生活最美的样子，就是人间烟火，在对那些美食中品尝中，维系着人们对生活滋味的眷恋。@视觉中国,['食品']
I01217388,夏日甜品,http://wallpaper.cdn.pandora.xiaomi.com/thumbnail/webp/w1080/MiTv/04b2d9402fa4e402301d509315186c8fa4b6a1c89,CC00000009,美食,夏日悠闲，最期待的就是开足冷气的屋子里，抱着凉丝丝甜品大快朵颐。甜品有着与生俱来的魔力，吃完让人心情瞬间愉悦。@视觉中国,['食品', '清凉', '糕点', '甜食']
I01262658,健身要有效，吃对很重要,http://wallpaper.cdn.pandora.xiaomi.com/thumbnail/webp/w1350/MiTv/0db82f12e0504494dacce616386201a58092784d8,CC00000009,美食,海鲜拥有非常丰富的蛋白质。蛋白质就是生命的物质基础，没有蛋白质就没有我们的生命。大家都知道，运动员很辛苦，所以他们每天都会摄入大量的海鲜、鸡蛋、牛肉等食物，就是因为这些食材都含有丰富的蛋白质，能够及时补充大量运动后所消失的能量。@视觉中国,['可口', '海鲜', '食品', '味道', '小米精选']
I01251674,夏日饮品物语,http://wallpaper.cdn.pandora.xiaomi.com/thumbnail/webp/w1350/MiTv/0d755f4d583a04de20e347a50fc5c4b09f202582f,CC00000009,美食,禁不住桃子的诱惑，就来一杯桃子饮品吧，桃子味的饮品自带水果香气，果香扑鼻而来，在夏日也能带来舒心的感觉，捧着一杯桃子饮品满满都是夏天的味道。@米拍/Rosemary是我,['食品', '摄影']
I01231419,挡不住的美食诱惑,http://wallpaper.cdn.pandora.xiaomi.com/thumbnail/webp/w1080/MiTv/0d7eae4e160b4463a1b3296ce77ed5955bc1739bf,CC00000009,美食,凤梨酥是深受大家喜欢的家常点心，酥酥软软又轻巧的外皮，咬上一口馅儿料满口，香甜拉丝，奶香浓郁。真得是舍不得放手啊。@有料

,['可口', '酥脆', '饼干', '糕点', '甜食', '中式点心', '凤梨酥']
I01385331,盘点那些自带奶油的甜品,http://wallpaper.cdn.pandora.xiaomi.com/thumbnail/webp/w1350/MiTv/04fad4b2b5829460c9600228ed88463df3ca14b94,CC00000009,美食,金黄酥松的千层酥皮派，层层叠叠间带有微妙的间隙，似乎在诉说着它美味的内涵。透亮的草莓，散发着清新酸甜的水果气息。雪白的奶油球按捺不住，也赶来奔赴这场甜蜜的盛宴，在草莓间翩翩起舞。@站酷海洛,['香甜']
I01303632,秋日宝藏饮品推荐,http://wallpaper.cdn.pandora.xiaomi.com/thumbnail/webp/w1350/MiTv/0313947fbdbbc444981902e002738cb956a27ab49,CC00000009,美食,果茶是非常有利于解秋乏的，特别是一杯猕猴桃汁。最新的医学研究表明，成人忧郁症有生理学基础，它跟一种大脑神经递质缺乏有关。猕猴桃中含有的血清促进素具有稳定情绪、镇静心情的作用。@锐景,['大气', '薄荷', '猕猴桃', '杨梅']
I01384003,葡萄界的“爱马仕”,http://wallpaper.cdn.pandora.xiaomi.com/thumbnail/webp/w1350/MiTv/003cea8e85b9d4a6da4fed9ff51dd0cdd57b73c46,CC00000009,美食,阳光玫瑰具有穗形美观、着色良好、丰产质优、抗病耐贮等诸多优点，是非常优秀的葡萄品种，因此被坊间誉为葡萄界的“爱马仕”。@品鉴图库,['清爽', '葡萄', '香甜', '小米精选']
I01373434,资深饮料爱好者推荐,http://wallpaper.cdn.pandora.xiaomi.com/thumbnail/webp/w1350/MiTv/083d27f818b8848d486c4adb88fbf9d6b78092d05,CC00000009,美食,水果橙子吃腻了？一咬一爆汁，弄得身上到处都是，吃起来很不方便？不妨把橙子榨橙汁试试，不仅方便饮用，风味也增添不少。酸甜的橙汁搭配上清凉的冰块，一口下去，除了橙子的香气，还附赠了一丝凉意。@站酷海洛,['杯子', '橙汁', '冰块', '果汁', '橙子']
I01212340,饮料旺季,http://wallpaper.cdn.pandora.xiaomi.com/thumbnail/webp/w1080/MiTv/0481450ee16bfd544dd195d43e349e9b97d403213,CC00000009,美食,鲜果饮料，加上冰块，喝起来清爽且开胃，高颜值，在干燥总来一杯，是一种美妙的享受。@米拍/子弹zitanHe,['夏天', '饮料', '摄影', '荔枝']
I01295853,常吃麦片对身体有好处,http://wallpaper.cdn.pandora.xiaomi.com/thumbnail/webp/w1350/MiTv/0ef4a02fbb64a4a138733137b33b56aee4417ab45,CC00000009,美食,麦片是非常受欢迎的早餐选择，它既营养又美味，对身体健康特别有好处。麦片冲泡非常简单，对于早上时间不宽裕的上班族来说也是很方便的。@圈子,['酸奶', '麦片', '坚果', '火龙果', '瓷碗']
I01186100,赏心悦目的甜品,http://wallpaper.cdn.pandora.xiaomi.com/thumbnail/webp/w1080/MiTv/000c8b42fc49d417021219a6e2de9d017a2777d38,CC00000009,美食,在烘焙帮蛋糕卷可算是出镜率最高的，每一次出镜都能让帮友们惊艳。美到冒泡泡的蛋糕卷，做起来也很简单呀！@图虫创意,['糕点', '甜食']
I01289729,夏日饮冷饮有讲究,http://wallpaper.cdn.pandora.xiaomi.com/thumbnail/webp/w1350/MiTv/0d4ed96f5b3a5483398e65e8a0de4afd73635634c,CC00000009,美食,选购冷饮食品时应注意安全卫生。冷饮香味应与品名相符，应香味柔和，无刺鼻气味，若有异味，则表明已变质；冷饮滋味应酸甜适宜，不得有苦味、涩味；冷饮的色泽应清澈透明，无杂质、不混浊、不沉淀，如发现饮料分层，是已变质的显著标志，不能饮用。@有料,['可口', '夏天', '清凉', '香甜']
I01385281,重量级美食 就要大口吃肉,http://wallpaper.cdn.pandora.xiaomi.com/thumbnail/webp/w1350/MiTv/0529bf97c0006400fad883b70d046a8920df2d757,CC00000009,美食,烤牛排口感细腻、肉质鲜美，是享受美食的最佳选择。简单的盐和黑胡椒已经可以为牛排提供足够的味道，但除此之外，还可以尝试其他调味方法，例如大蒜、迷迭香、香葱、姜、花椒等。不同的调味方式可以为牛排带来不同的口感和风味。@站酷海洛,['牛排', '牛肉', '西餐', '鲜嫩', '细腻', '烘烤', '小米精选']
I01217389,夏日甜品,http://wallpaper.cdn.pandora.xiaomi.com/thumbnail/webp/w1080/MiTv/0bb2d9402fa4e402401d5d9315086c81a4b6e1c89,CC00000009,美食,凉冰冰的奶油蛋糕，加入芒果、柠檬，色彩鲜艳、酸酸甜甜，简直就是舌尖上的天堂。@视觉中国,['可口', '食品', '酸甜', '糕点', '甜食']
I01062856,唯冰淇淋与爱不可辜负,http://wallpaper.cdn.pandora.xiaomi.com/thumbnail/webp/w1080/MiTv/0e60415c4f49445822149607184e22228f9d5b450,CC00000009,美食,很少有人能抗拒冰淇淋的诱惑。奶油的鲜醇搭配上各式水果、香料的清新，当一勺冰淇淋触碰舌尖，入口即化，清凉舒爽的感觉马上传遍全身，每一个细胞都好像都获得了新生。@视觉中国,['冰淇淋', '食品', '糕点', '甜食']
I01261738,减肥这个时间别喝咖啡,http://wallpaper.cdn.pandora.xiaomi.com/thumbnail/webp/w1350/MiTv/04942adb9905c495aa2f215afde6e0ab49b5dccec,CC00000009,美食,许多人喜欢在下午来一杯咖啡提神，不过专家表示，若想减肥就千万别在下午喝！咖啡会刺激食欲，让人更想吃甜食、垃圾食物，对于想减重的人来说，喝咖啡的最佳时段就是早上。@今日必看,['蜡烛', '多肉植物', '托盘', '提神']
I01219604,吃了不怕胖？如何挑选健康奶油！,http://wallpaper.cdn.pandora.xiaomi.com/thumbnail/webp/w1080/MiTv/086531484ccba421d2cb570bddeb3d2166662342a,CC00000009,美食,植物性奶油与鲜奶油、乳玛琳，都是采用植物油仿造奶油口感制成。由於植物油在常温下会以液态存在，因此植物性奶油需经过氢化处理，改变植物油分子结构，就算置於常温也可保持固状。@视觉中国,['食品', '味道']
I01248952,请你品尝下午茶,http://wallpaper.cdn.pandora.xiaomi.com/thumbnail/webp/w1350/MiTv/044df14c772bd40a925886a25a624155a7b81f837,CC00000009,美食,喜欢草莓绝对不能错过的草莓饮品，草莓饮品颜值高，口感绝佳，奶油的质感中包含着草莓的清香味道，奶油包裹着草莓送入口中，就是绝佳的味蕾冲击。@米拍/G_FAFA,['食品', '摄影']
I01212321,无法抗拒的蛋糕,http://wallpaper.cdn.pandora.xiaomi.com/thumbnail/webp/w1080/MiTv/036b1f5fb52a4422330b95c9d50cba1fa08b1575f,CC00000009,美食,光看芝士两个字就觉得幸福，入口香甜松软绵密的芝士蛋糕，恰好的甜度，有些湿润的内芯。@米拍/摄影师摩子,['芝士', '摄影']
I01368178,舌尖上的“地方小吃”,http://wallpaper.cdn.pandora.xiaomi.com/thumbnail/webp/w1350/MiTv/0cb4d502cc3044d348f123c0c9fc80fcf5a7e418b,CC00000009,美食,响铃卷是杭州著名的名菜之一，该菜的特色是油炸而成的“炸响铃”，皮层松脆突出了豆香，里层鲜嫩增添了食欲，特别是食用时再辅以甜酱、葱白屑或花椒盐，就更感香甜可口，风味引人。@站酷海洛,['餐盘', '木桌', '小吃', '摆盘', '小米精选']
I01205381,面包大全,http://wallpaper.cdn.pandora.xiaomi.com/thumbnail/webp/w1080/MiTv/0729b401906a282abbb26bca264fee20841435be8,CC00000009,美食,刚出炉的面包趁热吃，表皮香脆，内部松软弹性，再蘸着浸过香草药的冷榨橄榄油，或者加芝士、火腿、生菜做成三明治，一个简易的下午茶点就完成了。@视觉中国,['食品', '香甜']
I01251644,甜点的神奇功效,http://wallpaper.cdn.pandora.xiaomi.com/thumbnail/webp/w1350/MiTv/0ddf46ece371e481bbdae9c8b21eb96f45e790157,CC00000009,美食,甜品里充足的糖分能帮助补充血糖。人体内血糖过低会出现头晕、无力等症状，甜食可以补充人体所需的葡萄糖。就连糖尿病人这样惧糖的人，也会被医生提醒携带糖块，以免因过度控制糖分摄入而导致血糖过低。@有料,['甜蜜', '优美', '愉悦', '肥胖', '糕点', '甜食']
I01220641,为什么面包店的面包更好吃？,http://wallpaper.cdn.pandora.xiaomi.com/thumbnail/webp/w1080/MiTv/0209f572e9d632602e5492c9c3bc0fc6cf0439c9b,CC00000009,美食,面包改良剂：能让面包更柔软、弹性更高，并有效延缓面包老化发干的时间，更重要的是体积比传统做法大，卖相更好。不法商家在面包改良剂中添加违禁的溴酸钾，虽然能增白、强筋、增加弹性的作用，但可能会导致癌症。@视觉中国,['食品', '味道']
I01223358,吃甜食的危害,http://wallpaper.cdn.pandora.xiaomi.com/thumbnail/webp/w1080/MiTv/0ca6040d49178eccdfafac12bf06ed92091413dc9,CC00000009,美食,过多的食用甜食会让身体内维生素B群的代谢变慢，造成皮肤大量出油。油脂分泌过多会导致毛孔堵塞，从而长出恼人的痘痘。@图虫创意,['食品', '糕点', '甜食']
I01288062,自制夏日神仙饮品,http://wallpaper.cdn.pandora.xiaomi.com/thumbnail/webp/w1350/MiTv/0ccfbe8d9ccbb4307a333c938cf9ee361b6fb157f,CC00000009,美食,玫瑰花芳香清甜，柠檬片酸甜爽口，泡上一杯玫瑰柠檬茶，口感自然酸甜、柔和醇厚，空气中也弥漫着淡淡的玫瑰香气，连茶水都是淡淡的粉色，这才是仙女们该喝的美容养生茶。@锐景,['享受生活', '清新自然', '玫瑰花', '玫瑰', '柠檬', '惬意']
I01234724,饭要吃好才行，规律才健康,http://wallpaper.cdn.pandora.xiaomi.com/thumbnail/webp/w1080/MiTv/0939bd42d43384e0d3fc703f6e5c074d99d13b38b,CC00000009,美食,同时还要注意，两餐间隔的时间要适宜，间隔太长会引起高度饥饿感，影响人的劳动和工作效率；间隔时间如果太短，上顿食物在胃里还没有排空，就接着吃下顿食物，会使消化器官得不到适当的休息，消化功能就会逐步降低，影响食欲和消化。@视觉中国,['食品', '味道']
I01240899,吃甜品不胖小窍门,http://wallpaper.cdn.pandora.xiaomi.com/thumbnail/webp/w1080/MiTv/06ce0b5f34f56451b1645783cbfb29ede17c7fd77,CC00000009,美食,吃甜食可以吃些热量较低的点心，比如吃全麦面包加水果就是好选择，全麦纤维和水果纤维都是能保持好身材的。微量的糖不会导致发胖，况且吃面包后喝水也影响了胃部的消化，避免脂肪的沉积。@今日必看,['食品', '糕点', '甜食']
I01262206,减肥时应该怎么吃甜食,http://wallpaper.cdn.pandora.xiaomi.com/thumbnail/webp/w1350/MiTv/07694922410ce4bbdb3f27092e9e47fef8222ecd9,CC00000009,美食,吃够蛋白质。只有当身体中的营养素足够时，我们才不再需要额外的能量，如果感到饥饿难忍，可以先吃个鸡蛋等富含优质蛋白质的食物，能有效降低对甜食的渴望。@有料,['减肥', '可口', '裸蛋糕', '糕点', '香浓', '甜食', '草莓蛋糕']
I01207786,“臭臭”的美味有多迷人？,http://wallpaper.cdn.pandora.xiaomi.com/thumbnail/webp/w1080/MiTv/0a09b5feed7188d0788ae104a7b5c2f33124063e0,CC00000009,美食,千万别小瞧一碗简简单单的螺蛳粉，要想做成勾魂的螺蛳粉，每一个配料、小细节都有玄机。就拿粉来说，制作螺蛳粉要用陈米。虽然放久的米会失去油性，胶质散尽，但吃起来弹性却很好，“越陈越好”是螺蛳粉爽滑的秘密。@视觉中国,['刺激', '食品', '享受', '外卖', '味道', '螺蛳粉', '小米精选']
I01295259,颇有特色的甜食,http://wallpaper.cdn.pandora.xiaomi.com/thumbnail/webp/w1350/MiTv/073cbf981949b459290cbeba3d729eb9e44f3a4ea,CC00000009,美食,红丝绒蛋糕是特有的丝绸般的口感和柔滑的奶油芝士并存的高品质蛋糕。经典的美式红丝绒蛋糕不仅以优雅的颜值俘获人心，而且在味觉上也带给我们唯美的体验。@站酷海洛,['开心', '糕点', '红丝绒', '甜食']
I01228853,让生活更加充实的“奥秘",http://wallpaper.cdn.pandora.xiaomi.com/thumbnail/webp/w1080/MiTv/049525d7a580bffd9160c48d27c63d3f9a6425fc3,CC00000009,美食,奶油是烘焙中必不可少的材料之一，它加入少许糖打发之后，会如云朵般柔软且香气四溢，与水果的默契配合就好像是生活的调和剂，既清新又香甜。@锐景,['享受生活', '惬意', '柔软', '诱人', '糕点', '甜食', '小米精选']
I01192341,甜品中的色彩学,http://wallpaper.cdn.pandora.xiaomi.com/thumbnail/webp/w1080/MiTv/059fed46d844f4f5c2306f7823bbbb01ceeb9d2cb,CC00000009,美食,视觉上，颜色是对甜品最直接的表达，它可以让你的甜品变得让人垂涎三尺、平淡无奇，或是令人恐惧。@图虫创意,['慕斯', '糕点', '甜食']
I01234492,早餐误区你中了几个,http://wallpaper.cdn.pandora.xiaomi.com/thumbnail/webp/w1080/MiTv/06a7742c6ed76621b72ea59c1b6c3da363a420467,CC00000009,美食,吃油条、油饼等油腻的食物。这些食物在油炸的过程中，高温已经让它们失去了很多营养价值，还会带来致癌的风险。@图虫创意,['可口', '牛奶', '煎饼']
I01374924,各类水果的花样吃法,http://wallpaper.cdn.pandora.xiaomi.com/thumbnail/webp/w1350/MiTv/0f82cb935dc704dc390406c1ac229a43d85a5762e,CC00000009,美食,橙子是一种维生素C很高的水果，一年四季都可以食用。不过，单吃橙子未免有些单调，不妨做成橙子奶冻，既补充了维生素，又补充了蛋白质。而且，还能让家里不爱吃水果的宝宝，也可以大快朵颐哦！@站酷海洛,['勺子', '杯子', '牛奶', '橙子']
I01218332,夏天就要这么吃,http://wallpaper.cdn.pandora.xiaomi.com/thumbnail/webp/w1080/MiTv/0f34f258c455c40043534a59714f5cfd17c46bee5,CC00000009,美食,夏天来一杯酸奶，解暑又美味。奶香浓郁的酸奶，口感醇厚，加入的水果、燕麦与酸奶的口感相得益彰，实在是夏日的解暑神器。@锐景,['清新自然', '酸奶', '冰激凌', '夏天', '清爽']
I01197720,甜品的灵魂,http://wallpaper.cdn.pandora.xiaomi.com/thumbnail/webp/w1080/MiTv/049855443a48e4d9130f63317a29124f3cad85350,CC00000009,美食,对于很多人来说，甜品的意义已经超过食物本身。一勺下去，浓浓的果香和香甜的奶味在舌尖上绽放，让你忍不住来第二口，整个吃完，心中都是满足感。@锐景,['享受生活', '惬意', '诱人', '糕点', '甜食']
I01213896,你是久坐族？排毒饮食了解一下,http://wallpaper.cdn.pandora.xiaomi.com/thumbnail/webp/w1080/MiTv/0894df4830f6442ae11e144fe1d842e3a870a8eaa,CC00000009,美食,红薯含有淀粉和纤维素，它们在肠内能吸收大量水分，促使食物软化，并避免毒物在肠内久存。同时它还含有的“脱氢异雄固酮活性物质”，可抑制癌细胞的产生和增长，特别是对防治肠癌有其独特作用。@视觉中国,['食品', '红薯']
I01153146,一见倾心的美食甜点,http://wallpaper.cdn.pandora.xiaomi.com/thumbnail/webp/w1080/MiTv/00f1e49b1bcd68042ef495f8d72fa6d53b042f456,CC00000009,美食,造型可爱的纸杯蛋糕，像太阳一样给人以温暖，萌萌哒的样子让人的心情都变好了。@视觉中国,['清新自然', '糕点', '甜食']
I01234493,早餐误区你中了几个,http://wallpaper.cdn.pandora.xiaomi.com/thumbnail/webp/w1080/MiTv/0eee2556296c54a081491680fdf829ef4c104b391,CC00000009,美食,饮料当早餐。这样长期吃容易出现营养不良，并且饮料中糖的含量很高，容易产生不必要的疾病隐患。@图虫创意,['可口', '糕点', '甜食', '丸子']
I01382736,早餐别再犯愁吃什么啦,http://wallpaper.cdn.pandora.xiaomi.com/thumbnail/webp/w1350/MiTv/0818c1146356f49ffb114231825e529dda1c37b0d,CC00000009,美食,可爱的方形煎蛋，搭配上芝士和绵软的小蛋糕，这样的搭配谁见了不迷糊呀？早晨来上这样一份早餐，不仅颜值高，味道好，就连心情也变得无比畅快！@站酷海洛,['西餐', '香甜']
I01251681,玛德琳  贝壳蛋糕,http://wallpaper.cdn.pandora.xiaomi.com/thumbnail/webp/w1350/MiTv/0f7554fd5d320cde03e347a50e55c2b8968402f4f,CC00000009,美食,玛德琳蛋糕是一种法国经典的甜品，因为它的外形非常像贝壳，又叫做贝壳蛋糕。莓子的混搭，让玛德琳在外形上形成了难得的酱红色，口感上比一般的蛋糕更多果酸和果香的滋味冲击。@米拍/僖儿,['食品', '摄影', '玛德琳']
I01262197,难得的舌尖美味,http://wallpaper.cdn.pandora.xiaomi.com/thumbnail/webp/w1350/MiTv/04d0eaeb07ea848df840480a1f616b42c83815265,CC00000009,美食,美味又好看的蜂蜜奶油蛋糕，蛋糕饼里夹着清脆饼干、香甜奶油，口感丰富又好做，想想就很治愈了啊。@有料

,['可口', '蜂蜜', '裸蛋糕', '香浓', '鲜奶油', '淡奶油']
I01193644,生活需要一点甜,http://wallpaper.cdn.pandora.xiaomi.com/thumbnail/webp/w1080/MiTv/0804154dcd2c72595aa4dd1b1b4ae9f35ec41147b,CC00000009,美食,用爆米花与巧克力酱装点的美味沙冰，用小勺挖开的瞬间，巧克力酱便肆意横流，邪恶又美丽。@视觉中国,['酸奶', '爆米花', '食品', '糕点', '甜食']
I01194061,我的果汁分你一半,http://wallpaper.cdn.pandora.xiaomi.com/thumbnail/webp/w1080/MiTv/0b6c747de14aa9c80a022dbda89cc81d5bf436f0d,CC00000009,美食,橙汁颜色鲜亮，闻起来有甜甜的橙子香味。口感顺滑醇厚，略有橙汁的苦味，整体味道甜而不腻，非常清香爽口。而且大家都觉得新鲜橙汁很有益健康哦！@有料,['可口', '爽口', '橙汁', '橙子', '香醇']
I01206822,一杯自制的夏季饮品,http://wallpaper.cdn.pandora.xiaomi.com/thumbnail/webp/w1080/MiTv/02d3184ea95684ce82aa46820dee8c56d4327010a,CC00000009,美食,炎热的夏天怎么能少的了一杯自制的黄桃汁呢？ 现榨的黄桃汁不仅包含了水果本身的原汁原味，而且冰镇之后的口感更佳清爽解腻，是驱热解暑的必备饮品。@锐景,['可口', '夏天', '清爽', '黄桃', '惬意', '解暑']
I01373845,夏日畅饮清凉,http://wallpaper.cdn.pandora.xiaomi.com/thumbnail/webp/w1350/MiTv/001e4c607085e4e5ab5bdaeaac215e72ef3817e11,CC00000009,美食,在夏季，饮用冷饮可以带来一种清凉、解暑的感觉，让人感受到舒爽与满足。当你拿起一杯冰凉的饮品时，你会立刻感受到它传递出来的温度。冷饮中散发出来的凉气，顺着你的手指和手掌心渗透进来，令人感到愉悦和清凉。@圈子,['薄荷', '杯子', '凉爽', '水杯', '饮料', '冰冷']
I01367821,花样酸奶轻食,http://wallpaper.cdn.pandora.xiaomi.com/thumbnail/webp/w1350/MiTv/022a4c56056d9415cba97a136317b896680f19fe8,CC00000009,美食,酸奶除保留了鲜牛奶的全部营养成分外，在发酵过程中乳酸菌还可产生人体营养所必需的多种维生素，即使是对乳糖消化不良的人，吃酸奶后也不容易发生腹胀现象。@图虫创意,['清新自然', '酸奶', '轻食']
I01265359,螃蟹的营养，你知道多少？,http://wallpaper.cdn.pandora.xiaomi.com/thumbnail/webp/w1350/MiTv/066ce36eb7a2f425b978cb5322e193e88c6807f16,CC00000009,美食,蛋白质是增长肌肉的主要营养素，螃蟹中的蛋白质，是你最好的选择之一。螃蟹几乎包含了所有身体所需的氨基酸种类，而且，对于各个年龄段的人来说，都比较容易消化。@视觉中国,['可口', '海鲜', '螃蟹', '食品', '小米精选']
I01258527,奶茶vs饮茶,http://wallpaper.cdn.pandora.xiaomi.com/thumbnail/webp/w1350/MiTv/04b87aa744d8e4c9390145c80a736d15221ef6b89,CC00000009,美食,饮茶适当是健康的养生习惯，因为工作压力问题，越来越多的年轻人，开始接触喝茶。很多人刚尝试喝茶，因为没有选对茶，导致头一回的茶体验相当差。年轻人喝茶应该怎么选择呢？结合自身的身体状况、体质等，“对症喝茶”才能够真正发挥以茶养生的作用。@锐景,['享受生活', '清茶', '柠檬片', '惬意']
I01193628,味觉的诱惑,http://wallpaper.cdn.pandora.xiaomi.com/thumbnail/webp/w1080/MiTv/0804154dce2c735953a4de1b164aeff359c41147b,CC00000009,美食,抹茶的绿有一股魔力。好似凝视着庭院的一草一木，一竹一叶。细味抹茶的醇和，干涩，烦躁的心不自觉沉淀下来。咚！竹管一声清脆的击水声，听听心里的那声音。@有料,['可口', '抹茶', '香浓', '甜品台', '蛋糕卷']
I01207662,夏季限定饮料来袭,http://wallpaper.cdn.pandora.xiaomi.com/thumbnail/webp/w1080/MiTv/04d3184ea95584cec2aa42820d4e8c55d432f010a,CC00000009,美食,夏天与树莓，本身就是相当完美的一对！将冰镇好的树莓，放入冰镇好的汽水，看着杯中升起的气泡水，难道还不够消暑吗？喝上一口，酸酸甜甜，还有点刺嘴，很凉爽！@锐景,['享受生活', '夏天', '清爽', '惬意', '饮料', '树莓']
I01168866,饼干不怕“冷”,http://wallpaper.cdn.pandora.xiaomi.com/thumbnail/webp/w1080/MiTv/081404996eb3b9b6b0f116ae7f0653eef42439daa,CC00000009,美食,香甜的饼干会带给你丰富的热量，让你的冬天温暖倍增。不过不要小看饼干的热量，一小块饼干藏有丰富的油脂、碳水、糖分，多吃会让你直面减肥难关。@图虫创意,['优美', '雪景', '饼干', '圣诞树', '糕点', '树桩', '甜食']
I01238891,来自美食的温暖拥抱,http://wallpaper.cdn.pandora.xiaomi.com/thumbnail/webp/w1080/MiTv/008d0498e46db150e9c844fb76b3789e862434c98,CC00000009,美食,如今的美食，不仅只是果腹，还可以怡情，养性。在品味美食的那一刻，所有不安和伤心得到短暂的安放，内心获得深深的慰藉。享受完美食后，继续生活，继续奋斗。@视觉中国,['清新自然', '餐具', '香料', '坚果仁', '糕点', '甜食']
I01168569,草莓的美妙滋味,http://wallpaper.cdn.pandora.xiaomi.com/thumbnail/webp/w1080/MiTv/0a3e2555d51d3fd3146564d1741e77f90ee41226b,CC00000009,美食,一颗颗红艳艳的草莓，有着酸甜可口的清新味道，可以搭配出多种多样的美妙滋味。你可以用它搭配千层蛋糕，既可以丰富甜品的口感，也可以补充维生素。@图虫创意,['清新自然', '餐具', '糕点', '甜食']
I01234494,早餐误区你中了几个,http://wallpaper.cdn.pandora.xiaomi.com/thumbnail/webp/w1080/MiTv/06a7742c6ed76621ba2ea39c116c3ca361a420467,CC00000009,美食,只吃水果当早餐。水果的主要成分是水分，其次包括糖分、矿物质和维生素，缺乏蛋白质和脂肪，这样吃也容易饿，中午一不小心吃多就白费了。@图虫创意,['可口', '暖色调', '红薯', '奶茶']
I01210602,减肥期怎么面对甜点？,http://wallpaper.cdn.pandora.xiaomi.com/thumbnail/webp/w1080/MiTv/06e5c147baa0d403a306bcb304557c675c384bff4,CC00000009,美食,每天减少甜食的摄入，增加蛋白质的摄入，你就不会感觉到饥饿。把饮食结构调整到健康的状态并且坚持一段时间，你会发现甜点对你的吸引力就没有那么大了。@视觉中国,['糕点', '甜食', '蛋糕卷']
I01392961,精致可口的下午茶,http://wallpaper.cdn.pandora.xiaomi.com/thumbnail/webp/w1350/MiTv/0cabcc902c5e14e04aa097a87bd965992bc6d3e23,CC00000009,美食,冷藏后的瑞士卷蛋糕，吃起来更有特殊的风味，而且瑞士卷蛋糕里面的蛋糕部分用的糖量不多，更能凸显巧克力的味道。瑞士卷蛋糕有蛋糕的口感，还有奶油的丝滑，携带起来也比较方便，做好之后带几块当做午餐也是很好的。@站酷海洛,['西餐', '香甜', '软糯', '瑞士卷']
I01291092,夏天如何挑到甜西瓜,http://wallpaper.cdn.pandora.xiaomi.com/thumbnail/webp/w1350/MiTv/0afafef519a5244beb4c0a79680328c73ebd85654,CC00000009,美食,看瓜藤：新鲜的西瓜，瓜藤一定是绿色的，瓜蒂越绿，则西瓜越新鲜；瓜藤呈自然弯曲状的西瓜比瓜藤是直的更甜；瓜藤粗壮说明西瓜在生长过程中营养充沛，汁水更饱满。@品鉴图库,['薄荷', '西瓜', '热带水果']
I01204463,爱上面条的理由是？,http://wallpaper.cdn.pandora.xiaomi.com/thumbnail/webp/w1080/MiTv/0729b501926a2f2abfb26bca274fe0208b1435be8,CC00000009,美食,面条含热量低，面条在煮的过程中会吸收大量的水，100克面条煮熟后变成400克。@视觉中国,['食品', '面条', '面食', '享受', '舒服', '味道', '小米精选']
I01234366,美味纵享,http://wallpaper.cdn.pandora.xiaomi.com/thumbnail/webp/w1080/MiTv/0b3f5579e577dcbf10a514b8814c7aa613842e025,CC00000009,美食,梅花酥，外皮酥脆香甜，内陷细腻软绵，美轮美奂的浪漫粉，光是看到这梅花酥就按耐不住有着好吃嘴的少女心。一块高颜值的梅花酥，搭配清香的茶品，就能开启一个美好的下午。@有料,['可口', '酥脆', '清香', '糕点', '甜食', '中式点心', '梅花酥']
I01207889,别太贪食，吃小龙虾也有禁忌！,http://wallpaper.cdn.pandora.xiaomi.com/thumbnail/webp/w1080/MiTv/0481440ee86bfe544fd192d43d34939b97d403213,CC00000009,美食,虾忌与某些水果同吃。虾含有比较丰富的蛋白质和钙等营养物质。如果把它们与含有鞣酸的水果，如葡萄、石榴、山楂、柿子等同食，不仅会降低蛋白质的营养价值，而且鞣酸和钙离子结合形成不溶性结合物刺激肠胃，引起人体不适。@视觉中国,['食品', '小龙虾', '味道']
I01218358,冷饮莫贪杯,http://wallpaper.cdn.pandora.xiaomi.com/thumbnail/webp/w1080/MiTv/0b34f258c454c40043534959715f5cfc17c4cbee5,CC00000009,美食,大量的冰水喝进胃里容易引起胃粘膜血管收缩，降低胃内很多酶的活性，从而容易造成消化不良。@拍信创意,['冰块', '清凉', '西柚']
I01257765,“以花入菜”怎么玩？,http://wallpaper.cdn.pandora.xiaomi.com/thumbnail/webp/w1350/MiTv/0bbc02adc708b4ce2acbb07c640b301fb5b0909db,CC00000009,美食,琉璃苣花尝起来夹带着薄荷与黄瓜的清香，也有人觉得它的口感像牡蛎。前菜蟹王（King Crab）就用新鲜的琉璃苣来调和各路海鲜：螃蟹、海胆、鲑鱼子和奥斯特拉鲟鱼子酱 （Osetra Caviar）。@视觉中国,['鲜艳', '食品', '享受', '味道', '小米精选']
I01260880,喝水的误区，千万别犯！,http://wallpaper.cdn.pandora.xiaomi.com/thumbnail/webp/w1350/MiTv/0f3814588f5774aafbf17284e655f78ad08420391,CC00000009,美食,很多人没有主动喝水的习惯，通常会在觉得口渴时才急忙喝水，其实这是错误的做法，因为在产生强烈口渴症状的时候，大脑已经向身体提示目前处于过度缺水的状态，甚至已经有血液粘稠化的危险，正确的做法是在出现口渴症状以前就喝水。@视觉中国,['喝水', '习惯', '保健', '小米精选']
I01234524,做虎皮蛋糕时注意了,http://wallpaper.cdn.pandora.xiaomi.com/thumbnail/webp/w1080/MiTv/01ee25c6256154a007491b80f1b82be3449419d95,CC00000009,美食,出炉后马上倒扣出模，放在凉架上，表皮向上。这样不会让水汽弄湿表皮，也不会有凉架的烙印。@图虫创意,['糕点', '甜食']
I01392966,甜蜜诱人的创意甜品,http://wallpaper.cdn.pandora.xiaomi.com/thumbnail/webp/w1350/MiTv/014937129334b4737afa336c0399f1cad59313258,CC00000009,美食,人们经常吃的纸杯蛋糕，是带奶油的，但是这种不带奶油，口感像海绵的纸杯蛋糕，你吃过吗？它的口感软绵绵的，并不会很甜，虽然它没有奶油的点缀，但松软的口感征服了许多人。@站酷海洛,['杯子蛋糕', '海绵蛋糕', '纸杯蛋糕']
I01258038,鸡蛋食用小妙招,http://wallpaper.cdn.pandora.xiaomi.com/thumbnail/webp/w1350/MiTv/05f5c5a0022e744baa1c625a733a8ea268d40f8d1,CC00000009,美食,鸡蛋的食用方法可以说“五花八门”，几乎是食物届的“全能选手”，不论在中式食物还是西式食物上都会出现它的“身影”。@圈子,['可口', '鸡蛋', '香蕉', '松饼', '枫糖浆']
I01166764,营养早餐吃什么？,http://wallpaper.cdn.pandora.xiaomi.com/thumbnail/webp/w1080/MiTv/0361256d39cc6465e00e50be066e284e9924056bd,CC00000009,美食,早餐不知道吃什么？营养健康的法式煎饼搭配新鲜果酱，酸甜可口，方便快捷，最适合早起的上班族啦！@视觉中国,['薄饼']
I01368191,夏季减重最佳饮品,http://wallpaper.cdn.pandora.xiaomi.com/thumbnail/webp/w1350/MiTv/00849a2019a324d89939ce0887dafd88c67fd1cc1,CC00000009,美食,夏天，怎能少得了水果呢？混合果蔬汁是夏日最佳的能量瘦身饮品，既能提供很强的饱腹感，又能补充大量维生素，其中丰富的木脂体还能充分刺激体脂分解。@有料,['酸甜', '冰凉', '荔枝']
I01359977,水果的趣味文史知识,http://wallpaper.cdn.pandora.xiaomi.com/thumbnail/webp/w1350/MiTv/0a18a5dcded5442e1be25e3f32d4cb2cf38825665,CC00000009,美食,最早关于荔枝的文献是司马相如的《上林赋》，文中写作“离支”，有割去枝丫之意。大约从东汉开始，“离支”写成“荔枝”。@站酷海洛,['餐盘', '茶杯', '荔枝', '小米精选']
I01266868,红丝绒的由来和传说,http://wallpaper.cdn.pandora.xiaomi.com/thumbnail/webp/w1350/MiTv/09d9d148ca21343a0944cda22d08e464fd5cf46e0,CC00000009,美食,红丝绒一开始是用来做蛋糕的原料，因为用这种原料做出来的蛋糕颜色殷红美丽，加上轻盈、滑顺的口感而得名。@图虫创意,['可口', '食品', '糕点', '甜食']
I01210896,爱吃披萨？那就自己动手做一下！,http://wallpaper.cdn.pandora.xiaomi.com/thumbnail/webp/w1080/MiTv/0ee5c147baaad4037306b5b304b57c615c388bff4,CC00000009,美食,先说饼基，就是底下那层面，不同的面饼发酵方法不一样，跟做面包差不多。用面粉、橄榄油、酵母和盐，用36小时低温发酵制成的薄饼底儿，饼底儿的配方可以去网站上去找，多试几次找出合适自己口味的即可。@图虫创意,['披萨', '食品', '快餐', '味道']
I01188286,“娇气”的淡奶油,http://wallpaper.cdn.pandora.xiaomi.com/thumbnail/webp/w1080/MiTv/089f725b6f42d46831f22e6d04982f7cd3f69b3c9,CC00000009,美食,动物淡奶油在打发前需要在冰箱冷藏12小时以上，食用前需要摇匀再倒出，天热时则可以底下隔冰水打发。因为淡奶油的储存“娇气”，建议尽量用多少打多少。@视觉中国
,['柠檬片', '饮料']
I01209762,夏天露肉，少喝这些就不肥了,http://wallpaper.cdn.pandora.xiaomi.com/thumbnail/webp/w1080/MiTv/08fdfb549e0db464606a417b029c3ae5cce353ba7,CC00000009,美食,啤酒本身含有很多的糖分，进入人体后就会转换成脂肪储存起来，而且喝啤酒也能够刺激胃液的分泌，也会增加一些食欲。导致吃过多的食物，就容易导致体重增加，所以尽量晚上不要喝啤酒。@视觉中国,['烧烤', '夏天', '啤酒', '食品']
I01231694,自己动手 丰衣足食,http://wallpaper.cdn.pandora.xiaomi.com/thumbnail/webp/w1080/MiTv/053f5549e875d4bfe2a51ab880cc72ad1771e46eb,CC00000009,美食,草莓酱的做法竟如此简单？按着步骤走，半年都不会坏。只需将草莓切丁，滴上几滴柠檬水，放进锅中熬制即可！但是也不要忘记在熬制的过程中，加入适量的白糖哦。@锐景,['享受生活', '惬意', '诱人', '草莓酱']
I01226259,甜点背后的故事,http://wallpaper.cdn.pandora.xiaomi.com/thumbnail/webp/w1080/MiTv/065b8a57f48eb404606b3842c3c8d8aab21d55f7c,CC00000009,美食,相传在德国西南部的黑森林地区，农妇们在樱桃丰收的时候都会将樱桃加入到蛋糕中，制作成具有黑森林地区特产的“黑森林蛋糕”。@图虫创意,['食品', '糕点', '黑森林', '甜食']
I01238887,来自美食的温暖拥抱,http://wallpaper.cdn.pandora.xiaomi.com/thumbnail/webp/w1080/MiTv/0fc8958ec51f9863909e3471b483f84cd17415d1b,CC00000009,美食,爱上美食，用心备好每一餐，治愈自己，也丰富自己，努力活成别人羡慕的样子。美食，是世间最治愈心情的东西。最难风雨故人来，唯有美食暖人心。@视觉中国,['餐具', '酱料', '坚果仁', '布丁', '糕点', '甜食']
I01234488,盘点那些高颜值美食,http://wallpaper.cdn.pandora.xiaomi.com/thumbnail/webp/w1080/MiTv/0bee2556296a54a001491680fd4829eb4c104b391,CC00000009,美食,​桃花酥是古代宫廷糕点，外形和色泽酷似桃花，粉红色的千层酥皮包裹着香甜的豆沙，咬一口酥到掉渣。桃花酥已经有上百年的历史，古代的做法十分考究，用应季的桃花染色，流传至今。@图虫创意,['酥饼', '绝美', '糕点', '甜食']
I01058561,味蕾碰撞马卡龙,http://wallpaper.cdn.pandora.xiaomi.com/thumbnail/webp/w1080/MiTv/053065a9e47aa77df8deb4157b5ff37f6a541fb76,CC00000009,美食," 甜品界的毕加索 "Pierre Hermé 曾这么形容马卡龙：“它的重量只有几克，但是却足以给你满足地颤抖。它们很薄，脆壳、圆圆的形状、诱人的颜色和湿软的馅料让爱好者们先饱眼福”。@图虫创意,['马卡龙', '糕点', '甜食']
I01207562, 免疫力保护“冠军”！,http://wallpaper.cdn.pandora.xiaomi.com/thumbnail/webp/w1080/MiTv/070604d7f6ee45b2c9ffe81d0d02d6ec43842fcd2,CC00000009,美食,常吃草莓是一件符合时宜且有生活趣味的事情，吃甜甜的水果可以让我们变得开心，而“开心”则是强大免疫力的促进剂！@拍信创意,['高热量', '餐具', '碟子', '叉子', '开心果', '少女心', '糕点', '甜食', '小米精选']
I01285240,放假这样“喝”不发胖,http://wallpaper.cdn.pandora.xiaomi.com/thumbnail/webp/w1350/MiTv/0e63f25e1780d4dee8ffe93cecf4607a2fe950000,CC00000009,美食,我们常见的饮料品类有碳酸饮料、酒精饮料、果汁饮料、茶饮料和咖啡饮料及果醋饮料等，很多人想要健康，因此会选择零糖饮品，但所谓的零糖都是添加额外的糖分的，想要喝饮料不发胖的唯一途径就是喝完运动。@锐景,['摆盘']
I01265507,正确的下午茶进食原则,http://wallpaper.cdn.pandora.xiaomi.com/thumbnail/webp/w1350/MiTv/06ac396700169440a8daf9747b903268ec1a6c0b2,CC00000009,美食,适量就好拒绝多吃。虽然少食多餐有利于减重，但是要是不控制食量，那可就变成多食多餐了，所以正确的做法是下午茶最多只吃200大卡，只要不太饿就行，千万不要吃到饱才停嘴哦！@米拍/摄影师摩子,['食品', '摄影', '糕点', '甜食']
I01261730,冰激凌竟有这样的好处,http://wallpaper.cdn.pandora.xiaomi.com/thumbnail/webp/w1350/MiTv/095a3a83f92b64d3eb92c889bda8cdd9caf5f1445,CC00000009,美食,冰淇淋的低温，可以让大脑皮层的神经细胞，处于比较兴奋的状态。可以帮助食用者缓解困倦，同时集中注意力，提高大脑专注度和工作效率。@有料,['可口', '冰激凌', '夏天', '冰淇淋', '清凉', '香浓']
I01195705,减脂期间的天使饮料,http://wallpaper.cdn.pandora.xiaomi.com/thumbnail/webp/w1080/MiTv/08d634b591e36dbca9335ca2b77c1aab61440831d,CC00000009,美食,这款梨汁快乐水是天然有气矿泉水，0糖，0脂肪，0卡路里，淡淡的鸭梨香，气泡在舌尖跳动，清新爽口。餐前喝可以控制食欲，餐中喝可以解腻，餐后喝还有利于改善便秘。简直是怕胖的饮料爱好者的福音。@有料,['爽口', '清凉', '香梨', '鸭梨', '气泡水']
I01192771,达人们的烘焙经验,http://wallpaper.cdn.pandora.xiaomi.com/thumbnail/webp/w1080/MiTv/02041b4dcc237459f1a4d11b14fae7f654c5a4318,CC00000009,美食,大家在学习制作甜品的过程中可以不要太看重配方这个东西。你需要关注的是每个制作步骤，以及决定甜品成败的每个细节，这样不管你拿什么配方都能制作。@视觉中国,['烘焙', '糕点', '甜食']
I01358306,春日爆款饮品推荐,http://wallpaper.cdn.pandora.xiaomi.com/thumbnail/webp/w1350/MiTv/0ef83c6fd44af4cf8bee19c33857e781241b8a467,CC00000009,美食,春天的幸福感是从清晨一杯冰冰凉凉的隔夜燕麦开始的，每一口爆发在嘴里的浓郁奶香，还有酸甜清爽的果香都在驱赶春日清晨的困倦，为身体注入满满元气。@锐景,['燕麦']
