I01213602,芳心静如水中莲,http://wallpaper.cdn.pandora.xiaomi.com/thumbnail/webp/w1080/MiTv/00df455e3d75442df36294a9a26450108e4eb4a36,CC00000001,艺术,姚霁月的荷花牡丹，如观笔之舞，墨色蹈，色韵悦目，气韵动心，最美的荷花意牡丹韵，都源自于她超能的笔墨传承和创造。作品《鸾姿凤态》。@ArtTouch,['艺术家', '艺术画', '荷花', '牡丹', '工笔画', '当代艺术', '花鸟画', '花鸟', '姚霁月']
I01050590,橘猫“大闹”世界名画,http://wallpaper.cdn.pandora.xiaomi.com/thumbnail/webp/w1080/MiTv/0da305cd8fcf78b92088756d822193f7ba843d565,CC00000001,艺术,俄罗斯画家斯韦特兰娜·佩特洛娃想要将自己的橘猫融入到世界名画中，创作世界上最具创意的油画作品。她让这只大腹便便的黄色家猫在伟大的艺术家波提切利、达利、达芬奇、莫奈的作品中得到了“永生”。@视觉中国,['蒙娜丽莎', '达芬奇', '橘猫', '小米精选']
I01165415,探自然生命  悟精神世界,http://wallpaper.cdn.pandora.xiaomi.com/thumbnail/webp/w1080/MiTv/0997c46e0abdd5895fef4962cd24091015a40a47a,CC00000001,艺术,艺术家李娜运用水墨为介质，展露出感官的世界，描绘出内心的人文景观，将现实与神话中的动物相结合，与灵石、传统云纹等一起融入到中国山水画卷中，展现出了自己的精神世界。@一真EZEN,['艺术家', '艺术画', '工笔画', '当代艺术', '灵动', '老虎', '李娜', '小米精选']
I01205713,生活，让你学会了什么？,http://wallpaper.cdn.pandora.xiaomi.com/thumbnail/webp/w1080/MiTv/0bca854832f0a51e569fc90492336a3f4df418705,CC00000001,艺术,长大了，就知道曾经的那些稚嫩一去不复返。在社会上承担了更多的责任，成熟是看透了自己，明白了很多道理。成熟的重要标志不是学会表达，而是学会咽下委屈的怒火，露出笑容。@视觉中国,['绘画', '作品', '学习']
I01217706,央美毕业季云展览,http://wallpaper.cdn.pandora.xiaomi.com/thumbnail/webp/w1080/MiTv/0493d44c7885a1500794b8397f4bc7422e2416c03,CC00000001,艺术,绘本创作工作室孙懿2020年毕业设计作品《家》，以创作者的家乡为原型，展现从1997年到2018年二十年之间几代人的生活以及时代的变化。@一真EZEN/孙懿,['艺术家', '艺术画', '学生', '毕业季', '中央美术学院', '毕业设计']
I01202527,鼠来宝,http://wallpaper.cdn.pandora.xiaomi.com/thumbnail/webp/w1080/MiTv/01c7c4ec507ca44d9136fc47d061e91ac4d43ed2b,CC00000001,艺术,立夏了，吃西瓜的大好时节要到啦，绿油油的西瓜，味道甜滋滋。图为《鼠来宝之吃瓜》，谢旭丹作品。 @一真EZEN,['水墨', '夏天', '艺术家', '艺术画', '国画', '食品', '西瓜', '艺术美食', '老鼠', '鼠来宝', '谢旭丹']
I01212555,青年艺术100展览,http://wallpaper.cdn.pandora.xiaomi.com/thumbnail/webp/w1080/MiTv/0f78cf4c790a04f59238c42283aca64d523580fd5,CC00000001,艺术,画面左侧有一个巨大的拱门作为通道，这个拱门连接过去和未来，给人一种不真实的幻觉；它赋予画面广阔的时空感，仿佛有当下一瞬间到遥远过往那么大。张钰作品《这个世界还会好吗？》@一真EZEN/青年艺术100,['艺术家', '回忆', '艺术画', '即将消失的风景', '写实', '美景', '张钰']
I01211540,央美毕业季云展览,http://wallpaper.cdn.pandora.xiaomi.com/thumbnail/webp/w1080/MiTv/071c65a49df46466a5cdc8c607adca0560441c099,CC00000001,艺术,张越，央美绘本创作工作室，2020年毕业设计作品《春福》获中央美术学院毕业设计一等奖；作品《春福》的祝愿，意图通过小福气成长的过程，向儿童传达“年味”背后对珍贵的团聚与和谐的向往。@一真EZEN/张越,['童话', '手绘', '艺术家', '艺术画', '萌娃', '毕业季', '张越', '中央美术学院', '春福']
I01190723,刘志明《荆溪春意》,http://wallpaper.cdn.pandora.xiaomi.com/thumbnail/webp/w1080/MiTv/0be824dd7f73ff13cc6b1ac2c5c5044cd11410e07,CC00000001,艺术,刘志明痴迷青绿山水，以徐徐展开的青绿画卷，致敬传统和大师。@一真EZEN,['春天', '春季', '艺术家', '艺术画', '国画', '青色调', '山水画', '《绿色的麦田》', '《青绿山水》', '《仿古山水》', '刘志明']
I01173687,画家崔彤笔下的父与子,http://wallpaper.cdn.pandora.xiaomi.com/thumbnail/webp/w1080/MiTv/03c21d4f7951f4925131cca0b82ee1cf42120eb75,CC00000001,艺术,美好的时光不知不觉间，流逝得飞快。@一真EZEN,['亲情', '优美', '父子', '艺术家', '艺术画', '国画', '人物画', '崔彤']
I01191444,静听鸟无声,http://wallpaper.cdn.pandora.xiaomi.com/thumbnail/webp/w1080/MiTv/0be824dd7873fb13c86b1ac2c3c50f4cdd1410e07,CC00000001,艺术,陈之佛是近代画坛久负盛名的花鸟画宗师，他的工笔花鸟艺术融汇了中西绘画之长，既表现出富有强烈的民族传统色彩，又具有鲜明的时代气息。陈之佛《鹦鹉》。@ArtTouch,['艺术家', '艺术画', '工笔画', '花鸟画', '花鸟', '近现代', '陈之佛']
I01095664,刘爽作品,http://wallpaper.cdn.pandora.xiaomi.com/thumbnail/webp/w1080/MiTv/080724c51a11c1efe145396bcfc28cfb74243b925,CC00000001,艺术,跌宕起伏的一生，回眸只是云淡风轻，不是自己太执着过往，而是红尘千变万化。图为《探路者—回眸》。@Artand
,['神秘', '小鹿', '刘爽']
I01172845,艺术家李娜作品,http://wallpaper.cdn.pandora.xiaomi.com/thumbnail/webp/w1080/MiTv/0843ab56f08434d0f2f3b32bbfdc5e180f8aa2292,CC00000001,艺术,那长睫毛的眼睛，脸颊上的桃红，可爱的兔宝儿，有着少女的羞涩。作品《兔宝儿》，纸本设色，作于2019年。 @一真EZEN,['艺术家', '兔子', '艺术画', '国画', '工笔画', '少女心', '李娜']
I01215673,央美毕业季云展览,http://wallpaper.cdn.pandora.xiaomi.com/thumbnail/webp/w1080/MiTv/0292c95ae660840de16421c5e81f5eff631611849,CC00000001,艺术,版画系杨丹2020年毕业设计作品《APPETITE-食欲》，有感于《孟子·告子上》：告子的观点：“食色，性也。”@一真EZEN/杨丹,['自由', '学生', '版画', '毕业季', '中央美术学院', '杨丹']
I01134754,寄情山水 只因青绿,http://wallpaper.cdn.pandora.xiaomi.com/thumbnail/webp/w1080/MiTv/0604884451a7e49a60ff49a3a6ab1d0a13141f4bc,CC00000001,艺术,此幅画作以工笔青绿山水画的形式表现楠溪江的景色，带有鲜明的地域特色，遵循“艺术来源于自然、来源于生活”和“艺术表现真善美”的创作理念，以楠溪江的自然景观为创作素材，深度挖掘楠溪江的人文精神、历史底蕴以及审美积淀。图为画家翟明帅的《楠溪消夏图》。@ArtTouch,['村庄', '国画', '山水画', '翟明帅', '小米精选']
I01035487,仰望星空,http://wallpaper.cdn.pandora.xiaomi.com/thumbnail/webp/w1080/MiTv/030bf55f4f0ad49ab228d8d383156722a8ab4cf97,CC00000001,艺术,是你错过了星空，还是我错过了你，到最后，还是只有我，独自望着星空。图为《暮光之城》，画家彼得·锡克尔斯。@视觉中国
,['彼得·锡克尔斯', '《暮光之城》', '美景']
I01205332,意蕴十二果蔬,http://wallpaper.cdn.pandora.xiaomi.com/thumbnail/webp/w1080/MiTv/01e4a74cf021d47fe3e293d981c39b56547b08917,CC00000001,艺术,画家何红玉擅没骨画法，不勾形体轮廓和结构墨线，以写意笔法，倾工笔形似。@一真EZEN,['清新自然', '夏天', '艺术品', '艺术画', '国画', '西瓜', '花鸟画', '荔枝', '何红玉', '写意']
I01050591,橘猫“大闹”世界名画,http://wallpaper.cdn.pandora.xiaomi.com/thumbnail/webp/w1080/MiTv/0ca3055d88cf74b99388726d854196fabcf2e27dd,CC00000001,艺术,来自圣彼得堡的斯韦特兰娜从好朋友那里得到灵感，他们说她的橘猫既胖又有趣，应该将它放在大师级的作品中。斯韦特兰娜于是用Photoshop创建合成搞笑图片，传到博客“伟大艺术家的喵喵”上，在网上引起了不小的轰动。@视觉中国,['橘猫', '小米精选']
I01165412,画家李娜作品,http://wallpaper.cdn.pandora.xiaomi.com/thumbnail/webp/w1080/MiTv/095ec4d848eca4e97a38c2b43bd68c611594021e1,CC00000001,艺术,孔雀是在中国文化里是吉祥幸福的象征。在希腊神话中，孔雀是象征着赫拉女神。@一真EZEN,['孔雀', '艺术家', '艺术画', '工笔画', '当代艺术', '山水画', '李娜']
I01050592,橘猫“大闹”世界名画,http://wallpaper.cdn.pandora.xiaomi.com/thumbnail/webp/w1080/MiTv/0da305cd8fcf7ab92588716d8b219cf7bb843d565,CC00000001,艺术,在斯韦特兰娜的这组搞怪作品中，胖胖的橘猫不仅完美地“融入”进世界名画中、成为画中的重要元素，它慵懒的表情和姿态更为名画“增色”不少，令人忍俊不禁。@视觉中国,['橘猫']
I01199845,冯先磊的写意书画,http://wallpaper.cdn.pandora.xiaomi.com/thumbnail/webp/w1080/MiTv/0e3624af2d7c04a396c4f89ae958633aa1b4042b1,CC00000001,艺术,冯磊，又名：冯先磊，号：三石，全国青联委员、民盟中央文化委员会副主任、民盟中央美术院理事、中国书协会员。@ArtTouch,['水墨', '艺术家', '艺术画', '国画', '水墨画', '当代艺术', '花鸟画', '花鸟', '写意', '冯先磊']
I01207817,何红玉 国画里的端午,http://wallpaper.cdn.pandora.xiaomi.com/thumbnail/webp/w1080/MiTv/0a09b05ee27c84d0408ae504a3f5cef93f170b36a,CC00000001,艺术,青瓷瓶内插着蒲草叶、绣球花，托盘里面盛有荔枝、粽子，散发着浓浓的节日气息；画面中物品聚散有致，构图巧妙，赋色淡雅。@一真EZEN,['传统', '淡雅', '国画', '端午节', '粽子', '传统节日', '荔枝', '何红玉']
I01205714,生活，让你学会了什么？,http://wallpaper.cdn.pandora.xiaomi.com/thumbnail/webp/w1080/MiTv/0de4a75cf02fd47fc3e29bd981339b5c547b68917,CC00000001,艺术,一个人的时候，要学会坚强，流了泪水，没有肩膀依靠，就自己昂起头，微笑面对天空。没有谁比自己爱自己更实在。一个人的日子，我们要学会微笑，微笑行走，微笑生活。@视觉中国,['绘画', '作品', '学习']
I01209782,齐白石 大师风采,http://wallpaper.cdn.pandora.xiaomi.com/thumbnail/webp/w1080/MiTv/08fdfb549e0bb464d06a457b028c3ae9cce3f3ba7,CC00000001,艺术,齐白石早年曾为木工，后以卖画为生，五十七岁后定居北京。擅画花鸟、虫鱼、山水、人物，笔墨雄浑滋润，色彩浓艳明快，造型简练生动，意境淳厚朴实。@浙江摄影出版社,['绘画', '艺术画', '字画', '静物画', '齐白石']
I01211526,央美毕业季云展览,http://wallpaper.cdn.pandora.xiaomi.com/thumbnail/webp/w1080/MiTv/070605d7fdee49b2cfffef1d0a02d5ec4a842fcd2,CC00000001,艺术,曹萌，央美绘本创作工作室。毕业设计作品《 毛线奶奶的帽子店 》，讲述一个开帽子店的棕熊奶奶，永远手不停歇地织着毛线活儿。这是一个以温暖为主题的故事，掩卷之后，书中的温暖也会在读者心中延续。——导师点评@一真EZEN/曹萌,['温暖', '童话', '艺术家', '绘画', '艺术画', '学生', '毕业季', '中央美术学院', '曹萌']
I01165416,探自然生命  悟精神世界,http://wallpaper.cdn.pandora.xiaomi.com/thumbnail/webp/w1080/MiTv/0997c46e0abdd58953ef4862cb24021019a40a47a,CC00000001,艺术,画中置身于自然之间的生命，显得如此轻盈灵动，充满了未知的不确定性。李娜把两只小猴子的灵动之态活跃于纸上，将国画的灵韵与心境很好地结合在了一起。@一真EZEN,['艺术家', '艺术画', '生动', '猴子', '工笔画', '当代艺术', '灵动', '李娜', '小米精选']
I01211533,央美毕业季云展览,http://wallpaper.cdn.pandora.xiaomi.com/thumbnail/webp/w1080/MiTv/05fdfb449e0eb464706a437b020c3ae7cce383ba7,CC00000001,艺术,杨冠琪，央美绘本创作工作室。毕业设计作品《特别的天堂》，这是一只狗死后的故事，也是寻找生命归宿的故事。作者最终给出的答案让人泪目：狗的天堂原来就在死后主人的身旁。一切回到原点，最初的就是最好的。——导师点评@一真EZEN/杨冠琪,['童话', '艺术家', '绘画', '艺术画', '温情', '故事', '学生', '毕业季', '中央美术学院', '杨冠琪']
I01095665,刘爽作品,http://wallpaper.cdn.pandora.xiaomi.com/thumbnail/webp/w1080/MiTv/0ebc1561c3486070d7fdd2770c0e4cf1c98403b48,CC00000001,艺术,身是菩提树，心如明镜台，时时勤拂拭，勿使惹尘埃。图为《菩提树》。@Artand
,['神秘', '小鹿', '刘爽']
I01045847,文化苦旅,http://wallpaper.cdn.pandora.xiaomi.com/thumbnail/webp/w1080/MiTv/04d685c150e2dfc61acfea3675ad1796b124172dc,CC00000001,艺术,这里正是中华历史的荒原：如雨的马蹄，如雷的呐喊，如注的热血。中原慈母的白发，江南春闺的遥望，湖湘稚儿的夜哭。随着一阵烟尘，又一阵烟尘，都飘散远去。——余秋雨@视觉中国,['绘画']
I01218692,卢思笔下绽放的岩彩,http://wallpaper.cdn.pandora.xiaomi.com/thumbnail/webp/w1080/MiTv/0992c53ae9618b0d62642dc5eb1f53f86664148e9,CC00000001,艺术,卢思的描绘了初夏的花与蝴蝶，鲜艳的色彩，有着夏天的灿烂，一静一动，十分耐看。作品为《初夏》。@ArtTouch,['艺术家', '艺术画', '当代艺术', '花鸟画', '花鸟', '卢思']
I01235064,萌春兔子来袭,http://wallpaper.cdn.pandora.xiaomi.com/thumbnail/webp/w1080/MiTv/049525d7a680bffd9760cd8d20c6383f906425fc3,CC00000001,艺术,李娜创作的兔子系列作品，是李娜成为母亲以后送给宝宝的礼物，绘画使用细腻的笔触与柔和的色彩，娴熟的工笔技法让每一个毛茸茸的小动物形象都精致优雅，写实又梦幻。@一真EZEN,['兔子', '国画', '工笔画', '李娜', '小米精选']
I01205715,生活，让你学会了什么？,http://wallpaper.cdn.pandora.xiaomi.com/thumbnail/webp/w1080/MiTv/03ca85583ff2a41e619fce049763603d440543f8b,CC00000001,艺术,人要想独立，就要在思想上先学会独立，在精神上先学会独立，先在自己心中树立一面独立的旗帜。要认识到独立的重要性和必要性，不断增强独立自主的意识。要知道，只有独立，才能担当，才能进步。@视觉中国,['绘画', '作品', '学习']
I01192396,鼠来宝,http://wallpaper.cdn.pandora.xiaomi.com/thumbnail/webp/w1080/MiTv/06844052c79094c441aafc04ebbacc6ecb3be3f7b,CC00000001,艺术,红红的你，红红的年；谢旭丹作品《鼠来宝之籽籽多福》。 @一真EZEN,['石榴', '虚拟', '艺术家', '艺术画', '国画', '水墨画', '喜庆', '静物画', '吉祥', '老鼠', '谢旭丹']
I01217707,央美毕业季云展览,http://wallpaper.cdn.pandora.xiaomi.com/thumbnail/webp/w1080/MiTv/000c1410d2df9a4acb5c83be64c2768d396412599,CC00000001,艺术,时代巨变，社会高速发展，每一个人所在的家乡都是这个时代发展的缩影；无论是生产、生活，还是精神等方面都发生了新的变化。@一真EZEN/孙懿,['绘画', '学生', '展览', '毕业季', '中央美术学院']
I01033754,版画大师川濑巴水,http://wallpaper.cdn.pandora.xiaomi.com/thumbnail/webp/w1080/MiTv/0a5ca47d82d2822d35d21ab5ac0a0216cd841faa9,CC00000001,艺术,在日本近现代版画巨匠川濑巴水的作品中，日本各地的景色尽收眼底。传说中，川濑巴水一生游历于日本各地，在旅途中一旦发现灵感便立即创作草图，回到旅馆后再用水彩上色，最后设计出版画。图为《船津之秋》，画家川濑巴水。@视觉中国
,['富士山', '川濑巴水', '《船津之秋》', '版画', '美景']
I01170628,艺术家李娜作品,http://wallpaper.cdn.pandora.xiaomi.com/thumbnail/webp/w1080/MiTv/04960c493d28f4e5f12c955481ba888b579e2e299,CC00000001,艺术,兔小姐幻化为头戴花冠的维纳斯，身着轻纱衫，巧笑倩兮，美目盼兮，仿佛是花神和春神，传递希望，纯真美好。作品《礼物兔小姐》。@一真EZEN,['婚纱', '艺术家', '兔子', '艺术画', '国画', '当代艺术', '李娜']
I01218675,胡稼农的色与墨之歌,http://wallpaper.cdn.pandora.xiaomi.com/thumbnail/webp/w1080/MiTv/09b2d44023abe302681d57931c186e8ca1f4085c9,CC00000001,艺术,一生痴绝处，无梦到徽州，宁静的蓝调，熠熠的灯光，修竹丛丛，村落点点，游子之家梦里寻。作品为《褰衣徽水，逐梦皖山》。@ArtTouch,['水墨', '艺术家', '艺术画', '水墨画', '当代艺术', '风景画', '美景', '重彩', '胡稼农']
I01171572,艺术家钟鸣峰作品,http://wallpaper.cdn.pandora.xiaomi.com/thumbnail/webp/w1080/MiTv/0a4fe48ec73d4d49acb743442c3e4083adb418b63,CC00000001,艺术,有一朵蔷薇花，静默的开放，散发着芬芳，那幽微的香气，在风中远远飘扬。作品《瓶中的小花》，布面油画，作于2017年。 @一真EZEN,['艺术家', '瓶子', '艺术画', '小花', '静物画', '钟鸣峰']
I01182330,刘志明作品,http://wallpaper.cdn.pandora.xiaomi.com/thumbnail/webp/w1080/MiTv/060005e081e65a5f0446bc851d5d4c4c5cd409b16,CC00000001,艺术,崇山林立，江河飘渺无际。作品《江帆山寺》。@一真EZEN,['艺术品', '艺术画', '国画', '山水画', '青绿山水', '刘志明']
I01040024,叔本华 独处即自由,http://wallpaper.cdn.pandora.xiaomi.com/thumbnail/webp/w1080/MiTv/007b84601e211aa9133cd7507b056d7c1cb426be6,CC00000001,艺术,叔本华曾说：“只有当一个人独处的时候，他才可以完全成为自己。只有当一个人独处的时候，他才是自由的。”图为《休息时间》，画家阿道夫·贝林布。@视觉中国,['淑女', '休息', '阿道夫·贝林布', '《休息时间》']
I01128252,费婧苗作品,http://wallpaper.cdn.pandora.xiaomi.com/thumbnail/webp/w1080/MiTv/096ebe5f8f7b2411a1456cf41e5dffe0166a27381,CC00000001,艺术,江碧鸟逾白，山青花欲燃。今春看又过，何日是归年。图为《疏朗》。@Artand
,['树枝', '国画', '费婧苗']
I01157390,笔墨的“格调”,http://wallpaper.cdn.pandora.xiaomi.com/thumbnail/webp/w1080/MiTv/0f0025dd1d2007a8b56193f96b322e93a1842811f,CC00000001,艺术,在当代水墨画坛，林容生的艺术风格十分鲜明。他在山水画上一方面悉心研究文人画传统，着重体悟传统绘画在表现精神性、书卷气上的品质。他在大量的写生中锤炼自己的笔墨语言，从而使画中的“生活”和笔墨的“格调”二者相得益彰，焕发华采。图为《岁月》。@ArtTouch,['国画', '山水画', '林容生', '小米精选']
I01192702,何红玉作品,http://wallpaper.cdn.pandora.xiaomi.com/thumbnail/webp/w1080/MiTv/0b9fe4e6d04ef9f5bd30677820dbbf02c0842c3bd,CC00000001,艺术,桃花朵朵开，最是惹蜂忙；作品《桃花四条屏》。@一真EZEN,['春天', '艺术家', '绘画', '艺术画', '国画', '桃花', '何红玉']
I01029539,莫奈眼中的风景,http://wallpaper.cdn.pandora.xiaomi.com/thumbnail/webp/w1080/MiTv/0a0a695e23bb24e2126d863c8f649f221f76cfa6a,CC00000001,艺术,《阿让特伊的帆船赛》，创作于1872年。统一的色彩风格自然地遍布整个画面，浑然一体。@视觉中国,['帆船', '莫奈', '印象派', '《阿让特伊的帆船赛》', '美景']
I01042903,蕩蕩 发现温柔,http://wallpaper.cdn.pandora.xiaomi.com/thumbnail/webp/w1080/MiTv/0d95205811b3249cb1dbbb67606a48c477bf4e607,CC00000001,艺术,“尽头是紫色岛屿，寻找连接的端口，梦与梦交接处，白色的房子没有入口。左脑是一团潮湿的青色雾气，从繁华的街道到达密林不过是一瞬间，莲叶底下的倒影是青蛙的隐居之所。”图为《Tuesday Wonderland》，画家荡荡，水彩，2017年作品。@Artand,['清新自然', '水彩', '荡荡', '美景']
I01202528,鼠来宝,http://wallpaper.cdn.pandora.xiaomi.com/thumbnail/webp/w1080/MiTv/087825b52c0f6ea5d72f318b2a027511bf643a337,CC00000001,艺术,笔、墨、纸、砚，文房四宝在用于书法、绘画的文化艺术工具中，备受文人的喜爱和珍藏；由于文人雅士珍爱文房四宝，所以给它们送了许多雅号。图为《鼠来宝之雅贼》，谢旭丹作品。 @一真EZEN,['水墨', '虚拟', '艺术家', '艺术画', '国画', '文化', '老鼠', '学习', '鼠来宝', '谢旭丹']
I01020530,恋上巴黎,http://wallpaper.cdn.pandora.xiaomi.com/thumbnail/webp/w1080/MiTv/0698a53996ecefe9d621e78fb03360ed459437a41,CC00000001,艺术,如果你够幸运，在年轻时来过巴黎，巴黎将永远跟着你，因为她是一顿流动的飨宴。巴黎永远年轻，永远会有新的恋人恋上巴黎。@视觉中国,['巴黎', '街道']
I01183596,大道至简洁拙朴,http://wallpaper.cdn.pandora.xiaomi.com/thumbnail/webp/w1080/MiTv/0e4b94794d0f2926efe184b39e9a80d7a2641b621,CC00000001,艺术,霍春阳的作品固守以淡寓浓，以简寓繁，以疏寓茂，以轻寓重的创作理念，结合自己对中国传统文化的感悟，逐渐形成了独特的画风，在他的心目中花鸟生命和宇宙自然是融为一体的。霍春阳《春晨》。@ArtTouch,['水墨', '艺术家', '艺术画', '当代艺术', '花鸟画', '花鸟', '霍春阳']
I01176692,写实画派15周年展,http://wallpaper.cdn.pandora.xiaomi.com/thumbnail/webp/w1080/MiTv/079465af7bd71aed97e1f7a317389e2468041e0de,CC00000001,艺术,作品中的少女和鲜花处在逆光下，宁静而安详，比喻青春的美好；从中也可看出陈衍宁对于客观事物的敏锐洞察力和他长期坚持的人文主义价值观；陈衍宁《花期》，布面油画，作于2013年。@一真EZEN/嘉德展览 ,['当代', '艺术家', '艺术画', '当代艺术', '年代感', '人物画', '陈衍宁']
I01148546,春山如笑,http://wallpaper.cdn.pandora.xiaomi.com/thumbnail/webp/w1080/MiTv/08ee974fa40d84e412214a5e2a9a297fbc679941f,CC00000001,艺术,庞聪，师从老圃先生，庞聪的笔墨是传统的笔墨，整个画面浓淡相间，燥润相生，可谓墨分五色，酣畅淋漓，处处摇曳着古人的影子，弥漫着古风大雅之姿。图为《春风十里》。@ArtTouch
,['国画', '花草', '庞聪']
I01061648,孤独的左耳 梵高,http://wallpaper.cdn.pandora.xiaomi.com/thumbnail/webp/w1080/MiTv/05e7d14cabc854fa83acad46972db2fdfa8aded54,CC00000001,艺术,梵高与高更由于二人性格的冲突和观念的分歧，合作很快便告失败。此后，梵高的疯病时常发作，但神志清醒时他仍然坚持作画。1890年7月，他在精神错乱中开枪自杀，年仅37岁。@视觉中国
,['梵高', '美景', '小米精选']
I01250550,中国山水画发展简史,http://wallpaper.cdn.pandora.xiaomi.com/thumbnail/webp/w1350/MiTv/043dde909969a41d79dbe725ab3ab49cdfa85f7d3,CC00000001,艺术,“中国山水画”形成于魏晋南北朝时期，最早是作为人物画的背景出现，尚未从人物画中完全分离。东晋画家顾恺之以《洛神斌图》摹本可看到其面貌，并有着浓厚的装饰风格。@视觉中国,['水墨', '国画', '水墨画', '山水画', '小米精选', '口碑壁纸']
I01172846,艺术家李娜作品,http://wallpaper.cdn.pandora.xiaomi.com/thumbnail/webp/w1080/MiTv/099605793929f7e5e62c9a5481ea8a825bd41918c,CC00000001,艺术,帅气俊美的兔公子，睥睨一切，旁若无人。作品《兔公子》，纸本设色，作于2019年。 @一真EZEN,['艺术家', '兔子', '艺术画', '国画', '工笔画', '酷帅', '李娜']
I01202529,鼠来宝,http://wallpaper.cdn.pandora.xiaomi.com/thumbnail/webp/w1080/MiTv/01c7c4ec507ca54d9436f047db61ea1aced43ed2b,CC00000001,艺术,在中国的传统文化中柿子是很好的吉祥物，寓意事事如意，万事顺心；2020年的春天是个不平凡的春天，度过这个有大事的春，愿你、我皆成大事。图为《鼠来宝之事事如意》，谢旭丹作品。 @一真EZEN,['水墨', '艺术家', '艺术画', '国画', '水墨画', '橘色调', '柿子', '老鼠', '鼠来宝', '谢旭丹']
I01018177,张鑫作品《月中行》,http://wallpaper.cdn.pandora.xiaomi.com/thumbnail/webp/w1080/MiTv/0dddc14e4546644300ac4e1cb5c113fcd68c12024,CC00000001,艺术,“月中行”是词牌名，画家借此表达东方的
时空观念，月仿佛沉浸在水中，实则是
两个空间的交叠。水面上浮着的石头上
有一停歇的白马，作者借此白马表达
一种对自我存在的思考。@Artand,['绘画', '圆月', '白马', '张鑫', '《月中行》']
I01373349,水墨风格下的山水画,http://wallpaper.cdn.pandora.xiaomi.com/thumbnail/webp/w1350/MiTv/049c5cc7f34234b2ca64f1579b70cb3219abd9afa,CC00000001,艺术,中国人的绘画通常不以写实为尚，而以写意为佳，意，包含着画家的心绪思考，也浓缩了人生感受、世事变迁，远山近树，色彩艳而不俗，让人心之所往。@图虫创意,['优美', '治愈', '水墨画']
I01217708,央美毕业季云展览,http://wallpaper.cdn.pandora.xiaomi.com/thumbnail/webp/w1080/MiTv/0534f478cf5cca004a53465974bf51fe1b443e1c2,CC00000001,艺术,在城市化的过程中，改变的不只是环境，还有人们的生活方式以及人与人之间的关系。@一真EZEN/孙懿,['学生', '毕业季', '中央美术学院', '毕业设计']
I01177848,你了解梵高吗？,http://wallpaper.cdn.pandora.xiaomi.com/thumbnail/webp/w1080/MiTv/0c5b8b4642571472026f463a228f4eaed11d0b105,CC00000001,艺术,梵高的死一直是一个秘密。有说是他杀，也有说是自杀，如奈菲和史密斯在书中指出的那样，谁也没有见到那把手枪，梵高作画的画架也没有追回。@视觉中国,['绘画', '知识', '梵高', '科普']
I01165417,探自然生命  悟精神世界,http://wallpaper.cdn.pandora.xiaomi.com/thumbnail/webp/w1080/MiTv/0997c46e0abdd4895bef4e62c72400101ca40a47a,CC00000001,艺术,画面中一只小鹦鹉略带顽皮地歪着头站在椅背上，煞是可爱。李娜的画作与自然生物联系紧密，这也体现出她亲近自然、崇尚自然的一面。观赏李娜的画作，观者仿佛进入到了艺术家内心深处最静谧和澄澈的空间。@一真EZEN,['艺术家', '艺术画', '鹦鹉', '工笔画', '当代艺术', '灵动', '李娜', '小米精选']
I01202530,鼠来宝,http://wallpaper.cdn.pandora.xiaomi.com/thumbnail/webp/w1080/MiTv/096fb41dd1b2d05b735174d67807dd0e43c412975,CC00000001,艺术,瓜子是传统零食，有人剥得斯文优雅，有人成粒放入口嚼烂连壳吞。瓜子者，瓜籽也；而食瓜子，寓意家族繁衍，多子多孙。图为《鼠来宝之多子多福》，谢旭丹作品。 @一真EZEN,['水墨', '艺术画', '瓜子仁', '老鼠', '吃货', '鼠来宝', '谢旭丹']
I01209783,齐白石 大师风采,http://wallpaper.cdn.pandora.xiaomi.com/thumbnail/webp/w1080/MiTv/07fdf5c49b0eb064346a437b003c33ebc3e40a2ab,CC00000001,艺术,浓厚的乡土气息，纯朴的农民意识和天真浪漫的童心，富有余味的诗意，是齐白石艺术的内在生命。@浙江摄影出版社,['绘画', '艺术画', '字画', '齐白石']
I01215674,央美毕业季云展览,http://wallpaper.cdn.pandora.xiaomi.com/thumbnail/webp/w1080/MiTv/0e92c95ae660840df16428c5e83f5efa6316a1849,CC00000001,艺术,作品运用羊毛毡、蚕丝线等多种材料在绢本上呈现的综合版画，画面效果立体，色彩鲜亮，独具风格。@一真EZEN/杨丹,['橙色调', '甜甜圈', '汉堡', '自由', '学生', '版画', '毕业季', '中央美术学院', '杨丹']
I01095684,刘爽作品,http://wallpaper.cdn.pandora.xiaomi.com/thumbnail/webp/w1080/MiTv/09bc1851c843647050fdda770bde44fbc68df013e,CC00000001,艺术,每个人的心里都有一片属于自己的森林，迷失的人迷失了，相遇的人会再相遇。图为《迷失—寻找桃花源》。@Artand
,['神秘', '松鼠', '树枝', '城市风光', '刘爽']
I01047784,心灵处方,http://wallpaper.cdn.pandora.xiaomi.com/thumbnail/webp/w1080/MiTv/0815456a76a36aba065b961de39d2834d8f40d4d9,CC00000001,艺术,在春天的日子里，扎上一条红纱巾，到野外的绿草地上，静静地晒太阳，听蚂蚁在石子上行走的声音。——毕淑敏《心灵处方》@视觉中国,['优美', '水壶']
I01047461,张大千 山水有灵,http://wallpaper.cdn.pandora.xiaomi.com/thumbnail/webp/w1080/MiTv/0015494a7fad64baf05b971de45d2d3cd630794d8,CC00000001,艺术,张大千的画风工写结合，重彩、水墨融为一体，尤其是开创泼墨与泼彩，发展了中国画新的艺术风格。由于其技法独到，创立了名闻的大风堂画派，俗称“大千画派”。图为《群虎啸谷》，画家张大千。@ArtTouch,['水墨', '国画', '老虎', '张大千']
I01170629,艺术家李娜作品,http://wallpaper.cdn.pandora.xiaomi.com/thumbnail/webp/w1080/MiTv/099604793829f0e5e92c95548eea85825cd41918c,CC00000001,艺术,“静如处子，动若脱兔”，机智、灵敏的兔子，人见人爱。戴上精致细框眼镜的兔公子，焕发出全新的魅力。作品《礼物兔公子》。@一真EZEN,['艺术家', '兔子', '艺术画', '国画', '当代艺术', '李娜']
I01035222,梵高，“像”由心生,http://wallpaper.cdn.pandora.xiaomi.com/thumbnail/webp/w1080/MiTv/070bf55f4f01d49af228d0d383c56728a8ab4cf97,CC00000001,艺术,梵高的眼神直视前方，画的视点在他的眉心处，神情中表现出刚接触新环境的不适和紧张，1887年，梵高为了不拖累弟弟提奥而离开了巴黎，前往阿尔勒。图为《戴灰色毡帽的自画像》，画家梵高，1887年。@视觉中国
,['梵高', '印象派', '《戴灰色毡帽的自画像》']
I01150315,画家雷苗作品,http://wallpaper.cdn.pandora.xiaomi.com/thumbnail/webp/w1080/MiTv/0fee95cfae0684e471214a5e2a9a2174b34421a97,CC00000001,艺术,雷苗是一位有着学术追求的画家，她的工笔画穷神变、尽精微，画中带着文人情趣，流露着画家的审美主张，其作品中的艺术美感让读者怡情、观者却步。图为《华灯七》。@ArtTouch,['国画', '缥缈', '禅意', '雷苗']
I01128232,这就是她的全部世界,http://wallpaper.cdn.pandora.xiaomi.com/thumbnail/webp/w1080/MiTv/016eb56f8a762511ab4561f4187dffe318f418efe,CC00000001,艺术,我觉得树洞给人神秘感，也给人安全感，是我早就想尝试的一个题材。这张作品里，就好像画了一个在旅途中找到了一个温暖、安全树洞的女孩，小小的树洞就是她的全部世界。孙莹作品《洞》@Artand
,['孙莹', '小米精选']
I01047826,祥瑞锦鲤从何而来？,http://wallpaper.cdn.pandora.xiaomi.com/thumbnail/webp/w1080/MiTv/084bb545e5842a13ddabef000b39edf0d0f421030,CC00000001,艺术,“转发锦鲤求好运”一度风靡社交网络，但你知道锦鲤背后的渊源是什么吗？鱼在中国一直以来都是祥瑞的象征。《史记·周本记》中就有“周王朝有鸟、鱼有瑞”的记载。鲤鱼作为祥瑞之物，更是占据了人类图腾文化的半壁江山。@视觉中国,['国画', '工笔画', '鲤鱼 ', '锦鲤', '小米精选']
I01188686,鼠来宝,http://wallpaper.cdn.pandora.xiaomi.com/thumbnail/webp/w1080/MiTv/07bca2496a539444a2b4c133c47ef4078fad0d3c6,CC00000001,艺术,吃完这本，肯定及格；谢旭丹作品《鼠来宝之读书人》。 @一真EZEN,['水墨', '书籍', '书本', '艺术家', '有趣', '艺术画', '国画', '读书', '水墨画', '老鼠', '蠢萌', '好玩', '毛笔', '谢旭丹']
I01157026,雅韵山水,http://wallpaper.cdn.pandora.xiaomi.com/thumbnail/webp/w1080/MiTv/07002f5d182f04a8026196f961022193ad0be338f,CC00000001,艺术,《山水图》是黄宾虹晚年之作，黄老在笔墨气息上极像王原祁，都是刚猛过人。此画淡墨敷彩，清丽可爱，恰可中和笔墨上的刚猛。@浙江摄影出版社
,['国画', '气势', '山水画', '黄宾虹']
I01373611,如何把握油画色调,http://wallpaper.cdn.pandora.xiaomi.com/thumbnail/webp/w1350/MiTv/0ce75ab4cbc084043be174b895aba37c1011ee9cd,CC00000001,艺术,任何两种间色（或一个原色与一个间色）混合调出的颜色则称复色，亦称再间色或第三次色，所以任何一种颜色与黑色混合得到都是复色。@图虫创意,['优美', '治愈', '小米精选']
I01165028,李娜 万物有灵,http://wallpaper.cdn.pandora.xiaomi.com/thumbnail/webp/w1080/MiTv/095ec4d848eca0e97c38c2b43cd680611c94021e1,CC00000001,艺术,李娜以中国传统材料为媒介，使作品具有中国传统绘画的典雅和意境，但又用西方绘画手法来创作，使作品又符合现代视觉的精致与深邃。远观惊艳，细看精致，予人在脑海中留下挥之不去的深刻印象。@一真EZEN,['艺术家', '兔子', '艺术画', '当代艺术', '李娜', '小米精选']
I01154642,宋秦晋的花草集,http://wallpaper.cdn.pandora.xiaomi.com/thumbnail/webp/w1080/MiTv/0f4ea408ef12dd916e13e6ebb593d5e5d17400c39,CC00000001,艺术,作为女画家，宋秦晋的画面干净通透，虽专注于描绘花卉却并不媚俗，她没有选择姹紫嫣红的牡丹芍药，也没有放眼人们常爱的春桃、夏荷、秋菊、冬梅，她擅长婆婆纳、红虾衣、红纸扇、醉蝶等花种，那是一种鲜有人知，渺小平凡常被忽视的美好，但宋秦晋却从野逸中发现了它们的美。图为《香自来》。@ArtTouch,['蝴蝶', '国画', '花草', '宋秦晋']
I01188689,趣味鼠画,http://wallpaper.cdn.pandora.xiaomi.com/thumbnail/webp/w1080/MiTv/0a9f725b6f43d468c1f22b6d04a82f7ad3f67b3c9,CC00000001,艺术,画家谢旭丹笔下的小老鼠富有灵气，使人们忘记了老鼠可怖的一面。画面色调淡雅清新，充满着浓厚的生活气息。图为《鼠来宝之用之不尽》。 @一真EZEN,['水墨', '艺术家', '有趣', '艺术画', '国画', '水墨画', '西瓜', '老鼠', '蠢萌', '好玩', '谢旭丹', '小米精选']
I01028772,梵高笔下的时光印记,http://wallpaper.cdn.pandora.xiaomi.com/thumbnail/webp/w1080/MiTv/00c7fe5ce3aaa42523b2c85a9c456ee07810b208e,CC00000001,艺术,继《星夜》之后，《罗纳河上的星夜》是梵高在1888年再度尝试的夜景之作。梵高笔下的星夜充满梦幻的质感，罗纳河上的星光与湖中倒影交相呼应、沉静非常，时光好像在此静止。@视觉中国,['梵高', '印象画派', '罗纳河上的星夜', '小米精选']
I01044240,有关喵星人的那些书,http://wallpaper.cdn.pandora.xiaomi.com/thumbnail/webp/w1080/MiTv/0ac9e2521f96f47f02d5d70d909294f872a541e78,CC00000001,艺术,《知日·猫》以图文形式记录了风靡全球的猫叔的最新动态以及日本猫岛田代岛，专访凯蒂猫设计师山口裕子、日本摄影师伊原美代子，拜访猫站长小玉以及它的电车，聚焦日本猫咖啡和猫文化……是一本满载数百万读者感动期待的猫之书。@视觉中国,[]
I01105078,匡时秋季拍卖集锦,http://wallpaper.cdn.pandora.xiaomi.com/thumbnail/webp/w1080/MiTv/0d16325c13096490213dfcf48fa87551ab6bddc83,CC00000001,艺术,早凉暮凉树如盖，千山浓绿生云外。烟江楼写李长吉诗意，谢稚柳并记，时一九六二年正月。图为《李长吉诗意图》，画家谢稚柳。@ArtTouch,['国画', '风景画', '山水画', '谢稚柳']
I01190724,刘志明《荆溪春意》,http://wallpaper.cdn.pandora.xiaomi.com/thumbnail/webp/w1080/MiTv/0be824dd7f73ff13c06b11c2c1c50a4cd41410e07,CC00000001,艺术,中景里，高士独坐亭中，亭外童子烹茶，惬意的春天来到了。@一真EZEN,['春天', '艺术宫', '春季', '艺术家', '艺术画', '国画', '青色调', '枯山水', '山水画', '人物画', '《青绿山水》', '《山水图》', '《仿古山水》', '刘志明']
I01190725,刘志明《荆溪春意》,http://wallpaper.cdn.pandora.xiaomi.com/thumbnail/webp/w1080/MiTv/06bca5f96d5a9144d3b4c033cfdeff0386a42c442,CC00000001,艺术,细观刘志明的作品，可观、可居、可游，都是文人理想“悠然南山”式诗意生活的场景再现。@一真EZEN,['春天', '恬静', '春季', '艺术家', '艺术画', '国画', '玩耍', '青色调', '枯山水', '郊外', '山水画', '人物画', '《青绿山水》', '《山水图》', '《仿古山水》', '刘志明']
I01165408,李娜作品 大圣,http://wallpaper.cdn.pandora.xiaomi.com/thumbnail/webp/w1080/MiTv/095ec4d848eca3e97638ccb43cd689611694021e1,CC00000001,艺术,大圣由开天辟地以来的仙石孕育而生，因带领群猴进入水帘洞而成为众猴之王，尊为 “美猴王”。@一真EZEN,['齐天大圣', '艺术家', '艺术画', '猴子', '工笔画', '当代艺术', '李娜']
I01184512,版画《丰年》,http://wallpaper.cdn.pandora.xiaomi.com/thumbnail/webp/w1080/MiTv/01275c486dded48610adaa8df225656b1080f2686,CC00000001,艺术,花生又名“长生果”，从古至今涵盖了人们对美好生活的祝福，是婚礼、生子、春节节庆中必备的“利市果”。玲珑精致、妙趣横生的花生寄托着人们对生活的美好祝愿，体现出传统生活中的雅趣，也预示着果实累累，事业成功。@一真EZEN,['雪花', '水墨', '庆贺', '艺术家', '艺术画', '国画', '水墨画', '花生', '喜庆', '工笔画', '梅花', '新年', '老鼠', '李娜', '小米精选']
I01257819,沈世杰的清代宫廷绘画,http://wallpaper.cdn.pandora.xiaomi.com/thumbnail/webp/w1350/MiTv/05b7778741927454cb8dc1fe2fded5067c4ff9903,CC00000001,艺术,该图为《荷花图轴》，主要绘制夏日荷塘中盛开的荷花，其中或含苞待放，或盛情绽放，或花已谢而莲蓬露出。画中，还有并蒂莲，并蒂莲也常常作为爱情的象征。@锐景,['绘画', '荷叶', '荷花', '工笔画']
I01176435,以情造景 以心造境,http://wallpaper.cdn.pandora.xiaomi.com/thumbnail/webp/w1080/MiTv/08946e5f70d314edd1e1f6a310c89d266a79b34e7,CC00000001,艺术,艺术家牛鹏飞以精巧的笔墨，细腻的刻画，活灵活现地再现了一只有着慵懒睡姿的猫咪。图为《春睡》，创作于2019年。@一真EZEN,['睡觉', '艺术家', '艺术画', '国画', '喵星人', '牛鹏飞', '小米精选']
I01052112,一封情书,http://wallpaper.cdn.pandora.xiaomi.com/thumbnail/webp/w1080/MiTv/0383c24975699430b1b28008378443dbb564df412,CC00000001,艺术,奥古斯都·利奥波德·艾格是英国维多利亚时代著名艺术家。艾格从1836开始在皇家学院的学校接受教育，艾格早期主要为文学作品绘制插画，他欣赏拉斐尔等画家，他还从年轻的威廉·霍尔曼·亨特手中购买了作品，并与他分享了关于色彩理论的想法。图为《情书》，画家奥古斯都·利奥波德·艾格。@ArtTouch ,['侧脸', '淑女', '奥古斯都·利奥波德·艾格']
I01193003,女画家的诗意栖居,http://wallpaper.cdn.pandora.xiaomi.com/thumbnail/webp/w1080/MiTv/0b8445b2c49398c4b2aaf704e73ac86fc47417bc0,CC00000001,艺术,刘梅子的作品和她人一样，明丽、纯净、优雅、娴静，充满了雅典的格调和时尚气息。她把淡淡的愉悦涂抹在画布上，使笔下的人事景物透出某种耐人寻味的气息和质感。刘梅子   《美丽乡村-文成茶园》。@ArtTouch,['庄稼', '艺术家', '艺术画', '当代艺术', '风景画', '美景', '刘梅子']
I01237710,画家李璟作品,http://wallpaper.cdn.pandora.xiaomi.com/thumbnail/webp/w1080/MiTv/065e1441ead2745350e464e4fe17453396dd6f755,CC00000001,艺术,李璟是一个80后画家，对于80后的人来说，孙悟空是童年时代的重要记忆。“身如玄铁，火眼金睛，一个跟头就是十万八千里”的齐天大圣，陪我们一起度过了青春期多少个寒暑假，与我们一起长大，一起成熟。@一真EZEN,['趣味', '猴子', '李璟']
I01095618,迷幻意境画作,http://wallpaper.cdn.pandora.xiaomi.com/thumbnail/webp/w1080/MiTv/00072545121dc4ef03453b6bc9c282f57c1e4cbb8,CC00000001,艺术,马英戈从动物视角出发，来观察外部世界。他的作品具有梦幻迷离的色调，仿佛在探索未知的神秘宇宙世界，追寻着生命的意义。图为《五月》。@Artand
,['骏马', '马匹', '独角兽', '马英戈', '小米精选']
I01033755,版画大师川濑巴水,http://wallpaper.cdn.pandora.xiaomi.com/thumbnail/webp/w1080/MiTv/005ca94d88d2842d31d21ab5aaba0a10c723906fa,CC00000001,艺术,川濑巴水年轻时正处于日本“浮世绘”版面的衰落期，他立志复兴日本版画，进而成为“新版画”运动中的领军人物，他的作品色彩自然柔和、构图具有强烈的空间感。图为《吉田乃雪晴》，画家川濑巴水。@视觉中国
,['富士山', '川濑巴水', '版画', '《吉田乃雪晴》', '美景']
I01046638,女画家潘玉良的视角,http://wallpaper.cdn.pandora.xiaomi.com/thumbnail/webp/w1080/MiTv/014bb045ef872413d2abec0000d9e3f8d44d13018,CC00000001,艺术,尽管潘玉良的作品用色奔放、造型夸张，但文化血缘上与中国的关系无法割裂，在她的作品里总是带有强烈的线条特质及渲染效果，这些即是中国绘画传统里毛笔书写的特性。图为《瓶花、水果》，画家潘玉良。@ArtTouch,['鲜艳', '潘玉良']
I01051704,新工笔作品赏析,http://wallpaper.cdn.pandora.xiaomi.com/thumbnail/webp/w1080/MiTv/0783c249756e943071b28908370443d2b5642f412,CC00000001,艺术,张发起认为，创作要有哲学性、隐喻性、当代性，忍住激动或寂寥，把巨大的内涵静静摆放，避开不熟的题材，用最擅长的去表达最具思想的别样画面，拒绝一般意义的写实写生炫技。因此，沿袭描象与抽象发泄都不是好作品。图为《丝路寻宗》，画家张发起。@ArtTouch,['梯子', '床单', '国画', '仙鹤', '张发起', '小米精选']
I01188687,趣味鼠画,http://wallpaper.cdn.pandora.xiaomi.com/thumbnail/webp/w1080/MiTv/0abca2496a539444b2b4c633c4fef4058fad3d3c6,CC00000001,艺术,画面中啃食着南瓜的小老鼠活泼可爱、灵气乖巧，画家谢旭丹善于发现老鼠的美感，将老鼠作为美好的艺术形象来描绘。图为《鼠来宝之登堂入室》。 @一真EZEN,['水墨', '橙色调', '艺术家', '有趣', '艺术画', '南瓜', '国画', '水墨画', '老鼠', '蠢萌', '好玩', '吃货', '谢旭丹', '小米精选']
I01034390,一马当先驰骋万里,http://wallpaper.cdn.pandora.xiaomi.com/thumbnail/webp/w1080/MiTv/0a5ca47d8dd2802d31d21fb5a50a0b16cb841faa9,CC00000001,艺术,中国画中的马以表现马的特征为主,并以突出意象来塑造马的不同形象,将画马艺术纳入到文化范畴，从而形成中国画马艺术的意向性特征。通过画面中的马来反映中国各个历史时期与层面变化的真实写照。@Artand,['玫瑰花', '玫瑰', '太阳', '白马', '山川']
I01212556,青年艺术100展览,http://wallpaper.cdn.pandora.xiaomi.com/thumbnail/webp/w1080/MiTv/0578c42c7a0303f55d38ce22880ca64f5a942d36f,CC00000001,艺术,一只“机械化”了的小兔子，小兔子的形象借用于《圣母报喜》中报喜的天使，它在这里不只是扮演信使的角色，还有预知未来的功能。张钰作品《这个世界还会好吗？》。@一真EZEN/青年艺术100,['艺术家', '兔子', '艺术画', '写实', '张钰']
I01132294,美在河山,http://wallpaper.cdn.pandora.xiaomi.com/thumbnail/webp/w1080/MiTv/00ed065ce437647512a6f91c816054d2149d0861c,CC00000001,艺术,关山月绘画作品《绿色长城》参加了1973年“全国连环画、中国画展览”，当时就被称为新中国山水画范本，可见其在关山月的艺术生涯及新中国美术史中的学术价值。@ArtTouch,['国画', '风景画', '关山月']
I01128250,费婧苗笔下的春日,http://wallpaper.cdn.pandora.xiaomi.com/thumbnail/webp/w1080/MiTv/077da249a110941221a63f5695a74826ebc9ba102,CC00000001,艺术,灯笼树，早春发叶成伞，夏末开花金黄略朱，秋日里结灯笼果，初为浅草绿，后渐染红，至冬为胭脂，深冬树叶凋零，只剩灯笼等春。四季变换目不暇接，像生活，年复一年的十二个月，又有不同的惊喜。图为《红了的灯笼树》。@Artand
,['国画', '花草', '费婧苗', '小米精选']
I01192692,青年艺术100展览,http://wallpaper.cdn.pandora.xiaomi.com/thumbnail/webp/w1080/MiTv/039fed46d843f4f51230697823fbbb01ceebdd2cb,CC00000001,艺术,东坡居士酒醉饭饱，倚于几上。白云左缭，清江又洄，重门洞开，林峦坌入。丁苏恺作品《东坡独乐图》。@一真EZEN/青年艺术100,['传统', '艺术家', '艺术画', '国画', '山水画', '人物画', '丁苏恺', '小米精选']
I01045845,文化苦旅,http://wallpaper.cdn.pandora.xiaomi.com/thumbnail/webp/w1080/MiTv/0b75e568e3cb576411515eb3fafb924c1264070ed,CC00000001,艺术,我们对这个世界，知道得还实在太少。无数的未知包围着我们，才使人生保留迸发的乐趣。当哪一天，世界上的一切都能明确解释了，这个世界也就变得十分无聊。——余秋雨@视觉中国,['日落', '绘画']
I01211527,央美毕业季云展览,http://wallpaper.cdn.pandora.xiaomi.com/thumbnail/webp/w1080/MiTv/0bfdfb449e0eb464406a417b02cc3ae7cce3f3ba7,CC00000001,艺术,“毛线奶奶，我想要一顶温暖的帽子，行不行？”长颈鹿恭恭敬敬地问。“没问题！”毛线奶奶胸有成竹。竹针在手里飞，毛线在指间绕。毛线奶奶一边织一边说：“再多织一点线，就能多一点温暖！”@一真EZEN/曹萌,['温暖', '童话', '长颈鹿', '艺术家', '绘画', '艺术画', '学生', '毕业季', '中央美术学院', '曹萌']
I01048454,与心灵的对话,http://wallpaper.cdn.pandora.xiaomi.com/thumbnail/webp/w1080/MiTv/0815456a7ca36cba095b961de89d2134d5f40d4d9,CC00000001,艺术,画家孙萤用画笔找寻另一个世界，在这个世界里她可以扮演不同的角色，将自己的喜怒哀乐倾入其中。画面中一位小女孩端坐在梅花鹿的头上，孙萤似是创造了一个神奇而又美丽的魔法世界，给人温暖的感觉。图为《守护》@Artand
,['麋鹿', '孙莹', '小米精选']
I01171968,艺术家李娜作品,http://wallpaper.cdn.pandora.xiaomi.com/thumbnail/webp/w1080/MiTv/084a34194b9939997146b5cbc7667d43edc409fc2,CC00000001,艺术,穿着飘逸白纱裙的蝴蝶犬，手捧娇嫩的牡丹花，一身柔软洁净的毛发，宛若高贵的小公主。作品《礼物-旺小姐》，纸本设色，作于2019年。 @一真EZEN,['艺术家', '漂亮', '艺术画', '国画', '蝴蝶犬', '李娜']
I01173743,艺术家吴健作品,http://wallpaper.cdn.pandora.xiaomi.com/thumbnail/webp/w1080/MiTv/09fba4b645f8f57486720d8f7297fa6424143f351,CC00000001,艺术,只是因为有了光，我们的大千世界绚丽多彩。作品《就有了光》，油画，作于2019年。 @一真EZEN,['骏马', '马匹', '艺术家', '艺术画', '吴健']
I01023347,《戴珍珠耳环的少女》,http://wallpaper.cdn.pandora.xiaomi.com/thumbnail/webp/w1080/MiTv/06606e43e5a5b4d293882f24117cec0fa056377cb,CC00000001,艺术,这幅素有“北方蒙娜·丽莎”美誉的画作是荷兰画家约翰内斯·维米尔的代表作。画上的少女，侧身回眸，眼神无邪清澈，却也带着一丝妩媚，线条柔和的脸庞散发着光晕，微微张开的嘴唇似乎在诉说着什么。@图虫创意,['荷兰', '纯真', '戴珍珠耳环的少女', '约翰内斯·维米尔']
I01157011,大千世界 泼墨荷画,http://wallpaper.cdn.pandora.xiaomi.com/thumbnail/webp/w1080/MiTv/0f0025dd1f200ca8b2619af967322293ae842811f,CC00000001,艺术,画中的绿叶迷蒙氤氲衬托出荷花的高洁出尘。红花绿叶，摇曳多姿，展现出一派夏日荷塘的烂漫色调。张大千笔下的荷花，花茎清晰瘦长，不蔓不枝，荷花粉嫩出尘，香远益清。整幅作品笔墨晕染流畅自然，用色清雅。图为《荷花浴》。@浙江摄影出版社,['国画', '荷花', '张大千', '小米精选']
I01205337,儿童散学归来早,http://wallpaper.cdn.pandora.xiaomi.com/thumbnail/webp/w1080/MiTv/0929b841916d242ac3b265ca2b4fee2380ab54057,CC00000001,艺术,丰子恺的许多作品都与日常生活息息相关。尤其是他的漫画作品，深受国人喜爱。丰子恺《旧时王谢堂前燕》。@ArtTouch,['水墨', '艺术家', '艺术画', '水墨画', '当代艺术', '丰子恺', '人物画']
I01036745,马蒂斯式幻境,http://wallpaper.cdn.pandora.xiaomi.com/thumbnail/webp/w1080/MiTv/09dab59083f13833346f2cff30a47cd07f442fee5,CC00000001,艺术,法国野兽派画家马蒂斯素来以用色大胆著称。他抛弃了传统的透视，通过不同的明度、冷暖和色块，创造了一种充满异国情调的、神秘奇特的新境界。图为《红色的和谐·餐桌》，画家马蒂斯。@ArtTouch,['色彩', '马蒂斯', '野兽派', '《红色的和谐·餐桌》']
I01183046,毕立伟作品,http://wallpaper.cdn.pandora.xiaomi.com/thumbnail/webp/w1080/MiTv/0c4b9149460c2426a1e18bb3964a82d1a7fea97be,CC00000001,艺术,东方的审美观比较挑剔，对所表达物象的精神层面特别重视。作品《上上签之斗笔》。 @一真EZEN,['水墨', '儒雅', '艺术家', '艺术画', '国画', '水墨画', '静物画', '黄色系', '毛笔', '毕立伟']
I01211534,央美毕业季云展览,http://wallpaper.cdn.pandora.xiaomi.com/thumbnail/webp/w1080/MiTv/07fdfb449e0fb464806a497b023c3ae9cce3b3ba7,CC00000001,艺术,生命之后的世界是什么样的，你觉得天堂是存在的吗？一只狗来到了天堂，孤零零地降落在云彩上。他听见有声音传来，热烈又悠扬，好像是在欢迎自己。@一真EZEN/杨冠琪,['温暖', '童话', '艺术家', '绘画', '艺术画', '故事', '学生', '毕业季', '中央美术学院', '杨冠琪']
I01157391,笔墨的“格调”,http://wallpaper.cdn.pandora.xiaomi.com/thumbnail/webp/w1080/MiTv/052255b6aef8b7b43125f2348535e77c213428f74,CC00000001,艺术,由于林容生的用笔用线十分丰富并有着极深的线造型功力，他才能如此悉心而从容地勾勒物象的形貌，使笔线在塑形的同时，尽情展现出变化的意趣，透溢出使驱者的兴味与情怀。图为《重彩的雨季之三》。@ArtTouch,['国画', '山水画', '林容生', '小米精选']
I01171969,艺术家李娜作品,http://wallpaper.cdn.pandora.xiaomi.com/thumbnail/webp/w1080/MiTv/084a32494c9b3499a046b5cbcfb67c4fe19766398,CC00000001,艺术,京巴犬的神态、毛发、纱裙和牡丹束花的质感迥然不同，所有细节令人陶醉。作品《礼物-旺小姐》，纸本设色，作于2019年。 @一真EZEN,['艺术家', '艺术画', '国画', '李娜']
I01030933,达芬奇的美学,http://wallpaper.cdn.pandora.xiaomi.com/thumbnail/webp/w1080/MiTv/0fc7af51042bb45ad33c154c87bc7d7082f5e7130,CC00000001,艺术,《蒙娜丽莎》是毫无争议的世界名作，但也深陷于各种谜团和猜测之中。人们一直对蒙娜丽莎的笑容莫哀一是，有人说她微笑不露皓齿是因为口齿不齐，也有人说蒙娜丽莎痛失爱女，忧郁寡欢。据考证，蒙娜丽莎的微笑中含有83%的高兴、9%的厌恶、6%的恐惧和2%的愤怒。@视觉中国
,['神秘', '典雅', '文艺复兴', '达芬奇', '《蒙娜丽莎》']
I01034331,漫阅时光,http://wallpaper.cdn.pandora.xiaomi.com/thumbnail/webp/w1080/MiTv/0a5ca47d8dd28d2d38d215b5a70a0416c0841faa9,CC00000001,艺术,有些滋味，哪怕小到雨怎样沁润龟裂的嘴唇，都必须等到相当的年岁之后才能玩味其中的深奥。图为《是走是留》，画家奥克塔维奥·帕斯。@视觉中国
,['花园', '奥克塔维奥·帕斯', '《是走是留》']
I01134755,寄情山水 只因青绿,http://wallpaper.cdn.pandora.xiaomi.com/thumbnail/webp/w1080/MiTv/0dd9c4f1b3b905ad43a5cc85c48b7d5f5e840baaf,CC00000001,艺术,画家刘龙耀的山水画，承接了唐宋以来青绿山水的文脉，他的作品恢宏大气，画面生趣盎然，展现出新的笔法和技法，具有强烈的个人风格，极具当代艺术审美感。图为《胜似春光》。@ArtTouch,['国画', '山水画', '刘龙耀', '小米精选']
I01182331,刘志明作品,http://wallpaper.cdn.pandora.xiaomi.com/thumbnail/webp/w1080/MiTv/050006508de1545fe046be851bcd414e5e6055c96,CC00000001,艺术,再美的景色都留到身后吧，回家是最急迫的。作品《江帆山寺》。@一真EZEN,['艺术家', '艺术画', '国画', '枯山水', '山水画', '青绿山水', '刘志明']
I01235052,薄春雨的诗意栖居,http://wallpaper.cdn.pandora.xiaomi.com/thumbnail/webp/w1080/MiTv/0cb7445b697b941cc1cc0e9060f293d72eec032c6,CC00000001,艺术,薄春雨的花鸟画中以鹤为主题的作品占了很大篇幅，这幅作品动静结合，在宁静中彰显动的韵律。无论是鹤的顾盼，还是鹤的舞动，亦或是鹤的飞鸣，都被画家完美地诠释了出来。@ArtTouch,['艺术家', '艺术画', '国画', '工笔画', '当代艺术', '花鸟画', '花鸟', '小米精选']
I01296050,“光之诗人”莫奈,http://wallpaper.cdn.pandora.xiaomi.com/thumbnail/webp/w1350/MiTv/0429116b4f0494bcca699efff689796fc092184cd,CC00000001,艺术,作为印象主义的代表和奠基人之一，莫奈比任何画家都要擅于捕捉转瞬即逝的景象。他曾长期探索光色与空气的表现效果，常常在不同的时间和光线下，对同一对象进行描绘，从自然的光色变幻中寻求瞬间的感觉。@锐景,['享受生活', '清新自然', '惬意', '绘画', '莫奈']
I01165027,李娜 万物有灵,http://wallpaper.cdn.pandora.xiaomi.com/thumbnail/webp/w1080/MiTv/0997c46e0abdde895def4562c52408101da40a47a,CC00000001,艺术,在李娜的画作中，动物与人类的世界融合并置，身着人类服饰的兔子，有了人类的气息。画作中的动物不再单单只是动物，这使其有了一丝自然的趣味。@一真EZEN,['艺术家', '兔子', '艺术画', '当代艺术', '李娜', '小米精选']
I01192400,鼠来宝,http://wallpaper.cdn.pandora.xiaomi.com/thumbnail/webp/w1080/MiTv/0b8445b2c09397c4baaaf304ec3acd6fc97417bc0,CC00000001,艺术,让你一次，吃个够；谢旭丹作品《鼠来宝之红红火火》。 @一真EZEN,['树枝', '艺术家', '绘画', '艺术画', '国画', '喜庆', '吉祥', '老鼠', '谢旭丹']
I01029848,欧洲画家眼中的猫奴,http://wallpaper.cdn.pandora.xiaomi.com/thumbnail/webp/w1080/MiTv/00c7a421082fb35a5a3c134c807c74718944337df,CC00000001,艺术,“奴才”“铲屎官”“愚蠢的人类”这些对主人的定位，或许在100年前西班牙画家Antonio Gisbert就察觉了。在其作品《女人与猫》中，喵星人想要欺凌女主人的小鸟，女主人虽想与猫咪说道理，但又有点害怕猫咪不高兴。@视觉中国,['西班牙', '女人与猫', 'Antonio Gisbert']
I01211529,央美毕业季云展览,http://wallpaper.cdn.pandora.xiaomi.com/thumbnail/webp/w1080/MiTv/07fdf4c49e0eb664396a417b043c36ebc3e40a2ab,CC00000001,艺术,天气越来越来凉，白天越来越短。大家都来找毛线奶奶做帽子啦！@一真EZEN/曹萌,['温暖', '童话', '麋鹿', '艺术家', '绘画', '小鹿', '艺术画', '学生', '乌龟', '毕业季', '中央美术学院', '曹萌']
I01215675,央美毕业季云展览,http://wallpaper.cdn.pandora.xiaomi.com/thumbnail/webp/w1080/MiTv/083e5479c8b1a75436b1c6554764670431c41f8c1,CC00000001,艺术,人有千百种欲望，喜欢吃喝、美好的事物是人人都有的两种；这两种欲望一种关系生存，一种关系快乐。@一真EZEN/杨丹,['暖色调', '食品', '面条', '版画', '毕业季', '中央美术学院', '杨丹']
I01042904,蕩蕩 发现温柔,http://wallpaper.cdn.pandora.xiaomi.com/thumbnail/webp/w1080/MiTv/0795257813bb2c9cffdbbb6765ea40c67b1410080,CC00000001,艺术,“上个月在巴黎时经过一个街边的小角落，底下有荒草丛生旁边还栖身着流浪汉，从建筑外墙的镜子里反射出街头一角，很像一个城市里的异境。”图为《Paris Wonderland》，画家荡荡，水彩，2017年作品。@Artand,['清新自然', '水彩', '荡荡', '城市风光']
I01157033,缪韵古风,http://wallpaper.cdn.pandora.xiaomi.com/thumbnail/webp/w1080/MiTv/052255b6a0f8beb43e25fd348a35e07c2e3428f74,CC00000001,艺术,在缪文杰这幅清隽的山水人物画中，人物的状态和画家的情绪融为一体，寄寓了超凡脱俗的思想。@ArtTouch
,['松树', '国画', '山水画', '缪文杰', '小米精选']
I01154643,宋秦晋的花草集,http://wallpaper.cdn.pandora.xiaomi.com/thumbnail/webp/w1080/MiTv/0f4ea408ef12dd916613e6ebb793dfe5dd7400c39,CC00000001,艺术,宋秦晋选择用没骨方法来阐释绘画，但是又与传统没骨绘画明显不同，也可以说，宋秦晋已经有个人的绘画语言了。她画的花草具有自然的生存姿态，没有一点矫揉造作，清新、纯净，给人愉悦的视觉享受。图为《碧桃》。@ArtTouch,['国画', '花草', '桃花', '宋秦晋']
I01188688,鼠来宝,http://wallpaper.cdn.pandora.xiaomi.com/thumbnail/webp/w1080/MiTv/0b9f725b6f43d468b1f2266d04582f75d3f6cb3c9,CC00000001,艺术,焦糖瓜子，天下第一；谢旭丹作品《鼠来宝之多多益善》。 @一真EZEN,['水墨', '浅色调', '艺术家', '有趣', '艺术画', '国画', '水墨画', '瓜子仁', '老鼠', '蠢萌', '好玩', '吃货', '谢旭丹']
I01184511,版画《丰年》,http://wallpaper.cdn.pandora.xiaomi.com/thumbnail/webp/w1080/MiTv/059a95a5b15905b94e703243154233387eb43e86d,CC00000001,艺术,版画《丰年》由艺术家李娜创作，艺术家以细腻、高超的笔法刻画了“金鼠”灵动呆萌的形象，画面中老鼠和石榴、花生体量相仿，暗喻“金鼠”在新年中收获颇丰。@一真EZEN,['水墨', '春节', '庆贺', '艺术家', '艺术画', '国画', '水墨画', '喜庆', '工笔画', '新年', '老鼠', '《新年》', '李娜', '小米精选']
I01174764,画家刘阔作品,http://wallpaper.cdn.pandora.xiaomi.com/thumbnail/webp/w1080/MiTv/0472f54b2569b6c009a07987e7bc1f84558402bfd,CC00000001,艺术,此幅作品构图十分巧妙，花枝丰满，生意盎然。画面中两只鸟雀形态各异，鲜活灵动，呈现出他独特的笔墨韵味。@ArtTouch
,['国画', '花鸟', '刘阔']
I01192398,鼠来宝,http://wallpaper.cdn.pandora.xiaomi.com/thumbnail/webp/w1080/MiTv/0b8445b2c09395c4b3aafe04ef3ac56fc87417bc0,CC00000001,艺术,玉米是不是外号最多的五谷之一？谢旭丹作品《鼠来宝之金玉满堂》。 @一真EZEN,['玉米', '虚拟', '艺术家', '绘画', '艺术画', '国画', '静物画', '吉祥', '老鼠', '谢旭丹']
I01192399,鼠来宝,http://wallpaper.cdn.pandora.xiaomi.com/thumbnail/webp/w1080/MiTv/09844052c79094c461aaf604eb0acc66cb3b23f7b,CC00000001,艺术,来，数一数；谢旭丹作品《鼠来宝之数你最有钱》。 @一真EZEN,['艺术家', '绘画', '艺术画', '国画', '静物画', '吉祥', '铜钱', '老鼠', '算盘', '谢旭丹']
I01211528,央美毕业季云展览,http://wallpaper.cdn.pandora.xiaomi.com/thumbnail/webp/w1080/MiTv/04fdfb449e0eb464506a447b023c3aebcce393ba7,CC00000001,艺术,这不，长颈鹿不仅有了帽子，还有了一条大长围脖儿。“谢谢奶奶！这个冬天我再也不会冷得缩脖子了！”@一真EZEN/曹萌,['温暖', '童话', '长颈鹿', '艺术家', '绘画', '艺术画', '学生', '毕业季', '中央美术学院', '曹萌']
I01292731,让文物“活”起来,http://wallpaper.cdn.pandora.xiaomi.com/thumbnail/webp/w1350/MiTv/022f16ccc001b45dbbfadfa58588ecc8e79669815,CC00000001,艺术,如今，故宫正转变过去刻板、枯燥的宣传方法，抓住时代的特点，用现代、活泼的传播方式，让古老的传统文化变得更时尚，让禁宫里的文物“活”起来。@好看,['花纹', '瓷器']
I01192397,鼠来宝,http://wallpaper.cdn.pandora.xiaomi.com/thumbnail/webp/w1080/MiTv/0b8445b2c09395c4bfaaf304e93acd6fc37417bc0,CC00000001,艺术,我的大腮帮子，实用实用最实用；谢旭丹作品《鼠来宝之兆丰年》。 @一真EZEN,['虚拟', '艺术家', '绘画', '艺术画', '国画', '花生', '静物画', '老鼠', '谢旭丹']
I01176436,以情造景 以心造境,http://wallpaper.cdn.pandora.xiaomi.com/thumbnail/webp/w1080/MiTv/079465af73d71eed98e1ffa31e38962466041e0de,CC00000001,艺术,青年画家牛鹏飞所绘为荷花，他的画作用色淳雅，画面精致，意蕴丰饶，引人无限回味。作品为《水佩风裳》，创作于2019年。@一真EZEN,['艺术家', '艺术画', '国画', '荷花', '花鸟画', '花鸟', '牛鹏飞', '小米精选']
I01046785,日本版画家小原古邨,http://wallpaper.cdn.pandora.xiaomi.com/thumbnail/webp/w1080/MiTv/0b15494a7fa764baf05b9b1de40d2d3ad630f94d8,CC00000001,艺术,小原古邨出生于金沢，本名小原又雄，师承日本画家铃木华邨，尤其善画花鸟，他的笔触十分逼真，色彩柔和而流畅，至今都是极为精致的室内装饰画。,['枫叶', '版画']
I01095619,迷幻意境画作,http://wallpaper.cdn.pandora.xiaomi.com/thumbnail/webp/w1080/MiTv/06072545121dc4ef0345336bc90282fb7c1e8cbb8,CC00000001,艺术,一望无际的戈壁上，旅行者猫咪闭上双眼，静听来自远方的声音，仿佛世界就在脚下。观赏马英戈作品，似有一束光在显化追随，他为生物赋予人格化的特征，充满着梦幻色彩。@Artand
,['皇冠', '画作', '马英戈', '小米精选']
I00001252,为快乐而生,http://wallpaper.cdn.pandora.xiaomi.com/thumbnail/webp/w1080/MiTv/093b556d0344e3a9f938c9f8519b4b2a1d541d413,CC00000001,艺术,一个人可以非常清贫、困顿、低微，但是不可以没有梦想。只要梦想一天，只要梦想存在一天，就可以改变自己的处境。——奥普拉 @视觉中国,['葡萄', '橙子', '鲜艳', '娇嫩']
I01211535,央美毕业季云展览,http://wallpaper.cdn.pandora.xiaomi.com/thumbnail/webp/w1080/MiTv/07fdf4c49f0eb9643f6a4b7b093c3aebc6e40a2ab,CC00000001,艺术,一只猫走到面前，把光环戴在狗的头上。“你现在也是天使了。”猫说。“这里就是我的天堂吗？”狗问道。“也是也不是。”猫递给他一张天堂指南，“本猫正是新晋天使的领路人。”@一真EZEN/杨冠琪,['艺术家', '绘画', '艺术画', '故事', '学生', '毕业季', '中央美术学院', '杨冠琪']
I01190197,“云游”艺术幻境,http://wallpaper.cdn.pandora.xiaomi.com/thumbnail/webp/w1080/MiTv/0fbca2496a58944432b4c633c44ef4048fadfd3c6,CC00000001,艺术,艺术家王唐糖是一名内心住着星空与宇宙的90后女孩。在《陪你度过漫长岁月》的画作中，她展现出了未知的神秘色彩与浪漫梦幻的奇幻世界，运用多种色彩碰撞融合，抒发个人自由的情感，传达出了蓬勃向上的生命力量。@ArtTouch,['艺术家', '鲸鱼', '艺术画', '宇宙', '当代艺术', '抽象', '王唐糖', '小米精选']
I01042528,艺术家的一千零一夜,http://wallpaper.cdn.pandora.xiaomi.com/thumbnail/webp/w1080/MiTv/0371035f00bd0467221bf83b73c0aa7632e7dd158,CC00000001,艺术,“世间的一切虚伪，正像过眼云烟，只有真理才是处世接物的根据。虚伪的黑暗，必为真理的光辉所消灭。”图为《一千零一夜12》，画家彭博，纸本水墨，2017年作品。@Artand,['《一千零一夜》', '插画家', '彭博', '小米精选']
I01057773,创意剪纸玩转旅行照,http://wallpaper.cdn.pandora.xiaomi.com/thumbnail/webp/w1080/MiTv/0fc2343a41e3561ed4b3dced3ed739828e3421cbc,CC00000001,艺术,因为职业需要，Rich常常周游世界拍摄各种美照，他从2015年起开始尝试剪纸艺术，仅仅用黑色的卡纸，就将一些地标性建筑变了个样。@图虫创意
,['日落', '剪纸', '摄影']
I01253352,心相印系列作品,http://wallpaper.cdn.pandora.xiaomi.com/thumbnail/webp/w1350/MiTv/041e24fc0eaa01a1b73c1639d33759041d842f57b,CC00000001,艺术,画家赵新雨将“天鹅”作为艺术创作的载体，“天鹅”象征着高贵、纯洁、忠诚与坚强。他用古典写实唯美的手法描绘出了天鹅动人的曲线，整个画面呈现出梦幻的美感。@一真EZEN
,['天鹅', '冬天', '小米精选']
I01048451,与心灵的对话,http://wallpaper.cdn.pandora.xiaomi.com/thumbnail/webp/w1080/MiTv/0815456a7ca36bba025b9f1de09d2634dbf40d4d9,CC00000001,艺术,孙萤的每一幅作品，仿佛都是与自己心灵的一次对话，在这个过程中她可以更加清晰地认识自己。作品《归途》中，一位小女孩迎着光亮，寻觅着远方前行的路，透过这副画作，观者也仿佛进入到了孙萤构建的内心世界当中。@Artand,['天鹅', '孙莹', '小米精选']
I01018175,张鑫作品《一念》,http://wallpaper.cdn.pandora.xiaomi.com/thumbnail/webp/w1080/MiTv/00eb4f55ccf8f4a7a372406448d4cb55b0ca14dc7,CC00000001,艺术,这幅作品意在表达一种东方的时空观念。
在画面中，近处蓝色的莲花与遥远的
月形成一种对话。@Artand,['绘画', '淡雅', '圆月', '荷花', '张鑫']
I01042906,蕩蕩 发现温柔,http://wallpaper.cdn.pandora.xiaomi.com/thumbnail/webp/w1080/MiTv/05698345a2f2347e23d685d39590b8bf29ced8049,CC00000001,艺术,“天冷不是冷，心寒才是寒，愿你的心都是暖暖的。人的长大伴随着一些失落，人的成熟附带着一些伤痕。只要你开心就好。”图为《大寒》，画家荡荡，水彩，2016年作品。@Artand,['冬天', '亭子', '水彩', '池塘', '荡荡', '美景']
I01038387,印象派女画家卡萨特,http://wallpaper.cdn.pandora.xiaomi.com/thumbnail/webp/w1080/MiTv/04906b4b2841a45c403323787f249f1eb43e20dec,CC00000001,艺术,玛丽·卡萨特身为女性，是唯一一个被法国印象派画家邀请参加作品展的美国人。这位出身于美国费城上流家族的富家千金，不顾父亲的阻拦就读美术学院，后来远赴法国，开启了超脱世俗的艺术之路。图为《海边玩耍的孩子们》，画家卡萨特，1884年。,['儿童', '沙滩', '孩子', '海滩', '玛丽·卡萨特', '《海边玩耍的孩子们》']
I01018174,张鑫作品,http://wallpaper.cdn.pandora.xiaomi.com/thumbnail/webp/w1080/MiTv/016d3c542d05d412016da2f65dc444ff1d8ab8674,CC00000001,艺术,张鑫作品《警幻·初桃》灵感来自《红楼梦》
里的太虚幻境。作者营造出一个建立在太湖
石上的理想世界，画中的楼阁仿佛遥不可及，
但环绕在周围盛放的桃树则似乎拉近了这些
楼阁与观者的距离。@Artand,['宫殿', '绘画', '淡雅', '圆月', '张鑫', '青色调', '《警幻·初桃》']
I01173688,画家崔彤笔下的父与子,http://wallpaper.cdn.pandora.xiaomi.com/thumbnail/webp/w1080/MiTv/00c21d4f7951f4925131c1a0b8fee1ca4212ceb75,CC00000001,艺术,你需要的时候，他都陪在你身边。@一真EZEN,['亲情', '优美', '父子', '艺术家', '艺术画', '国画', '人物画', '崔彤']
I01028335,人与动物,http://wallpaper.cdn.pandora.xiaomi.com/thumbnail/webp/w1080/MiTv/08c7fe5ce3a2a425f3b2c35a9cd56ee278100208e,CC00000001,艺术,人与动物彼此和谐共处，同住于一片星空之下。艺术家发挥自身想象力，为动物赋予人格化特征，使画作生动有趣，耐人寻味。@Artand,['睡觉', '熊猫', '月亮', '被子', '小米精选']
I01062805,顾静的淡香笔触,http://wallpaper.cdn.pandora.xiaomi.com/thumbnail/webp/w1080/MiTv/006045fc49494758dd1497071abe2b2480f425821,CC00000001,艺术,顾静不厌其烦地描述同一类情景、场域，尤其乐于描绘案头清供、乃至器物。此图超越忧患，远离尘累，顾静描述是含蓄着人间的情味，平静中不迫不促的悠游，温润如珠玉的闲雅给闹市中的人一种清静感。图为《淡淡香》。@ArtTouch
,['国画', '顾静']
I01047150,张大千 青山独归远,http://wallpaper.cdn.pandora.xiaomi.com/thumbnail/webp/w1080/MiTv/0215494a7fa164ba805b971de45d2d3cd630694d8,CC00000001,艺术,此画作有强烈的个人风格的再创作，辛辣的笔锋和着花青、赭石、墨、水的融合与流动，将苍茫而不荒寒的宁谧跃然于纸上。图为《黛山雨后》，画家张大千。@ArtTouch,['水墨', '国画', '张大千']
I01261349,唯美的法式洛可可画风,http://wallpaper.cdn.pandora.xiaomi.com/thumbnail/webp/w1350/MiTv/0173963632ebd4595b4207475440b02468dcbb931,CC00000001,艺术,洛可可，源自法国的浪漫情怀，似一首道尽女性柔美的动人情歌，在细腻柔媚的情思里架构着贵族们疯狂着迷的奢侈风潮。比如著名的肖像大师德鲁埃的作品《全家福》，人物栩栩如生，线条的运用发挥到了极致，有着很好的表现力，将洛可可风发挥的淋漓尽致。@锐景,['优美', '洛可可', '弗朗索瓦·休伯特·德鲁埃']
I01296046,梵高：生命的色彩,http://wallpaper.cdn.pandora.xiaomi.com/thumbnail/webp/w1350/MiTv/0c34f218144e84e0f9495c80452fa6189d2ef2e9f,CC00000001,艺术,如果你了解梵高，那么你会知道梵高画中关于生命力的刻画，在梵高的画里，他创造了属于他一个人的艺术世界，同时也创造了属于全人类的精神财富。@锐景,['大气', '色彩鲜艳', '梵高', '印象派', '小米精选']
I01045846,文化苦旅,http://wallpaper.cdn.pandora.xiaomi.com/thumbnail/webp/w1080/MiTv/0775ed58e6c0546480515ab3f07b9e4216b1afc7b,CC00000001,艺术,向往巅峰，向往高度，结果巅峰只是一道刚能立足的狭地。世间真正温煦的美色，都熨帖着大地，潜伏在深谷。君临万物的高度，到头来只构成自我嘲弄。——余秋雨@视觉中国,['月亮', '绘画']
I01294235,浅析高更的绘画特点,http://wallpaper.cdn.pandora.xiaomi.com/thumbnail/webp/w1350/MiTv/09f8b61b7d84844aaa9325a181932acfe4d7a0803,CC00000001,艺术,高更的画作洋溢着神秘浪漫的情调，充满了原始古朴的风味，既有丰富的象征意义，又有奇特的装饰美感。对于高更来说，自然界的万事万物表现在绘画中, 不是眼睛的视像, 而是心灵的映照。正是这些特点，使得高更的作品，在世界美术史上占有重要地位。@锐景,['清新自然', '田野', '惬意', '绘画', '高更']
I01373615,油画里的北极景色,http://wallpaper.cdn.pandora.xiaomi.com/thumbnail/webp/w1350/MiTv/0e49f3f2455f94ed4834960dd0ee83b06fa1da073,CC00000001,艺术,这幅油画的主体色彩偏冷色调，但又包含了暖色系在其中，象征着在严寒肆虐中，也能寻求一丝温暖。而油画中有两个人物，妈妈牵着一位小朋友，这与油画色调交相辉映，在冰冷的北极，亲情就是瓦解冰冷的最好方式。@站酷海洛,['雪景', '母子']
I01253354,他画的天鹅美极了,http://wallpaper.cdn.pandora.xiaomi.com/thumbnail/webp/w1350/MiTv/015a44bd27945c7c67809a9ca32990ebe2a43c981,CC00000001,艺术,艺术来源于生活，朦胧的湖面上天鹅一家在若隐若现的湖面上自由游动，独享这份温馨。@一真EZEN,['天鹅', '冬天']
I01050044,草木春秋,http://wallpaper.cdn.pandora.xiaomi.com/thumbnail/webp/w1080/MiTv/03183f42475984a472bd3604c5da5e72d548c6211,CC00000001,艺术,希施金一生绘画树木，描绘俄罗斯北方大自然的壮丽，表现森林的奥秘，被称为“森林的歌手”。图为《别墅附近》，画家希施金。@ArtTouch,['优美', '希施金', '美景']
I01027334,呆萌熊猫,http://wallpaper.cdn.pandora.xiaomi.com/thumbnail/webp/w1080/MiTv/06606e53e5aab4d233882e24118cec0ba056577cb,CC00000001,艺术,当野生大熊猫的数量降到1114只时，全世界拉响了警报。经过几十年对大熊猫的援救运动以及对其栖息地的恢复，大熊猫的数量有所增加。据2015年对大熊猫的最新普查，野外生存的大熊猫数量恢复到1864只。@许京甫/Artand,['熊猫', '月亮', '大象', '长颈鹿', '卡通']
I01132293,美在河山,http://wallpaper.cdn.pandora.xiaomi.com/thumbnail/webp/w1080/MiTv/0e306058440cf4ee913b54d282fafd7b3dd9065d5,CC00000001,艺术,此幅是成就李可染在中国近现代画坛地位的里程碑式作品。在1962年至1964年之间，李可染偶得半斤故宫内府朱砂，大胆尝试用朱砂写积墨山水，创作了“万山红遍”题材，曾创作过七幅《万山红遍》。@ArtTouch
,['村庄', '枫叶林', '国画', '山水画', '李可染']
I01134756,青绿山水,http://wallpaper.cdn.pandora.xiaomi.com/thumbnail/webp/w1080/MiTv/0dd9c4f1b3b907ad4aa5cb85cd8b7d5f51840baaf,CC00000001,艺术,耿杉的山水画，取法宋元，立意高古，树、石、水、云皆有法可循。欣赏耿杉的作品，观众不仅能了解古代山水画家描绘祖国大美山河的种种技巧，更能体会古人在山水绘画中寄托的萧散放逸的文人情怀。图为《塞北小镇》。@ArtTouch
,['国画', '山水画', '耿杉']
I01044241,有关喵星人的那些书,http://wallpaper.cdn.pandora.xiaomi.com/thumbnail/webp/w1080/MiTv/09698595abfc367ee1d68fd39380b5b0242434583,CC00000001,艺术,没有人比村上春树更了解猫，也没有哪种动物像猫这样了解村上春树。村上春树爱猫是众所周知的事，《村上春树·猫》以此为契机，对村上春树的作品进行分析重组，向读者展现了一个妙趣横生的“村上春树·猫”的世界。@视觉中国,['篮子']
I01028774,梵高笔下的时光印记,http://wallpaper.cdn.pandora.xiaomi.com/thumbnail/webp/w1080/MiTv/0a0a695e23b724e2826d813c8fc49f251f763fa6a,CC00000001,艺术,1887年，由于与不断发展中的当代法国艺术运动接近，梵高的调色板变得愈来愈明亮。在这幅1888年的《自画像》中，一位背着包、夹着画板的男子走在田间的小路上，梵高在通过自己的画笔描述生命瞬间，完全真实地凝视自己和表现自己。@视觉中国,['自画像', '梵高', '印象画派']
I01253367,新工笔的优美,http://wallpaper.cdn.pandora.xiaomi.com/thumbnail/webp/w1350/MiTv/00be5524fee0abe77914ff572b3a1162aae418e71,CC00000001,艺术,作品简单雅致，仅以花和蝴蝶营造出“嫁”的氛围，比繁花似锦更耐人寻味。郑佩仪《嫁》。@ArtTouch,['清新自然', '艺术家', '艺术画', '工笔画', '当代艺术', '花鸟画', '花鸟']
I01033071,化个妆，再出门,http://wallpaper.cdn.pandora.xiaomi.com/thumbnail/webp/w1080/MiTv/0f48e5b1068e9e8240256ee9251b84d435b4247e7,CC00000001,艺术,很多时候，打扮比长相更重要，因为打扮反映了一个人的修为、追求、魅力、情调和智慧。图为《最后的润色》。@视觉中国
,['优美', '化妆', '《最后的润色》']
I01173689,画家崔彤笔下的父与子,http://wallpaper.cdn.pandora.xiaomi.com/thumbnail/webp/w1080/MiTv/0ec21d4f7951f4926131c5a0b8cee1ca42122eb75,CC00000001,艺术,和你在一起的日子，心也渐渐的沉淀下来。@一真EZEN,['亲情', '优美', '父子', '艺术家', '艺术画', '国画', '人物画', '崔彤']
I01061647,孤独的左耳 梵高,http://wallpaper.cdn.pandora.xiaomi.com/thumbnail/webp/w1080/MiTv/04e7d4acabc856faa6aca74694edb7fdf8b435721,CC00000001,艺术,梵高早期画风写实，受到荷兰传统绘画及法国写实主义画派的影响。1886年，他来到巴黎，结识印象派和新印象派画家，并接触到日本浮世绘的作品，视野的扩展使其画风巨变。@视觉中国
,['向日葵', '梵高', '小米精选']
I01028331,人与动物,http://wallpaper.cdn.pandora.xiaomi.com/thumbnail/webp/w1080/MiTv/0a0a64fe2eb721e2686d843c87f4952a193426ff9,CC00000001,艺术,画作中的主体虽是动物，却也在影射着现实中的人类世界。人们无非是戴着各种面具窥见外部世界的动物，依据不同的需求，变换不同的面具应对外部环境的变化，夹缝求生罢了。@Artand,['天鹅', '小熊', '兔子', '小米精选']
I01157012,大千世界 泼墨荷画,http://wallpaper.cdn.pandora.xiaomi.com/thumbnail/webp/w1080/MiTv/0c225456a3f3b4b47225f6348fe5e7772b83d3c85,CC00000001,艺术,画中前端的荷叶用深青色颜料赋彩，以更深的颜色勾勒其脉络，边缘基本上靠颜料本身晕染而成。画面中荷叶的颜色由浅入深递进，层次区分明显。夏末的荷花已有慢慢凋零的趋势，透露出几分秋色。图为《三十六波秋色》。@浙江摄影出版社,['淡雅', '国画', '荷花', '张大千', '小米精选']
I01154644,宋秦晋的花草集,http://wallpaper.cdn.pandora.xiaomi.com/thumbnail/webp/w1080/MiTv/0c4ea948e71fd491e013eeebbcd3d3ecd0260950f,CC00000001,艺术,此图中宋秦晋用颜色非常自然、清新，用色有她的独到之处。在艺术中表现为一种玄妙空灵、清幽淡远的心灵状态，精湛的笔墨中将美好的寓意带到生活中。图为《瓶花》。@ArtTouch,['国画', '花草', '宋秦晋']
I01190718,梅兰竹菊,http://wallpaper.cdn.pandora.xiaomi.com/thumbnail/webp/w1080/MiTv/00e8274d717ff413d16b1cc2ce250041dd3c4cc0b,CC00000001,艺术,对角线的构图，叶子饱满的用色，淡雅的黄菊花瓣，氤氲的气息令人享受；钤印“生来多情”，情愫更上一层楼。牛鹏飞作品《四君子之菊》，纸本设色，作于2018年。 @一真EZEN,['艺术家', '幽静', '艺术画', '国画', '静美', '牛鹏飞']
I01052746,19世纪的情书,http://wallpaper.cdn.pandora.xiaomi.com/thumbnail/webp/w1080/MiTv/0ce13417cead1d434e072c8778a640c8a0a4395ff,CC00000001,艺术,“就在昨天，其实我有机会将心中的话全部说给你听，或者在喝茶的时候称赞你几句，这原本很容易。然而，事实上，我一个字都没有说出来。到了傍晚时分，我想着能和你单独相处。现在，对于那片刻光阴，我深感慰藉。”——里尔克致莎乐美。@视觉中国,['情侣', '长椅', '约会']
I01253390,现代绘画之父塞尚,http://wallpaper.cdn.pandora.xiaomi.com/thumbnail/webp/w1350/MiTv/0abe5154fee7a4e7c114f0572e6a1765a20783280,CC00000001,艺术,画中人物虽然面容模糊，但依然体态清晰，动态感十足。整幅画以绿色作为主体色调，低饱和度的蓝色、白色、黄色作为点缀出现在画面中心和边缘，人物和树木都体量感十足，表现出一种朦胧感和团块感。@ArtTouch,['优美', '艺术家', '艺术画', '印象派', '塞尚', '人物画']
I01050418,秀骨青松不老,http://wallpaper.cdn.pandora.xiaomi.com/thumbnail/webp/w1080/MiTv/01183552425484a484bd3904cc6a5772d674215ef,CC00000001,艺术,中国绘画作品善于通过对“松”的不同视角及不同表述，展现文人墨客对“松”的依托、寄情和立意，反映出国人对松文化的特殊情感，以及它在历史画卷中的超然地位。图为《牡丹水仙松》，画家乾隆皇帝。@ArtTouch,['松树', '国画', '花草', '乾隆']
I01293214,神秘的三星堆,http://wallpaper.cdn.pandora.xiaomi.com/thumbnail/webp/w1350/MiTv/00eb8064074024410a8a6b603b255ad6c86814219,CC00000001,艺术,虽然跟外星人没有关联，但这个问题足以证明“古蜀文明”的美几乎独一无二。一看见三星堆的文物，就会想起许多词：威严、狰狞、神秘、诡丽。@视觉中国,['感悟', '文物', '科普', '三星堆']
I01373256,寄情于水墨山水画,http://wallpaper.cdn.pandora.xiaomi.com/thumbnail/webp/w1350/MiTv/0f79288004ac347de9f03f22d84a80ea7d2c2a6c4,CC00000001,艺术,元代黄公望、王蒙、倪瓒、吴镇四人，都擅长水墨山水画，是典型的文人画风格，通过他们的探索和努力，使中国山水画的笔墨技巧达到了一个高峰。@图虫创意,['优美', '清新自然', '水墨画', '山水画']
I01291574,徐悲鸿的水墨奔马,http://wallpaper.cdn.pandora.xiaomi.com/thumbnail/webp/w1350/MiTv/0d5d1908e8d44431bad3d6d78d3f5da14e2540f5d,CC00000001,艺术,《双骏图》笔墨沉厚而变化万千，其笔力雄健，气势豪庄，这是难得的徐悲鸿杰作。画面奔腾双马，扬蹄奋起，长啸直前，其中能叫人看到中国的希望。@有料,['骑马', '骏马', '马匹', '宝马', '艺术品', '艺术感', '徐悲鸿']
I01211538,央美毕业季云展览,http://wallpaper.cdn.pandora.xiaomi.com/thumbnail/webp/w1080/MiTv/07fdf4c49f0eb964356a447b0f3c32ebc7e40a2ab,CC00000001,艺术,一只手轻轻的放在狗的头顶，那么温馨，那么真实。狗一下子全想起来了，想起曾经的一切，属于他的一切。他知道，这次再也不会分开了。@一真EZEN/杨冠琪,['温暖', '艺术家', '绘画', '友爱', '人类', '温情', '学生', '毕业季', '中央美术学院', '杨冠琪']
I01263026,理性与感性的结合美,http://wallpaper.cdn.pandora.xiaomi.com/thumbnail/webp/w1080/MiTv/03136eeecf7f6414c82eb5c5475027d64ef0573f0,CC00000001,艺术,四川美术学院造型艺术学院版画系杨雪莲毕业设计石版画作品《SPECIAL SPACE》，这一系列作品有意识的构建画面的组成，营造一个静谧地空间，一个理性主义的氛围。@一真EZEN,['清新自然', '趣味', '极简', '蘑菇', '版画', '小米精选']
I01128234,这就是她的全部世界,http://wallpaper.cdn.pandora.xiaomi.com/thumbnail/webp/w1080/MiTv/016eb56f8a762611a64568f41c7dfee310f418efe,CC00000001,艺术,我儿子特别喜欢听《小星星》那首歌，我觉得他就是我的一颗小星星，来到了我的身边，陪伴在我左右。鸟儿飞在周围，在夜空下就像小精灵一样，带来美好和温暖。孙莹作品《遗落的那颗星》@Artand,['侧脸', '孙莹', '小米精选']
I01045428,艺术家定制宠物贵族照,http://wallpaper.cdn.pandora.xiaomi.com/thumbnail/webp/w1080/MiTv/0b75e468e9cb576411515db3f5fb914c1664070ed,CC00000001,艺术,在这组照片中，汪星人和喵星人秒变帝王军官、贵妇公主，不仅表现出与众不同的萌态，又超级有范儿，令人忍俊不禁。@视觉中国,['画像', '贵族']
I01235063,萌春兔子来袭,http://wallpaper.cdn.pandora.xiaomi.com/thumbnail/webp/w1080/MiTv/08b52e5dff3e745cf0af5611bd95f8345f5744e87,CC00000001,艺术,李娜的画极具特点，她将动物小兔子与人的世界相结合，形成了新现实主义风格。在她的绘画中，有人的世界但没有人的出场，有动物却没有想象中的动物世界，这引发了人们多方面的联想。@一真EZEN,['少年', '男孩', '高雅', '兔子', '国画', '工笔画', '古风', '爵士', '李娜', '小米精选']
I01157008,果蔬花木名作精鉴,http://wallpaper.cdn.pandora.xiaomi.com/thumbnail/webp/w1080/MiTv/09002f5d182f04a8b26193f961122194ad0bc338f,CC00000001,艺术,此图之设色栀子花，淡雅娇妍，用笔匠心独运，深得物态神貌。画面建构了一种清寂的意境，寄寓画家淡泊人生的情怀。图为《卧游图册》，画家沈周。@浙江摄影出版社,['栀子花', '国画', '沈周']
I01041545,梵高 画随心生,http://wallpaper.cdn.pandora.xiaomi.com/thumbnail/webp/w1080/MiTv/0871042f04be0b67761bf13b7fd0a5713304253a3,CC00000001,艺术,梵高并没有写实地描绘教堂，而是以一贯的处理手法赋予其更加丰富的色彩和经过感情滤过的形象，在实物中融入自己的情感并体现在作品中。丰富、恰当的色彩则进一步加强了感情的表达，这正是梵高最终形成的特色。图为《奥维尔的教堂》，画家梵高。@ArtTouch,['梵高', '印象派', '《奥维尔的教堂》', '美景']
I01051703,新工笔作品赏析,http://wallpaper.cdn.pandora.xiaomi.com/thumbnail/webp/w1080/MiTv/0f83c249756e943061b28008370443d5b5647f412,CC00000001,艺术,新工笔是最初几个人以传统材料与基本笔法对旧图式的革命，解构重置，打破懒惰的随与从，把不可言传的独特意识植入画面，以画面的图式来传达思想的抖动。图为《日行者》，画家张发起。@ArtTouch,['国画', '玉兰花', '张发起', '小米精选']
I01190721,牛鹏飞 春色满堂,http://wallpaper.cdn.pandora.xiaomi.com/thumbnail/webp/w1080/MiTv/0be824dd7f73fd13c36b18c2ccc50a4cd91410e07,CC00000001,艺术,画面上扎实的宋元技法基础息息相关，可以看出于非闇对艺术家的影响。@一真EZEN,['春天', '精美', '春季', '艺术家', '雅致', '艺术画', '国画', '牡丹', '玉兰花', '静物画', '牛鹏飞']
I01132295,美在河山,http://wallpaper.cdn.pandora.xiaomi.com/thumbnail/webp/w1080/MiTv/01306058440cf4eea13b51d282bafd793dd9d65d5,CC00000001,艺术,贺天健一生以山水画创作为主，是一位自学成才的画家，他凭着自己的天赋，从明清大家入手，远追宋元诸家流派，博采众长。图为《锦绣河山》。@ArtTouch
,['国画', '山水画', '贺天健']
I01032443,法国女文青的逆袭,http://wallpaper.cdn.pandora.xiaomi.com/thumbnail/webp/w1080/MiTv/00bb6b41b171f4724370883a1997c6010f14d08d7,CC00000001,艺术,蓬巴杜夫人为了吸引国王的注意邀请许多画师为自己画像，她的姿态、着装，乃至道具都体现了较高的艺术造诣。不仅如此，伏尔泰等文学大师也是蓬巴杜夫人沙龙的座上宾，这些“活招牌”更使她声名大噪。图为《蓬巴杜夫人画像》，画家弗朗·鲍彻。@图虫创意
,['名媛', '《蓬巴杜夫人画像》', '弗朗·鲍彻', '蓬巴杜夫人', '小米精选']
I01042179,吴门画派,http://wallpaper.cdn.pandora.xiaomi.com/thumbnail/webp/w1080/MiTv/0871052f02be0867731bfa3b79d0ae713804253a3,CC00000001,艺术,仇英擅长画人物、山水、花鸟、楼阁等题材，画法苍秀，构思巧妙，笔墨俊雅。所画青绿山水和人物故事画，色调淡雅清丽，融入了文人画所崇尚的主题和笔墨情趣。图为《赤壁图卷》，画家仇英。@ArtTouch,['小舟', '国画', '仇英', '《赤壁图卷》']
I01037343,烟雨峰峦无古今,http://wallpaper.cdn.pandora.xiaomi.com/thumbnail/webp/w1080/MiTv/05a7f40e6302e226b8737b1d46eb3dffce6409414,CC00000001,艺术,该作品的题材取自东晋隐士陶渊明所作《桃花源记》，描绘了文人理想中的隐居之乐。图为《桃源仙境图》，明代画家仇英。@ArtTouch,['传统', '国画', '仇英', '《桃源仙境图》', '山水画', '美景', '小米精选']
I01293875,如何鉴赏油画,http://wallpaper.cdn.pandora.xiaomi.com/thumbnail/webp/w1350/MiTv/079a197d2871246948d603fe0e8c68e99c469bc21,CC00000001,艺术,在鉴赏油画时，要先了解作品的文化情境，任何画作都不是孤立的，只看技法、结构和色彩，不把作品放在一定的文化环境中去欣赏，无法掌握作者创作的意图，也无法与画作产生共鸣。@有料,['荒漠', '绘画', '画作', '贫瘠', '灾难']
I01117256,马骏《观瀑图》,http://wallpaper.cdn.pandora.xiaomi.com/thumbnail/webp/w1080/MiTv/0cd445acdab2229895cf9348795345701414221bc,CC00000001,艺术,从马骏的这幅作品中能明显感受到竹林七贤作品中的那种“大美”、“大气魄”，画家以生动、细腻的笔触描绘了人物形象并将其与群山，茅舍，竹林，流水等构成大场景，形成一个个诗情画意的画面，产生了更广阔的艺术效果。@ArtTouch,['村庄', '国画', '山水画', '马骏']
I01029108,跟着莫奈去踏青,http://wallpaper.cdn.pandora.xiaomi.com/thumbnail/webp/w1080/MiTv/05c7af410426b45a633c124c87bc7d7582f5b7130,CC00000001,艺术,莫奈被誉为“印象派领导者”，在他的作品中找不到鲜明的阴影与轮廓。在这幅于1874年创作的《阿尔让特伊大桥》中，光影之间的交锋温柔又不失张力，好似游船少女眼中的春日风景。@视觉中国,['莫奈', '印象派', '《阿尔让特伊大桥》', '美景']
I01157013,大千世界 泼墨荷画,http://wallpaper.cdn.pandora.xiaomi.com/thumbnail/webp/w1080/MiTv/0a002f5d182f04a8d26197f96182219fad0b1338f,CC00000001,艺术,画面的主体为几片舒展的荷叶，配以数株红莲。荷叶着色浓重，以最上面的和最前面的颜色为最浓，旁则以淡墨调和。叶片葱郁丰满，顶上的红莲或盛放或含苞，皆以色笔细细勾画。图为《红莲图》。@浙江摄影出版社,['国画', '荷花', '张大千', '小米精选']
I01049692,遥看瀑布挂前川,http://wallpaper.cdn.pandora.xiaomi.com/thumbnail/webp/w1080/MiTv/0da304cd8acf72b92d88746d842195f7ba843d565,CC00000001,艺术,张善子是现代名画家，张大千的二哥，画虎大师。少年从母学画，曾拜李瑞清门下，喜爱武术，跟其弟张大千一师从心意拳大师宝鼎习心意拳及内功十三段。图为《山水图》，画家张善子。@ArtTouch ,['水墨', '国画', '张善孖', '美景']
I01168702,艺术家张炯作品,http://wallpaper.cdn.pandora.xiaomi.com/thumbnail/webp/w1080/MiTv/06140a4962b0b4b6f3f116ae7d365aebf93bb0e98,CC00000001,艺术,从生活局外人与亲身体验者的多重角度思考，用他们的眼晴、耳朵及身体，去感受、观察和聆听。站在不同角度去认识世界，从而总结整理出自己的创作理念。作品《滋长》。@一真EZEN,['村庄', '牛羊', '艺术家', '艺术画', '美景', '张炯']
I01048611,丹青计划,http://wallpaper.cdn.pandora.xiaomi.com/thumbnail/webp/w1080/MiTv/0e15495a7faa64ba005b901de41d2d35d630a94d8,CC00000001,艺术,由ArtTouch发起的“丹青计划”对维基百科上的中国艺术家词条不断补增、修订、完善。《葵石峡蝶图》为“丹青计划”推出的首批艺术家戴进的作品。图中两只翩翩飞舞的彩蝶打破了由于花枝凛然独立所造成的冷漠古板，为画面平添了活泼气息和无穷意味。@ArtTouch,['蝴蝶', '国画', '花草']
I01183009,李娜作品,http://wallpaper.cdn.pandora.xiaomi.com/thumbnail/webp/w1080/MiTv/0c0006508de4545fb046b7851bdd41445e6005c96,CC00000001,艺术,自在的猴子、安详的大象、浪漫的桃花 ，无比和谐的画面。@一真EZEN,['水墨', '大象', '艺术家', '节日', '艺术画', '国画', '传统节日', '猴子', '桃花', '李娜']
I01260194,李鹏生作品,http://wallpaper.cdn.pandora.xiaomi.com/thumbnail/webp/w1350/MiTv/031788f19a89840b294b35704fdc53174c33ab19f,CC00000001,艺术,图为《流光》系列作品之一，该系列部分作品以竹为意象，布满画面的竹竿和强烈的色彩，渲染出了投向竹林中的风与月。@米拍/艺术野疯狂,['竹林']
I01190717,梅兰竹菊,http://wallpaper.cdn.pandora.xiaomi.com/thumbnail/webp/w1080/MiTv/00e8274d717ff413c16b16c2ce650041dd3c1cc0b,CC00000001,艺术,杏梅抽嫩芽，娇媚多姿。牛鹏飞作品《四君子之梅》，纸本设色，作于2018年。 @一真EZEN,['恬静', '艺术家', '幽静', '艺术画', '国画', '文化', '梅花', '咏梅', '牛鹏飞']
I01128248,费婧苗笔下的春日,http://wallpaper.cdn.pandora.xiaomi.com/thumbnail/webp/w1080/MiTv/0c7da249a110941211a63d5695b74822ebc9ea102,CC00000001,艺术,春天到，万物生，作品《春日芍药》中，黄绿色与淡粉色的芍药花和深蓝色的小鸟相互映衬，费婧苗用明快清新的色彩，营造出了春日气息。@Artand,['国画', '飞翔', '花草', '费婧苗', '小米精选']
I01042178,吴门画派,http://wallpaper.cdn.pandora.xiaomi.com/thumbnail/webp/w1080/MiTv/0871052f02be08677d1bf93b7bd0ab713c04253a3,CC00000001,艺术,这幅《玉兰图》卷是文徵明在庭院漫步，突然闻到了沁人心脾的花香，于是画兴大发，“戏笔”而作。画法依然秉持了文征明擅长的工笔和写意相结合的画法，此类画法被认为是陈淳和徐渭大写意花鸟画的先河。图为《白玉兰图》，画家文徵明。@ArtTouch
,['国画', '玉兰花', '文徵明', '《白玉兰图》', '美景']
I01036473,雷诺阿，印象派暖男,http://wallpaper.cdn.pandora.xiaomi.com/thumbnail/webp/w1080/MiTv/0fdab54084f93433826f22ff3e347ed779130a0f9,CC00000001,艺术,雷诺阿的画作光彩四射，但却是印象派大师中活得最没有激情的人。他的平淡一生与梵高、高更的跌宕起伏毫无可比性，就连一向温和的西斯莱都给他起了个外号——“软木塞”。图为《威尼斯湾》，画家雷诺阿。@视觉中国,['雷诺阿', '彩色', '威尼斯', '多彩', '印象派', '美景']
I01062801,顾静与她的喵星人,http://wallpaper.cdn.pandora.xiaomi.com/thumbnail/webp/w1080/MiTv/0660415c4f4944586214930718be22298f9dcb450,CC00000001,艺术,顾静的每一幅作品都非常精致。她将古典雅韵的精神气质有效地渗透入当下现实生活的物像之中。顾静的画作也展现出她的一份淡泊心志、宁静致远的心境，在喧嚣的世界中活出一份坦然。图为《深闺女儿莫愁年》。@ArtTouch,['国画', '顾静', '小米精选']
I01264608,四洋画家之一 艾启蒙,http://wallpaper.cdn.pandora.xiaomi.com/thumbnail/webp/w1350/MiTv/0971c950f937f4c16aa95f06f3599746de93e04c6,CC00000001,艺术,艾启蒙本是天主教耶稣会传教士，来到中国后，师从郎世宁，他的绘画与郎世宁一样，将西洋绘画技法融入到中国工笔绘画之中，成为中国清代绘画史上别具一格的新画风，对当时宫廷绘画有一定的影响。图为《白鹰轴》。@锐景,['老鹰', '国画', '文化', '技术', '山石']
I01285301,让非遗传承“潮”起来,http://wallpaper.cdn.pandora.xiaomi.com/thumbnail/webp/w1350/MiTv/0db768b36d4db415b8922d502071043df7efc550c,CC00000001,艺术,文化是沟通心灵的桥梁，具有跨越山海的力量。近年来，我国多项非遗在联合国教科文组织申遗成功，成为全人类共同的文化记忆。承载着中华文化基因的“非遗名片”，为国际社会更好了解中华文化打开了新的大门。@图虫创意,['艺术品', '文物', '世界遗产', '世界文化遗产', '景泰蓝']
I01032444,法国女文青的逆袭,http://wallpaper.cdn.pandora.xiaomi.com/thumbnail/webp/w1080/MiTv/06bb6b41b171f4724370823a1987c6090f14608d7,CC00000001,艺术,作为当时最有影响力的“文艺女青年”，蓬巴杜夫人对建筑、文学，乃至服装、发型都有很强的影响力。她更被誉为“洛可可艺术教母”。洛可可艺术的鼎盛时期与路易十五统治的时期相对应，这与蓬巴杜夫人的推动不无关系。图为洛可可风格画作《小提琴手》。@图虫创意,['华丽', '贵族', '洛可可', '《小提琴手》', '小米精选']
I01039829,康春慧 执花寄月,http://wallpaper.cdn.pandora.xiaomi.com/thumbnail/webp/w1080/MiTv/040c465b6dff441e1221cf6d580b0d16d6ebaafaa,CC00000001,艺术,康春慧说：花鸟不太好体现时代感，因为一万年前的花和现在的花没什么区别。在她的意识里，人间四季万物云云，透过花鸟传达自己对世界的认识是一件非常自然的事。图为《执花寄月·小暑》，画家康春慧，纸本设色，2017年作品。@ArtTouch,['国画', '花草', '康春慧', '《执花寄月》', '美景']
I01235053,薄春雨的诗意栖居,http://wallpaper.cdn.pandora.xiaomi.com/thumbnail/webp/w1080/MiTv/0fb7445b697b941ce1cc0390604293d12eec732c6,CC00000001,艺术,薄春雨是年轻的工笔花鸟画画家中的佼佼者，他这幅作品设色淡雅清新，染法精到自然，呈现出恬静之美。@ArtTouch,['艺术家', '艺术画', '国画', '工笔画', '当代艺术', '花鸟画', '花鸟', '小米精选']
I01053672,一丝凉意水墨间,http://wallpaper.cdn.pandora.xiaomi.com/thumbnail/webp/w1080/MiTv/0dcd24c4fc1c4dabd07cc8f31421f5c220843ee81,CC00000001,艺术,画家自西向东，由乡入城，重点描绘了一村（山前）、一镇（苏州）、一街（山塘）的景物，画笔所至，连锦数十里内的湖光山色、水乡田园、村镇城池、社会风情跃然纸上。图为《姑苏繁华图》，画家徐扬。@ArtTouch
,['街道', '船只', '城镇', '国画', '徐扬', '美景']
I01292679,带你探秘三星堆,http://wallpaper.cdn.pandora.xiaomi.com/thumbnail/webp/w1350/MiTv/00f75df73bb1547348b8a7d8274577f9f80e2110f,CC00000001,艺术,提起“三星堆”我们就想起了青铜铜人头像还有青铜面具，其实不仅仅是一件件出土的文物让人浮想联翩，还有“三星堆”这个名字也带有神秘色彩。@视觉中国,['历史', '博物馆', '文物', '摄影', '三星堆']
I01309793,惬意又治愈的生活文案,http://wallpaper.cdn.pandora.xiaomi.com/thumbnail/webp/w1350/MiTv/0c9dcc214ae4449eda4a869e5ddf81d9fef355157,CC00000001,艺术,我以为最美的日子，当是晨起侍花，闲来煮茶，阳光下打盹，细雨中漫步，夜灯下读书，在这清浅时光里，一手烟火一手诗意，任窗外花开花落，云来云往，自是余味无尽，万般惬意。@锐景/Lady Nana,['惬意']
I01095645,刘溪子作品,http://wallpaper.cdn.pandora.xiaomi.com/thumbnail/webp/w1080/MiTv/0b072545121ac4efd3453a6bc95282f27c1e0cbb8,CC00000001,艺术,游乐场不知疲觉，周而复始地旋转着，它不知道，即使它二十四小时不停歇，也不会有人365天留下来。图为《Disneyland》。@Artand
,['彩色', '多彩', '喧闹', '城市风光', '游乐场', '刘溪子']
I01176373,艺术家陈林林作品,http://wallpaper.cdn.pandora.xiaomi.com/thumbnail/webp/w1080/MiTv/079465af73d71ded9ee1fba31d3899246d041e0de,CC00000001,艺术,那时的你，神采奕奕、眼神澄明、笑靥清甜，像晨光里浅白的花瓣，盛开在记忆里，明媚可爱，永不褪色。陈林林作品《致那时的你》，布面油画，作于2016年。 @一真EZEN,['恬静', '艺术家', '白玫瑰', '艺术画', '陈林林']
I01047828,祥瑞锦鲤从何而来？,http://wallpaper.cdn.pandora.xiaomi.com/thumbnail/webp/w1080/MiTv/0615495a7fa664ba105b9e1de49d2d3cd630894d8,CC00000001,艺术,不仅普通人对鲤有祥瑞的执念，孔老夫子也是如此。2500多年前，孔子的夫人生下一个男孩，正好鲁国国君送来几尾鲤鱼，孔子“嘉以为瑞”，便给儿子取名“鲤”，字“伯鱼”。连儿子都叫“鲤”了，可见鲤对于古代人的意义有多深。@视觉中国,['国画', '工笔画', '鲤鱼 ', '锦鲤', '小米精选']
I01047786,心灵处方,http://wallpaper.cdn.pandora.xiaomi.com/thumbnail/webp/w1080/MiTv/084bb545e4842013d9abe2000839ebf0d5f421030,CC00000001,艺术,睡着你的秘密，醒着你的自由。它的篱笆结实而疏朗，有清风徐徐穿过。——毕淑敏《心灵处方》@视觉中国,['优美']
I01270692,工细之间  传神写心,http://wallpaper.cdn.pandora.xiaomi.com/thumbnail/webp/w1080/MiTv/0026d4547164745249f0ee1fd9ac20006e19b709f,CC00000001,艺术,工笔画力求形似，作品《悠闲的日子》能很好地体现出作者王申勇对于熊猫形态以及动态细节的考究。他的作品唯美细腻，蕴含着丰富的情感，且富有诗意。@ArtTouch,['优美', '水墨', '熊猫', '艺术家', '艺术画', '国画', '水墨画', '工笔画', '当代艺术', '花鸟画', '花鸟', '小米精选']
I01159447,嘉德保利春拍千万级拍品,http://wallpaper.cdn.pandora.xiaomi.com/thumbnail/webp/w1080/MiTv/0c36b425071713da79257963da0eb980439408c9d,CC00000001,艺术,北京保利2019春拍，近现代书画共取得8.17亿元的总成交，其中近现代书画夜场实现6.8亿元的总成交额。傅抱石的《芙蓉国里尽朝晖》以4062.5万元成交，位列本场第四。@ArtTouch,['国画', '山水画', '傅抱石']
I01050661,脑洞大开的PS神作,http://wallpaper.cdn.pandora.xiaomi.com/thumbnail/webp/w1080/MiTv/0fa3055d88cf74b95388716d85e196f9bcf2127dd,CC00000001,艺术,Randy Lewis让看似随机的两种元素相组合，延伸出了另一种意义，创作了这组脑洞大开的PS作品。这一缕金发让这只美工刷都显得“飘逸”了许多。@图虫创意,['刷子', '头发']
I01190537,最安静的喵星人,http://wallpaper.cdn.pandora.xiaomi.com/thumbnail/webp/w1080/MiTv/09bca2596a5f9444d2b4c133c45ef4038fad0d3c6,CC00000001,艺术,顾静会把自己的作品归类于中国工笔画。但她并不把画得精细、写实的作品当作优秀的范本。顾静《百媚生》。@ArtTouch,['艺术家', '艺术画', '工笔画', '当代艺术', '花鸟画', '花鸟', '顾静']
I01018176,张鑫作品《隐泉》,http://wallpaper.cdn.pandora.xiaomi.com/thumbnail/webp/w1080/MiTv/0aeb4f55ccfaf4a7637241644804cb53b0caf4dc7,CC00000001,艺术,作品表达的是一种对时空的思考，在
浮动的太湖石上引出的泉倾泻而下泛
起阵阵涟漪。在这水波之下仿佛隐含
着生命的诞生。@Artand,['绘画', '淡雅', '荷花', '张鑫', '波纹', '隐泉', '太湖石', '泉水']
I01137369,美国女孩的惊艳复古画,http://wallpaper.cdn.pandora.xiaomi.com/thumbnail/webp/w1080/MiTv/065c35018742263f74eebe2540fb9f081bb41d38e,CC00000001,艺术,来自美国洛杉矶的12岁小女孩Elisabeth Anisimow，小小年纪就表现出了超凡的绘画天赋，创作出了一系列精美绝伦的复古画作，每年仅出售画作就能赚4万美元（约合人民币27万元）。@图虫创意
,['厨房', '食材']
I01157027,雅韵山水,http://wallpaper.cdn.pandora.xiaomi.com/thumbnail/webp/w1080/MiTv/0a002f5d182f04a8126195f961822195ad0bb338f,CC00000001,艺术,张大千（1899-1983），以字行，善摹古画，仿石涛能乱真。张大千笔墨纵恣，不拘小节，作画速度快，《观海图》这类图式在民国很流行，傅抱石也画了不少。@浙江摄影出版社
,['国画', '气势', '山水画', '张大千']
I01148547,春山如笑,http://wallpaper.cdn.pandora.xiaomi.com/thumbnail/webp/w1080/MiTv/0fee94cfad0681e470214d5e249a2274b74421a97,CC00000001,艺术,毕文慧跟随曲阜教育前辈马培钧老师，学习传统花鸟画创作，追求雅逸清新雅俗共赏之效果。图为《玉堂春》。@ArtTouch
,['国画', '花草', '毕文慧']
I01157383,张大千作品,http://wallpaper.cdn.pandora.xiaomi.com/thumbnail/webp/w1080/MiTv/052255b6aef8b4b43825fe348835e67c2d3428f74,CC00000001,艺术,张大千曾经三上黄山，两登华岳，数攀泰、衡，三探剑门，四访峨眉，久居青城，屡游长江，全国所有的名山胜景几乎都留下了他的足迹。正如张大千自己所说：“薄负时誉，遂事壮游。举凡名山大川，幽岩绝壑，南北二京，东西两海，笠屐所至，舟舆所经，又无不接其胜流，睹其名迹！图为《松溪抚琴》。@浙江摄影出版社
,['松树', '国画', '弹琴', '张大千']
I01018025,“霍普式风格”画作,http://wallpaper.cdn.pandora.xiaomi.com/thumbnail/webp/w1080/MiTv/0a9da852c8db04278063ff47863f62a68a95c810a,CC00000001,艺术,《夜游者》是美国画家爱德华·霍普的代表作。这幅作品的创作年份是1942年，珍珠港事件后，他深深地感受到笼罩着美国的一片愁云惨雾，而他也把这种感觉融入这幅画作里。@图虫创意,['吧台', '爱德华·霍普', '《夜游者》', '小米精选']
I01298567,承载历史碎片的花瓶,http://wallpaper.cdn.pandora.xiaomi.com/thumbnail/webp/w1350/MiTv/064cf645e352d4eaa8e40778eb601a8856b13d69a,CC00000001,艺术,帕伽索斯花瓶，于1929年制成，现藏于史密森尼博物馆。整个花瓶以黑色为底，白色浮雕搭配装饰瓶身，红色点缀花瓶。其上描绘的主题是古希腊神话中的珀加索斯，他是希腊神话中最广为人知的动物之一。@米拍,['陶瓷', '博物馆', '文物']
I01295042,奥地利画家的绘画特点,http://wallpaper.cdn.pandora.xiaomi.com/thumbnail/webp/w1350/MiTv/0a322422e954640ff8ed463ae3cec47dfe4df99e2,CC00000001,艺术,Schuster从小就表现出对绘画的兴趣和技巧。他的作品中以各种花卉和水果的静物画为主；同时这位艺术家也创作了动物静物画，并辅以小动物和鸟类的表现形式。@站酷海洛,['蝴蝶', '绘画', '艺术感']
I01161098,李恒才作品,http://wallpaper.cdn.pandora.xiaomi.com/thumbnail/webp/w1080/MiTv/0136bd55091d14dab0257263dc8eb9854277e008c,CC00000001,艺术,李恒才以擅画骆驼为人熟知，自称“牧驼人”，著有《千姿百态画骆驼》、《写意骆驼画法》等教材，以骆驼为主题的作品在美术界与收藏界已有相当的名声，堪称独步画林，甚至被画友们略带戏谑地称之为“李骆驼”。@ArtTouch
,['骆驼', '国画', '李恒才']
I01047151,张大千 青山独归远,http://wallpaper.cdn.pandora.xiaomi.com/thumbnail/webp/w1080/MiTv/084bb445ec842b13dbabe2000b39e0f0d3f421030,CC00000001,艺术,青城山是影响大千一生山水画的重要名山之一，即使晚年投荒异域，青城山仍是他魂牵梦绕的所在，屡屡以之入画，此幅可称为大千青城山水的奠基之作。图为《青城南望立轴》，画家张大千。@ArtTouch,['水墨', '国画', '张大千']
I01298608,走进梵高眼中的世界,http://wallpaper.cdn.pandora.xiaomi.com/thumbnail/webp/w1350/MiTv/0e232ea1c76dd4f5fadca86a039281f35b2d36843,CC00000001,艺术,梵高在进入医院接受治疗之后，他从病房的窗口向外看见了山丘，云朵还有麦田，从而产生了绘画灵感，创作出一系列有关大自然的作品，《阿尔勒花园》便是其中一幅。在这幅画中，我们甚至能感受到和煦的微风，温暖的阳光和花朵的香味。@锐景,['清新自然', '花园', '绘画', '梵高', '印象派', '技术']
I01195950,画家何红玉作品,http://wallpaper.cdn.pandora.xiaomi.com/thumbnail/webp/w1080/MiTv/0b9fe4e6d04efaf5bf30677824dbba02c6842c3bd,CC00000001,艺术,溪流转处两三家，落落疏林浅浅沙；可是小春风物早，檐头一束杜鹃花。@一真EZEN,['春天', '艺术家', '艺术画', '国画', '杜鹃花', '何红玉']
I01037574,歌唱人生,http://wallpaper.cdn.pandora.xiaomi.com/thumbnail/webp/w1080/MiTv/09961044d1fcc4bd4071b84bf23ed0b2a9210ed48,CC00000001,艺术,我将不停地行走，不停地歌唱。因为这是我自己的歌吟，我自己的诗章。图为《新年》，画家Edoardo Dalbono，1885年。@视觉中国,['帆船', '狂欢', 'Edoardo Dalbono', '《新年》', '唱歌', '小米精选']
I01269535,花鸟画的寓意寄情方式 ,http://wallpaper.cdn.pandora.xiaomi.com/thumbnail/webp/w1350/MiTv/06edc767802f942968fac9c023f5164dbac6f6138,CC00000001,艺术,形象特征：花鸟虫鱼的形象特征，常常唤起画家的借物联想。如牡丹借喻富贵娇美之意；而白头翁，则因其头部有一撮白色羽毛，仿佛人老发白，故而常常以此鸟比喻夫妇同到白头、至爱终生。如果将牡丹与白头翁组合成画，即可寓意“富贵到白头”。@视觉中国,['绘画', '工笔画', '小米精选']
I01292654,极美国宝鉴赏,http://wallpaper.cdn.pandora.xiaomi.com/thumbnail/webp/w1350/MiTv/05a5e04d2e9c44fa383bbb76299c26e29f85b425a,CC00000001,艺术,芙蓉石蟠螭耳盖炉一直是南京博物馆的“当家花旦”，芙蓉石又被称为粉晶，质地偏脆，雕刻十分不易，因此，一般都是雕刻成小件工艺品，能用芙蓉石打造出如此大而完整的盖炉着实不易，是难得一见的珍品。@有料,['优美', '清新自然', '古董', '国宝', '文物', '珍稀']
I01373538,艺术家李知弥作品《聊赠一枝春》,http://wallpaper.cdn.pandora.xiaomi.com/thumbnail/webp/w1350/MiTv/06ef1d526eea846d8af078c7472ee1536920cbb4a,CC00000001,艺术,谈到“一枝春”，可能人们会想到一枝春天的嫩柳枝，一枝春天的桃花，但小小的新鲜草莓杯子蛋糕也是“一只春”的美好。@艺巢ART,['杯子蛋糕', '国画', '草莓蛋糕']
I01109251,董其昌作品,http://wallpaper.cdn.pandora.xiaomi.com/thumbnail/webp/w1080/MiTv/05fc55dd64e0b56c0a640b69b19633eabb0415889,CC00000001,艺术,董其昌的绘画艺术集前人之大成，融会贯通，洞察画坛时弊，及时明智地提出画分“南北宗”的画学审美观，并以创作实践充分印证了其理论，所达文化性高度，足以与元四家及唐宋各大家相媲美，无可争议地载入了中国杰出文人画家的史册，亦是文人画理论史上的又一个高峰。图为《仿古山水画合册》。@ArtTouch,['国画', '风景画', '山水画', '董其昌']
I01256589, 白马 大海,http://wallpaper.cdn.pandora.xiaomi.com/thumbnail/webp/w1350/MiTv/04c5bc51ba7cb4e731619c88cac73cf6ebe85c35a,CC00000001,艺术,即使低头也有无数灵动的线条，这美丽的生灵，带给人们无限的遐想。@Artand,['骏马', '低头', '马匹', '晚上', '白马']
I01030234,德加的舞蹈课,http://wallpaper.cdn.pandora.xiaomi.com/thumbnail/webp/w1080/MiTv/00c7a521032fb95a5e3c1e4c857c72718144337df,CC00000001,艺术,舞蹈教室系列画作是德加描绘舞者身姿的杰作，也是德加作为一名画家的代名词。在舞蹈教室和剧院，德加捕捉那些或优美或奇特的动作，在华丽的画面中透着对真实世界的冷静观察。@视觉中国,['舞者', '芭蕾', '印象派', '德加']
I01115179,明清花鸟图赏鉴,http://wallpaper.cdn.pandora.xiaomi.com/thumbnail/webp/w1080/MiTv/05b7b5e38d103ccc95aa6469de1992cb56843d710,CC00000001,艺术,此图以古籀法写梅枝，老干虬曲粗壮，布满疤结，笔力雄健。花瓣和花蕊以白粉点染，花形饱满圆润。山石以青绿法晕染，皱褶繁复，轮廓尖峭。图为《花卉册页》。@浙江摄影出版社
,['淡雅', '国画', '花鸟画']
I01046222,水墨之春,http://wallpaper.cdn.pandora.xiaomi.com/thumbnail/webp/w1080/MiTv/04d68c5152efd4c661cfe736729d1d9dbc21da674,CC00000001,艺术,整幅构图以春日柳枝定局，从右端横出而上的枝条弥补了构图的简约，加上适当的留白，营造出整体画面的空间感，将相对静态的枝木借助喜鹊的瞬间动态构成了生动且富有表现力的意境画面。图为《春日四喜鹊图》，画家徐悲鸿。@ArtTouch,['树枝', '国画', '喜鹊', '徐悲鸿', '美景']
I01032438,塞尚的湖光山色,http://wallpaper.cdn.pandora.xiaomi.com/thumbnail/webp/w1080/MiTv/07bb64f1b171f0724970833a1b07cf0806143d96b,CC00000001,艺术,一座圣维克多山，塞尚画了将近20年，山峦风景中的远近、空间关系演化为几何形体的面貌，同一题材的变体画成为他晚年的代表作。图为《圣维克多山》，画家塞尚，1896年。@视觉中国
,['田园', '印象派', '塞尚', '《圣维克多山》', '美景']
I01285577,春天赏花的最佳姿势,http://wallpaper.cdn.pandora.xiaomi.com/thumbnail/webp/w1350/MiTv/08ebb4f99992147458080d9db33f47c7fb2efe7b3,CC00000001,艺术,捕捉最惊艳的瞬间——要用小光圈：微距摄影一般用小光圈，F11、F16或更小。需要用小光圈来增大景深，让主体的清晰范围更大，比如拍摄昆虫。@视觉中国,['实用', '知识', '摄影', '微距']
I01047827,祥瑞锦鲤从何而来？,http://wallpaper.cdn.pandora.xiaomi.com/thumbnail/webp/w1080/MiTv/084bb545e5842a13d3abe6000539eef0d2f421030,CC00000001,艺术,关于鲤鱼的寓意，最耳熟能详的说法是“鲤鱼跃龙门”。古代传说黄河鲤鱼跳过龙门，就会变化成龙。清代李元在《蠕范·物体》曾写道：“鲤……黄者每岁季春逆流登龙门山，天火自后烧其尾，则化为龙。”@视觉中国,['国画', '工笔画', '鲤鱼 ', '锦鲤', '小米精选']
I01250551,中国山水画发展简史,http://wallpaper.cdn.pandora.xiaomi.com/thumbnail/webp/w1350/MiTv/0279b245a992f419eb2272ee1619f9bd2e258f428,CC00000001,艺术,被称为中国第一篇山水画论的是宗炳的《画山水序》。宗氏提出了著名的透视法则：“竖画三寸，当千刃之高；横墨数尺，体百里之远”。@视觉中国,['水墨', '国画', '水墨画', '山水画', '小米精选', '口碑壁纸']
I01176437,以情造景 以心造境,http://wallpaper.cdn.pandora.xiaomi.com/thumbnail/webp/w1080/MiTv/036a1c4adf6a0481a0722517d5a6f43429c61374e,CC00000001,艺术,榛子满园，散发出独有的芬芳。青年画家牛鹏飞展现出了精湛的画技，细致地描绘出了榛子树枝，带观者进入到宁静平逸的心境之中。作品为《黛色参天》，创作于2015年。@一真EZEN,['艺术家', '艺术画', '国画', '花鸟画', '花鸟', '美景', '牛鹏飞', '小米精选']
I01147918,俄罗斯艺术的黄金时代,http://wallpaper.cdn.pandora.xiaomi.com/thumbnail/webp/w1080/MiTv/0758c551880fb8d65bac51dd66ef50e883840f8a8,CC00000001,艺术,19世纪下半叶被称作是“俄罗斯艺术的黄金时代”，此时的俄罗斯画坛艺术流派更迭，名家辈出。@图虫创意,['草坪', '俄罗斯', '祥和', '巡回展览画派', '库斯托季耶夫']
I01028773,梵高笔下的时光印记,http://wallpaper.cdn.pandora.xiaomi.com/thumbnail/webp/w1080/MiTv/030a695e23b624e2726d803c8fb49f2a1f767fa6a,CC00000001,艺术,梵高以细腻的笔触描绘了他在法国小城阿尔勒的“黄房子”。1888年9月，梵高搬进了这幢房子，被这里和煦的阳光与辽阔的麦田吸引，他希望将“黄房子”建成他梦想的艺术家聚居地。@视觉中国,['梵高', '印象画派', '小米精选']
I01250552,中国山水画发展简史,http://wallpaper.cdn.pandora.xiaomi.com/thumbnail/webp/w1350/MiTv/0a7511bafa16d4ba8bc8d673f09a9c5e178e4431b,CC00000001,艺术,从隋代起，山水画逐步从人物故事的背景中独立出来。唐代山水画出现了青绿和水墨两种不同风格。山水画家李思训及李昭道的青绿山水画继承着展子千的传统而发展。盛唐时期山水画出现重大变革，诗人王维创水墨渲染“破墨”山水。@视觉中国,['水墨', '国画', '水墨画', '山水画', '小米精选', '口碑壁纸']
I01201502,青年艺术100展览,http://wallpaper.cdn.pandora.xiaomi.com/thumbnail/webp/w1080/MiTv/0a6fb54ddcbad45bc15177d67997d708412770e29,CC00000001,艺术,在阳光下包围于我身边的绿色，也正可用来象征人生。其时生命中杂念与妄想，为岁月漂洗而去尽，一种清净纯粹之气，却形于眉宇神情间。人到这个状况下时，自然比诗歌和音乐更见得素朴而完整。——沈从文。张钰作品《密林》。@一真EZEN/青年艺术100,['松鼠', '艺术家', '艺术画', '写实', '人物画', '张钰']
