I01033958,当上帝是只兔子,http://wallpaper.cdn.pandora.xiaomi.com/thumbnail/webp/w1080/MiTv/000bf54f4f01d49a5228dfd383e56720a8abfcf97,CC00000005,阅读,如果你认为自己看不见我，闭上眼睛，我就会出现。——莎拉·韦曼《当上帝是只兔子》@视觉中国,['钻石', '王冠', '兔子', '小米精选']
I01211581,培养这样的乐趣，真的太重要了,http://wallpaper.cdn.pandora.xiaomi.com/thumbnail/webp/w1080/MiTv/00df455e3d72442dd36292a9a24450138e4e74a36,CC00000005,阅读,同学们要知道在做什么，明确学习的目的。知道在做什么，就是明确学习目标，明确为什么要学习，同学们你就会深入其中，为达到目的而竭尽全能，这个时候，你想得最多的就是采用什么方法，什么方式可以更好的去学习，才能更加行之有效。@视觉中国,['趣味', '知识', '学习', '成长']
I01214160,哪些话让你醍醐灌顶？,http://wallpaper.cdn.pandora.xiaomi.com/thumbnail/webp/w1080/MiTv/0a94d4883ef7402a031e164fe38849eea8041a12f,CC00000005,阅读,你很自由，充满了无限可能，这是很棒的事。我衷心祈祷你可以相信自己，无悔地燃烧自己的人生。——东野圭吾《解忧杂货铺》@视觉中国,['自由', '鸡汤', '解忧杂货店', '人生', '小米精选']
I01033960,当上帝是只兔子,http://wallpaper.cdn.pandora.xiaomi.com/thumbnail/webp/w1080/MiTv/0c0bf54f4f01d49a5228d4d383456729a8ab5cf97,CC00000005,阅读,有时候生活给予了你太多美好，而你却觉得没有任何价值。——莎拉·韦曼《当上帝是只兔子》@视觉中国,['兔子', '小米精选']
I01257753,哪些温暖的情话能打动你？,http://wallpaper.cdn.pandora.xiaomi.com/thumbnail/webp/w1350/MiTv/072ab79f4b0f64343b0bd491a59c1229b2c652858,CC00000005,阅读,想把世界最好的给你，却发现世上最好的是你；我不要不老的青春，只要一个盗不走的爱人。@视觉中国,['温暖', '情感', '内心', '感情', '小米精选']
I01197530,想象中的世界,http://wallpaper.cdn.pandora.xiaomi.com/thumbnail/webp/w1080/MiTv/0e36214f2b7004a3a0c4f49ae2886b39aac9a5a4e,CC00000005,阅读,我的梦想还像小时候一样遥远，唯一不同的是我已经不打算实现它了。@米拍/王朔,['暗色调', '山丘', '想象力', '摄影', '想象', '艺术摄影']
I01217060,拥抱奋斗的人生,http://wallpaper.cdn.pandora.xiaomi.com/thumbnail/webp/w1080/MiTv/0534f478cb5ccf004a534c597abf55fe16443e1c2,CC00000005,阅读,生命需要奋斗，奋斗与不奋斗，造就的结果截然不同。生无所息，保持奋斗的姿态，让世界变得如此灿烂，让你的人生绚烂多姿。@视觉中国,['感悟', '城市风光', '美景', '人生']
I01219157,做人如水的哲学,http://wallpaper.cdn.pandora.xiaomi.com/thumbnail/webp/w1080/MiTv/0ebdc50635086ad8acc4ddd49300e09b4fa420183,CC00000005,阅读,是生命的源泉，凡是有生命的物体都与水有关，人们对于水的依赖和对水的情愫超越万物。做人应该像水一样，要有极大的可塑性。@视觉中国,['海边', '感悟', '海水', '海面', '秀美', '秀丽', '美景']
I01188958,随星灿烂,http://wallpaper.cdn.pandora.xiaomi.com/thumbnail/webp/w1080/MiTv/06bca4f96a5a9544d5b4c833c8def9038ba42c442,CC00000005,阅读,从前的日色变得慢，车，马，邮件都慢，一生只够爱一个人。——木心《从前慢》@视觉中国
,['日落', '玻璃瓶', '烟花', '情绪']
I01257754,哪些温暖的情话能打动你？,http://wallpaper.cdn.pandora.xiaomi.com/thumbnail/webp/w1350/MiTv/033f0ada67f7943ad9b3a3b6fd4a7f5fe3c6449b6,CC00000005,阅读,喜欢上你，并不是你长得好不好看的原因，而是你在特殊的时间里给了我别人给不了的感觉。@视觉中国,['温暖', '情感', '内心', '感情', '小米精选']
I01161483,少年与海,http://wallpaper.cdn.pandora.xiaomi.com/thumbnail/webp/w1080/MiTv/03b50d4e5f2694610217f1847fb8a0e68d1d33f15,CC00000005,阅读,找到一件可以为之疯狂的事情，是一个人活着最大的意义。,['岛屿', '夏天', '海岛', '纯净']
I01183241,快乐如斯,http://wallpaper.cdn.pandora.xiaomi.com/thumbnail/webp/w1080/MiTv/0f9a9d45bb5004b9b3703243180236307a94848e5,CC00000005,阅读,我为我喜欢的东西大费周章，所以我才能快乐如斯。——海明威@视觉中国,['清新自然', '彩色', '玻璃杯', '多彩', '糕点', '甜食']
I01255016,小城里有的不只有故事,http://wallpaper.cdn.pandora.xiaomi.com/thumbnail/webp/w1350/MiTv/0cb22d94b965f4d9984ef84522378c5f0d6ac59f2,CC00000005,阅读,就让心中的温润与那些飞逝的光阴共存。就让生命里的那些遇见，如同初见般的美好。就让我的心，如同奔流的山泉般的清澈美好。——《小城故事》@视觉中国,['列车', '麦田', '乡村', '小米精选', '口碑壁纸']
I01254436,唯美樱花诗，妆点满园春,http://wallpaper.cdn.pandora.xiaomi.com/thumbnail/webp/w1350/MiTv/03b78876febcd44ef87840b4dd90eded2b24e0aee,CC00000005,阅读,赏樱日本盛于唐，如被牡丹兼海棠。恐是赵昌所难画，春风才起雪吹香。——宋濂 @视觉中国,['樱花', '娇艳', '小米精选', '口碑壁纸']
I01213056,做好自己，不必解释,http://wallpaper.cdn.pandora.xiaomi.com/thumbnail/webp/w1080/MiTv/0311f4e41c1f4f20340ce97becc152e5ca5412b68,CC00000005,阅读,人这一生，最重要的事，莫过于按照自己的方式过一生，选择做真实的自己，选择依心而行。@视觉中国,['感悟', '秀美', '秀丽', '美景', '人生']
I01222865,人生如海,http://wallpaper.cdn.pandora.xiaomi.com/thumbnail/webp/w1080/MiTv/035d94502060746c836befce0c2a7302a7ca8f475,CC00000005,阅读,人生如海，潮起潮落，既有春风得意、高潮选起的快乐，也有万念俱灰、惆怅漠然的凄苦。@视觉中国,['感悟', '秀美', '秀丽', '美景', '人生']
I01198318,结伴的喜悦,http://wallpaper.cdn.pandora.xiaomi.com/thumbnail/webp/w1080/MiTv/0e3625af2b7c0aa39bc4f09ae358683aaeb4042b1,CC00000005,阅读,真正的朋友，是一个灵魂孕育在两个躯体里。——亚里士多德@视觉中国,['道路', '朋友', '美景']
I01197330,生活有一百种过法,http://wallpaper.cdn.pandora.xiaomi.com/thumbnail/webp/w1080/MiTv/0a9855443a4fe4d9830f66317a49124b3cadf5350,CC00000005,阅读,走到途中才忽然发现，我只剩下一副模糊的面目，和一条不能回头的路。——席慕蓉@视觉中国,['道路', '寂静']
I01033959,当上帝是只兔子,http://wallpaper.cdn.pandora.xiaomi.com/thumbnail/webp/w1080/MiTv/070bf48f410ad59abc28d0d38cc5642fa5f429375,CC00000005,阅读,任何事情都不会被遗忘太久。 有时候，我们只需要提醒这个世界，我们与众不同，我们依然在这儿。——莎拉·韦曼《当上帝是只兔子》@视觉中国,['治愈', '草丛', '兔子', '小米精选']
I01254907,欣赏生活中的风景,http://wallpaper.cdn.pandora.xiaomi.com/thumbnail/webp/w1350/MiTv/0ac2df8cae2084dd7bb336f39f76143c4cdeea9ba,CC00000005,阅读,当你痛苦的时候，就去和朋友说说话。倾诉过后，心情得到了舒缓，内心的苦楚也减少了很多。生活就是一段一段的磨练，再一步一步的成长，当你痛苦时，不妨把心事说予朋友听。茫茫人海中有一个人能够承担你一部分的痛苦，那再大的苦楚也就有了疏通的场所。@麦拉风/Kelvin李,['读书', '知识', '美景', '人生', '小米精选']
I01211582,培养这样的乐趣，真的太重要了,http://wallpaper.cdn.pandora.xiaomi.com/thumbnail/webp/w1080/MiTv/0ddf455e3d72442df36290a9a214501f8e4ef4a36,CC00000005,阅读,新的智慧涌入脑海，举一反。这个新的智慧指的就是，新的思路，新的想法，新的看法，新的见解。当同学们进入学习的那个状态中的时候，你就会越来越兴奋，为什么说会兴奋？是因为你的眼界明了，思路清晰，大脑处在一个不停运转的过程中。@视觉中国,['智慧', '读书', '学习', '成长']
I01205576,人生如潮 潮起潮落自有时,http://wallpaper.cdn.pandora.xiaomi.com/thumbnail/webp/w1080/MiTv/07e4a54cf127dd7fbde298d9878390595904311b7,CC00000005,阅读,人生不怕挫折、不惧失败，只怕还未开始却向命运低头；生命不怕短暂、不畏平凡，只怕想要的太多而空留遗憾。@视觉中国,['海浪', '浪花', '海水', '海面', '海潮', '潮汐']
I01261085,时光正慢慢地走着,http://wallpaper.cdn.pandora.xiaomi.com/thumbnail/webp/w1350/MiTv/02b72c26f927f4e3e90e5b7e788ca4a83cd4eb3c8,CC00000005,阅读,真正的从容不是躲避喧嚣与纷争，而是平静地对待生活。—— 贾平凹《愿人生从容》@圈子,['陶瓷', '窗台', '玻璃杯', '盛开']
I01372804,人生要有梦想,http://wallpaper.cdn.pandora.xiaomi.com/thumbnail/webp/w1350/MiTv/0b138bfcce63e493ab33848217e51cf34e65c5013,CC00000005,阅读,做人如果没梦想，那跟咸鱼有什么分别？——《少林足球》@乐次元,['日落', '瓶子', '光影', '美景']
I01261686,爱永远不会消散,http://wallpaper.cdn.pandora.xiaomi.com/thumbnail/webp/w1350/MiTv/0986b73a468464e039d8cd26495d95b7e57696d5f,CC00000005,阅读,于千万人之中遇见你所要遇见的人，于千万年之中，时间的无涯的荒野里，没有早一步，也没有晚一步，刚巧赶上了，那也没有别的话可说，惟有轻轻地问一声：“噢，你也在这里吗？”——张爱玲《爱》@圈子,['墙壁', '优美', '洁白', '玻璃窗', '透明']
I01265551,多读书对你有好处,http://wallpaper.cdn.pandora.xiaomi.com/thumbnail/webp/w1350/MiTv/0a1cba605372b414a88de5c4fd993b66a1ff9b551,CC00000005,阅读,《望春风》有着《米格尔街》式的叙述方式：一个小村庄里，各种普通人物过着家长里短的生活。有纷争的时候，也有一同奋进的时候。最终，随着城市的扩展，农村走向了衰落，主人公老年之际想着，是不是有一天能春回大地，重新过上往日那样的生活。@Unsplash,['书籍', '书本', '读书', '知识', '学习']
I01266044,肆意的青春,http://wallpaper.cdn.pandora.xiaomi.com/thumbnail/webp/w1350/MiTv/09e12c06f013b448bbb083535d86e80d8adefc1b6,CC00000005,阅读,青春是有限的，不能在犹豫和观望中度过。——辛夷坞《致我们终将逝去的青春》@圈子,['草坪', '花篮', '生机勃勃', '编织']
I01207093,你看一本书能够有什么感悟？,http://wallpaper.cdn.pandora.xiaomi.com/thumbnail/webp/w1080/MiTv/0ad3144ea95385ce2aaa4b82070e8951d99420dc8,CC00000005,阅读,人之所以悲哀，是因为我们留不住岁月，更无法不承认，青春，有朝一日要这么自然的消失过去。而人之所以可贵，也在于我们因着时光环境的改变，在生活上得到长进。——三毛《雨季不再来》@视觉中国,['作家', '感悟', '读书', '理想']
I01372849,诗词里的中国式浪漫,http://wallpaper.cdn.pandora.xiaomi.com/thumbnail/webp/w1350/MiTv/0fccce75e2a114e27b46fdb4712c93a36ccf866f6,CC00000005,阅读,我见青山多妩媚，料青山见我应如是。 ——宋·辛弃疾《贺新郎·甚矣吾衰矣》@水象星,['水墨', '荷花', '古风', '小米精选']
I01253754,阳光的气息,http://wallpaper.cdn.pandora.xiaomi.com/thumbnail/webp/w1350/MiTv/017b40ef646104b7ea27b8cd400b003d0aa8175c2,CC00000005,阅读,我爱春天，爱春天里措手不及的变化，花朵摇曳，开花的声音像消失的秘密。我爱这相遇，和不经意见错过的部分。——胡弦《在春天》@圈子,['悠闲', '书籍', '书本', '安逸', '满天星']
I01253816,累有所获 忙有所往,http://wallpaper.cdn.pandora.xiaomi.com/thumbnail/webp/w1350/MiTv/0d5a414d2a97547c73809a9ca9d998e8eb46a2bc1,CC00000005,阅读,苦难既然把我推到了悬崖的边缘，那么就让我在这悬崖的边缘坐下来，顺便看看悬崖下的浏岚雾霭，唱支歌给你听。——史铁生@有料,['奇幻', '神秘', '温暖', '清新自然', '纯粹', '天空之城', '小米精选']
I01261682,美好时光正当时,http://wallpaper.cdn.pandora.xiaomi.com/thumbnail/webp/w1350/MiTv/0c8034f4989b64ffd97e1cc4af20b79d4a4637ac1,CC00000005,阅读,你是一树一树的花开， 是燕在梁间呢喃， 你是爱，是暖，是希望， 你是人间的四月天。——林徽因《你是那人间的四月天》@圈子,['优美', '整洁', '床单', '洁白']
I01210056,生活需要一些仪式感,http://wallpaper.cdn.pandora.xiaomi.com/thumbnail/webp/w1080/MiTv/0bca854835f0a61e539fc1049733633f4ef418705,CC00000005,阅读,生活需要仪式感，仪式感能唤起，我们内心自我的尊重，也让我们更好的更认真的去过，属于我们生命里的每一天。——张爱玲@米拍/喵小鱼,['杯子', '摄影']
I01256300,愿时光静美,http://wallpaper.cdn.pandora.xiaomi.com/thumbnail/webp/w1350/MiTv/0df0a26c5502c4b6c8c8554cbb31646095e8cecfa,CC00000005,阅读,一个人使劲踮起脚尖靠近太阳的时候，全世界都挡不住她的阳光。——人民日报《你的坚持，终将美好》@圈子,['优美', '治愈', '红茶']
I01261070,入目皆是美景,http://wallpaper.cdn.pandora.xiaomi.com/thumbnail/webp/w1350/MiTv/04ae3b4be797c41b8aac0b780781e390669d2cc94,CC00000005,阅读,由起点到夜晚，由山野到书房，一切问题答案都很简单，我希望有一个如你一般的人，贯彻未来，数遍生命的公路牌。——张嘉佳《从你的全世界路过》@圈子,['温暖', '优美', '生机勃勃', '美景']
I01207374,想要改变？读书就够了吗？,http://wallpaper.cdn.pandora.xiaomi.com/thumbnail/webp/w1080/MiTv/070604d7f4ee48b2ccffea1d0802d4ec42842fcd2,CC00000005,阅读,很多时候，我们看到一句话、一句词，就会有这样的感受：这句话讲的太好了，简直是我内心的真实想法！这个作者简直就是我的知音啊！通过读书，我们能够找到与他人的共鸣之处，原来这个世界上有着共同想法的人有很多。@视觉中国,['读书', '人生', '知音']
I01253796,静谧的时光,http://wallpaper.cdn.pandora.xiaomi.com/thumbnail/webp/w1350/MiTv/0815c5b51d1be4f3f9b6366004616a6442574c863,CC00000005,阅读,我们可以浪费时间，但不可以浪费生活。我们可以把时间浪费在自己喜欢的事情上，但不可以困在自己讨厌的生活方式里。——福斯特·莱士《生命中最简单又最困难的事》 ​​​​@圈子,['享受生活', '优美', '柠檬', '书籍', '治愈', '书本']
I01256341,平静度日,http://wallpaper.cdn.pandora.xiaomi.com/thumbnail/webp/w1350/MiTv/05c33a996db2f4ff5b91315d5b19a49a8a9d56e78,CC00000005,阅读,你要是愿意，我就永远爱你。你要是不愿意，我就永远相思。 ——王小波《爱你就像爱生命》@圈子,['简单', '自由', '复古风', '自在']
I01257755,哪些温暖的情话能打动你？,http://wallpaper.cdn.pandora.xiaomi.com/thumbnail/webp/w1350/MiTv/0f2db0b50cd6e44b2b37ff5e63d094a899199835d,CC00000005,阅读,我特别想听你向我表白。我每天都期待你能骑着单车带我飞驰在霓虹灯下，我希望每晚睡前都能听到你和我说晚安，我害怕又做着美梦。@视觉中国,['温暖', '情感', '内心', '感情', '小米精选']
I01261063,静享美好岁月,http://wallpaper.cdn.pandora.xiaomi.com/thumbnail/webp/w1350/MiTv/01e9fd074834641fc8d8ddec33423e2a39ae828ae,CC00000005,阅读,所谓强大，是任何事物都无法破坏你内心的平和，你需要接受目前这个不完美的自己，按自己的节奏缓步前进。——剑圣喵大师《别让情绪毁了你的努力》@圈子,['优美', '治愈', '环境']
I01261079,爱在细节里,http://wallpaper.cdn.pandora.xiaomi.com/thumbnail/webp/w1350/MiTv/09126fd20768842718befb008762e78e1b4227835,CC00000005,阅读,不知道说什么的时候，你会温柔地看着我，笑我词穷;不可爱的时候，会适可而止;寂寞的时候，知道你在爱我。——安东尼《这些都是你给我的爱》@圈子,['优美', '书籍', '书本', '环境']
I01251311,难事从来怕有心,http://wallpaper.cdn.pandora.xiaomi.com/thumbnail/webp/w1350/MiTv/0775e462a3234406ba709e1e360eb031f2eab3e2c,CC00000005,阅读,面对悬崖峭壁，但用斧凿，能进一寸进一寸，得进一尺进一尺，不断积累，飞跃必来，突破随之。——华罗庚 @视觉中国,['航拍', '飞鸟', '滩涂', '早安锁屏']
I01372805,人生要有梦想,http://wallpaper.cdn.pandora.xiaomi.com/thumbnail/webp/w1350/MiTv/055ec25523f0c4a0ebc77d46ce38e83163a7005b5,CC00000005,阅读,男子汉大丈夫，挺胸抬头，喜欢就是喜欢，就得对未来有梦想。 ——《童梦奇缘》@乐次元,['日落', '空旷', '美景']
I01261082,那些珍贵而平凡的时光,http://wallpaper.cdn.pandora.xiaomi.com/thumbnail/webp/w1350/MiTv/010d7b051c07b4fc89558d347fa47e9ae046008aa,CC00000005,阅读,难过的时候就吃东西，因为胃和心的距离很近，当你吃饱了的时候，暖暖的胃会挤占心脏的位置，这样心里就不会觉得那么冷清，那么空落落。——八月长安 《你好，旧时光》@圈子,['墙面', '绿叶', '葫芦', '洁白', '护眼']
I01258240,那些热烈盛开的花朵,http://wallpaper.cdn.pandora.xiaomi.com/thumbnail/webp/w1350/MiTv/076f049d0b92c478188c4fe4e754e2c1b06eba070,CC00000005,阅读,花开放着，红的花，白的花，紫的花。星闪耀着，红的星，黄的星，白的星。蔚蓝的天，自由的风，梦一般美丽的爱情。——巴金《春天里的秋天》@圈子,['优美', '友谊', '珍惜']
I01372806,人生要有梦想,http://wallpaper.cdn.pandora.xiaomi.com/thumbnail/webp/w1350/MiTv/0b29affb769f84009ab9bc292afcfd4387548d7ad,CC00000005,阅读,梦想是什么？梦想是一种让你感到坚持就是幸福的东西。——《中国合伙人》@乐次元,['街道', '空旷', '玻璃球']
I01266824,做一个温柔且强大的人,http://wallpaper.cdn.pandora.xiaomi.com/thumbnail/webp/w1350/MiTv/024d1f3394d4c4f9f8d205eb59765fc6b90d4da2d,CC00000005,阅读,人也要像珍珠贝一样，养成重塑伤口的本事。转化成生命的创伤，使它变成美丽的珍珠。——林清玄《活珍珠》@圈子,['暗色调', '桌布', '小米精选']
I01149790,爱上你的声音,http://wallpaper.cdn.pandora.xiaomi.com/thumbnail/webp/w1080/MiTv/0fd30e5d74ca24e8a169793ae63c5f7203cd0c20e,CC00000005,阅读,你伴着初晨的韵律走在梦幻里，透过薄雾，穿过时光。淡薄身影，芳华灼灼。与你袖舞乾坤，我此生醉矣 。——《爱上你的声音》@图虫创意,['优美', '花枝', '风铃']
I01295499,夏日朋友圈的最佳文案,http://wallpaper.cdn.pandora.xiaomi.com/thumbnail/webp/w1350/MiTv/0564379e60d83406dbd11f78ebefb6845172ddc65,CC00000005,阅读,爱夏日的微风傍晚的落日以及恰合时宜的你，日子清澈灿烂，美好不期而遇。在这个充满花香的夏天，愿所有的小美好，都漫长且愉快。@好看,['温柔', '文艺范']
I01256331,静谧的空间,http://wallpaper.cdn.pandora.xiaomi.com/thumbnail/webp/w1350/MiTv/093a14ed9ba944776aac5c748e72ba5e7890d6b7e,CC00000005,阅读,陪伴是最好的爱，可以抵挡世间所有坚硬，温暖生命所有的岁月。——摩西奶奶《人生随时可以重来》@圈子,['温暖', '享受生活', '简单', '书籍', '治愈', '书本', '安逸']
I01261677,相逢如初见,http://wallpaper.cdn.pandora.xiaomi.com/thumbnail/webp/w1350/MiTv/0c2037250539e46da8416d77fef8d044fbc5bf364,CC00000005,阅读,她的心事，藏着，像是幽谧的香气。有些女子是桃花，红红粉粉白白，眉眼妖娆，笑起来，连春风都惊动了。各花都有各花的美，女子都有女子的好。 见美心喜，无人免俗。——张其姝 《心若淡定，便是优雅》@圈子,['优美', '大海湖泊', '美景']
I01216274,踏上寻找梦想的路,http://wallpaper.cdn.pandora.xiaomi.com/thumbnail/webp/w1080/MiTv/09b2d5402aabe502631d56931518648ca0f4085c9,CC00000005,阅读,人生路漫漫，而你，终有一天会踏上属于你的征程。也许，前面的道路充满着坎坷，充满着荆棘。@视觉中国,['感悟', '梦想', '人生']
I01258201,做个内心强大的人,http://wallpaper.cdn.pandora.xiaomi.com/thumbnail/webp/w1350/MiTv/00e0a5dda50334a2489db3bac04c9ce7815f85341,CC00000005,阅读,一个人所能做的就是做出好榜样，要有勇气在风言风语的社会中坚定地高举伦理的信念。——爱因斯坦@米拍/Rine_INF  ,['摄影']
I01373648,人世间,http://wallpaper.cdn.pandora.xiaomi.com/thumbnail/webp/w1350/MiTv/0586b81b42a7b4e41a20e9359342bd026fba7cb33,CC00000005,阅读,每天你都有机会和很多人擦身而过，而你或者对他们一无所知，不过也许有一天他会变成你的朋友或是知己。——《重庆森林》@乐次元,['优美', '月亮', '大地', '美景']
I01188960,随星灿烂,http://wallpaper.cdn.pandora.xiaomi.com/thumbnail/webp/w1080/MiTv/06bca4f96a5a9644dcb4c233cedef90387a42c442,CC00000005,阅读,我的肩上是风，风上是闪烁的星群。——北岛《结局或开始·献给遇罗克》@视觉中国
,['玻璃杯', '烟花', '情绪']
I01266794,写给你的十四行情书,http://wallpaper.cdn.pandora.xiaomi.com/thumbnail/webp/w1350/MiTv/0e82f87b295e94b98b269cf1d685fa70cdfc37865,CC00000005,阅读,我知道这世界没有想象的好，终有一日你衰老我病亡。但我终究要感谢命运，不管它如何待我，至少让我遇见了你。——《赖皮》@图虫创意,['清新自然', '白玫瑰', '极简']
I01291789,回忆是没有归途的路,http://wallpaper.cdn.pandora.xiaomi.com/thumbnail/webp/w1350/MiTv/0c2db0a4ef7884f83866255692722e8ff4ec0893e,CC00000005,阅读,过去都是假的，回忆是一条没有归途的路，以往的一切春天都无法复原，即使最狂热最坚贞的爱情，归根结底也不过是一种瞬息即逝的现实，唯有孤独永恒。——加西亚·马尔克斯 《百年孤独》@站酷海洛,['冰块', '艺术感']
I01260043,世界的美好景色,http://wallpaper.cdn.pandora.xiaomi.com/thumbnail/webp/w1350/MiTv/083a8ef69c9fb4fb9b02abc5425f3c5f7eb57abc6,CC00000005,阅读,心之何如，有似万丈迷津，遥亘千里，其中并无舟子可以渡人，除了自渡，他人爱莫能助。——三毛《送你一匹马》@圈子,['优美', '色彩', '治愈', '草木绿', '美景']
I01268895,只愿岁月静好,http://wallpaper.cdn.pandora.xiaomi.com/thumbnail/webp/w1350/MiTv/015c306e5b49d4848ae9da43bb75a97ae688c1feb,CC00000005,阅读,太阳照在我们身上，我心想，无论黑夜多漫长，天还是亮了。——卢思浩《你要去相信，没有到不了的明天》@圈子,['温暖', '灿烂', '洁白']
I01266789,在书卷之间,http://wallpaper.cdn.pandora.xiaomi.com/thumbnail/webp/w1350/MiTv/0680dedc36830446bad18b9004e9997194acd84da,CC00000005,阅读,一个爱书的人，他必定不致于缺少一个忠实的朋友，一个良好的老师，一个可爱的伴侣，一个温情的安慰者。——巴罗@圈子,['清新自然', '书籍', '书本', '沉静', '小米精选']
I01371154,夕阳下的魅力,http://wallpaper.cdn.pandora.xiaomi.com/thumbnail/webp/w1350/MiTv/0f7729869223c4a8cbbf8c7c897debebd9f037e4e,CC00000005,阅读,"我坐在葛底斯堡战场上，太阳下山时，烈日变得柔和，把整个世界笼罩在一层金红色的波光之中。" —— 马克·吐温《我恋爱的十年》@圈子,['温暖', '暖色调', '日落']
I01256320,生命礼赞,http://wallpaper.cdn.pandora.xiaomi.com/thumbnail/webp/w1350/MiTv/0c876ad26ef484885a43069868ae7f984c0c20f87,CC00000005,阅读,你说，你热爱生活。我想是的。星辰大海都揉进你眼中，我看到了整个世界该有的温柔。@圈子,['温暖', '草坪', '治愈', '辽阔', '美景', '小米精选']
I01172369,浩瀚人生,http://wallpaper.cdn.pandora.xiaomi.com/thumbnail/webp/w1080/MiTv/0243a4f6fb8839d0adf3b62bb02c5712090429feb,CC00000005,阅读,人生就是一次次欢笑与流泪的过程，走遍高山流水，历尽春夏秋冬，我们才能慢慢的长大。@视觉中国,['挑战', '烦恼', '成长', '人生', '欢笑']
I01253817,累有所获 忙有所往,http://wallpaper.cdn.pandora.xiaomi.com/thumbnail/webp/w1350/MiTv/011e2b4c08af04a1023c1b39d577570c1fabc34f4,CC00000005,阅读,如果自己不想积极认真地生活，不管得到什么样的回答都没用。——东野圭吾@有料,['温暖', '优美', '云彩', '治愈', '柔软', '紫色', '滑翔伞', '小米精选']
I01261066,温热的阳光,http://wallpaper.cdn.pandora.xiaomi.com/thumbnail/webp/w1350/MiTv/009ea10cdc1684abca28f3249fbc104b79b6fe5bf,CC00000005,阅读,第二天早晨，我看到温暖耀眼的阳光已经落在玻璃罩上了。——法布尔《昆虫记》@圈子,['温暖', '优美', '可口', '治愈', '苹果']
I01267687,十一长假充电书单,http://wallpaper.cdn.pandora.xiaomi.com/thumbnail/webp/w1350/MiTv/08a19fc3ef38a4c6882e461fab05307da1dd4c4b3,CC00000005,阅读,《人间的星河》是写给当代青年的人生之书，愿你有花有酒有朝露，喜乐平安。当我们走在人生低谷，前路茫茫，也要相信，那些刺痛我们的经历，终将成为我们的力量，从此未来坦荡，鸟语花香。触手可及的是人间，也是灿烂的星河。@图虫创意,['摄影']
I01291654,《三体》中的哲学名言,http://wallpaper.cdn.pandora.xiaomi.com/thumbnail/webp/w1350/MiTv/01bc499535df7450ba3be5f3b3a66a87df5ce8a44,CC00000005,阅读,我们都是阴沟里的虫子，但还是得有人仰望星空。 ——《三体》@有料,['休闲', '优美', '清新自然', '放松', '星河']
I01253740,阳光明媚,http://wallpaper.cdn.pandora.xiaomi.com/thumbnail/webp/w1350/MiTv/07557a6b970904131b8e8a19732e22d52a80a11f4,CC00000005,阅读,从此我不再希求幸福，我自己便是幸福。凡事我遇见的我都喜欢，一切都被接受，一切对我都是可爱的。——惠特曼《大路之歌》@圈子,['室内', '餐厅', '悠闲', '木椅']
I01204086,一个人的生活,http://wallpaper.cdn.pandora.xiaomi.com/thumbnail/webp/w1080/MiTv/036fb55ddcbdd45b515174d679f7d709412710e29,CC00000005,阅读,生病的时候，似乎特别容易感伤落泪。——高木直子《一个人住第5年》@图虫创意,['拉花']
I01296151,麦田里的人生哲思,http://wallpaper.cdn.pandora.xiaomi.com/thumbnail/webp/w1350/MiTv/0657bdf2d4c344cac9631aa647495eb6bbfe9e804,CC00000005,阅读,记住该记住的，忘记该忘记的。改变能改变的，接受不能改变的。——塞林格@有料,['优美', '清新自然', '麦田', '治愈']
I01221483,去感受大自然的包容,http://wallpaper.cdn.pandora.xiaomi.com/thumbnail/webp/w1080/MiTv/087d7540c680048d7284686795d898bbe38038334,CC00000005,阅读,不是为了某个冠冕堂皇的目标，也不是为了某个嫉妒的眼神或钦佩。但对你来说，活得更健康，活得更久，活得更轻松，这是旅行能给你带来的最切实的改变。@视觉中国,['海边', '感悟', '秀丽', '美景', '小米精选']
I01195797,翱翔天际,http://wallpaper.cdn.pandora.xiaomi.com/thumbnail/webp/w1080/MiTv/08d635b593e365bcaf3357a2b07c10ab64440831d,CC00000005,阅读,纵然万劫不复，纵然相思入骨，我也待你眉眼如初，岁月如故。——璎珞玉儿@视觉中国,['流云', '滑翔伞']
I01258664,用纯净唤醒美好心情,http://wallpaper.cdn.pandora.xiaomi.com/thumbnail/webp/w1350/MiTv/0edb69e8510424f5cab57e69681691e3e4ae6043d,CC00000005,阅读,能控制好自己情绪的人，比能拿下一座城池的将军更伟大。——拿破仑@视觉中国,['色彩']
I01146394,樱花树下,http://wallpaper.cdn.pandora.xiaomi.com/thumbnail/webp/w1080/MiTv/03d30e4d74c324e841697c3ae6bc5f7003cd5c20e,CC00000005,阅读,彼时当年少，莫负好时光。莫待经风雨，樱花落海洋。——莫峻《我很忙，时光机》@视觉中国
,['草坪', '优美', '春天', '长椅', '樱花']
I01253789,书中自有黄金屋,http://wallpaper.cdn.pandora.xiaomi.com/thumbnail/webp/w1350/MiTv/03c076881a3a9410a92072c8d3ea88f447bf17aa7,CC00000005,阅读,少年读书如隙中窥月，中年读书如庭中望月，老年读书如台上玩月，皆以阅历之浅深为所得之浅深耳。——张潮《幽梦影》@圈子,['书籍', '思考', '治愈', '书本', '相机', '享受', '安宁', '小米精选']
I01161482,做你认为正确的事,http://wallpaper.cdn.pandora.xiaomi.com/thumbnail/webp/w1080/MiTv/0c36b525091717da7c257763de0eb080469408c9d,CC00000005,阅读,你永远不可能总是对任何事情都做到确有把握。你所能做到的就是用你的勇气和力量去做你认为是正确的事。,['清新自然', '沙滩', '贝壳', '夏天', '海滩']
I01266030,舒适的生活,http://wallpaper.cdn.pandora.xiaomi.com/thumbnail/webp/w1350/MiTv/096f99f419ba745d6b1d00754c5c71b249319a9a0,CC00000005,阅读,那时候我在广袤的原野上，看见你的城市反出的光芒，就知道你拎着一篮苹果过了马路，所有的提示都再这里了，这是神赐的一天：你我安于人世，这是多珍贵的礼物。——余秀华《月光落在左手上》@圈子,['草坪', '享受生活', '优美', '生机勃勃']
I01293915,从古诗里读中国美,http://wallpaper.cdn.pandora.xiaomi.com/thumbnail/webp/w1350/MiTv/05b60cc4fcf304c08a43f06a94e26f4d8c8ae36e0,CC00000005,阅读,故人西辞黄鹤楼，烟花三月下扬州。孤帆远影碧空尽，唯见长江天际流。黄鹤楼，位于湖北省武汉市武昌区，地处蛇山之巅，濒临万里长江，为武汉市地标建筑，是中国5A级旅游景区。@今日必看,['地标建筑', '武汉', '黄鹤楼', '湖北']
I01214161,哪些话让你醍醐灌顶？,http://wallpaper.cdn.pandora.xiaomi.com/thumbnail/webp/w1080/MiTv/0a94d4883ef7412a031e124feb8840eea4041a12f,CC00000005,阅读,我们叫做开始的往往就是结束，而宣告结束也就是着手开始。——史铁生@视觉中国,['美景', '人生', '小米精选']
I01260046,你是美好珍贵的,http://wallpaper.cdn.pandora.xiaomi.com/thumbnail/webp/w1350/MiTv/035080c96ab7e47f6b1cd4c2ab5f22c8245f4ff26,CC00000005,阅读,你是美好且珍贵的，比这世上的所有钻石更有价值。你我都是照着我们该有的样子完美成形。——尼克.胡哲《人生不设限》@圈子,['优美', '书籍', '书本', '玻璃瓶', '透明']
I01263701,人生不是孤独的旅途,http://wallpaper.cdn.pandora.xiaomi.com/thumbnail/webp/w1350/MiTv/05f66d19ebe914c82b5e01f2e89177aa1e4e376e9,CC00000005,阅读,世界是一本书，而不旅行的人们只读了其中的一页。——奥古斯狄尼斯 @Unsplash,['飞机', '月亮', '早安锁屏']
I01266020,幸福就在身边,http://wallpaper.cdn.pandora.xiaomi.com/thumbnail/webp/w1350/MiTv/0d85d8a5e3075482da5e371a7aa5e6ed582d5facf,CC00000005,阅读,夏天的蝉声是最温柔的闹铃，它从不突兀惊吓，却能潜入梦境中，在所有瑰丽离奇的情节背后响起，如潮水的尾声般，平静地带人醒来。——八月长安《你好，旧时光》@圈子,['草坪', '野餐', '广阔', '时光']
I01372801,直面人生的痛苦,http://wallpaper.cdn.pandora.xiaomi.com/thumbnail/webp/w1350/MiTv/0d4172f0d41924e9da4f7e926b58708077df459a9,CC00000005,阅读,人的烦恼就是记性太好，如果可以把所有事都忘掉，以后每一日都是个新的开始，你说多好。——《东邪西毒》@乐次元,['美景']
I01291662,文豪的齁甜情话,http://wallpaper.cdn.pandora.xiaomi.com/thumbnail/webp/w1350/MiTv/015b995eec7314e9ea653e3947d30dde7318d1ceb,CC00000005,阅读,我把我整个的灵魂都给你，连同它的怪癖，耍小脾气，忽明忽暗，一千八百种坏毛病。它真讨厌，只有一点好，爱你。——王小波@有料,['优美', '彩色', '多彩', '放松']
I01266041,温柔了岁月,http://wallpaper.cdn.pandora.xiaomi.com/thumbnail/webp/w1350/MiTv/0238af22bf90c4d1eb2e23bd322043be7f055ec76,CC00000005,阅读,最爱的，是要放在天边一辈子惦念的。——夏七夕《后来我们都哭了》@圈子,['温暖', '优美', '窗台']
I01256307,温暖了岁月,http://wallpaper.cdn.pandora.xiaomi.com/thumbnail/webp/w1350/MiTv/05db6224e86484a9b9c857de34ca34903a59286df,CC00000005,阅读,你应该这样去爱，没有恐惧，没有障碍，不用去想明天。然后，之后没有遗憾。——巴恩斯 《时间的噪音》@圈子,['温暖', '治愈', '娇艳', '粉嫩']
I01266017,最好的旧时光,http://wallpaper.cdn.pandora.xiaomi.com/thumbnail/webp/w1350/MiTv/0c8e9fe2442904e558f29bfa8c074cbda6f932537,CC00000005,阅读,我想做一个像样的人，度过一个像样的人生；想尽量锻炼自己的肌肤，成为一个能够经受任何磨难的人。———青山七惠 《一个人的好天气》@圈子,['温暖', '室内', '光线', '治愈']
I01253763,拥抱生活的美,http://wallpaper.cdn.pandora.xiaomi.com/thumbnail/webp/w1350/MiTv/0636a391e96d84977bbd51b071e4239ea05784df5,CC00000005,阅读,我和阳光站在一起，阳光原来这样强烈，暖得人凝住了脚步，亮得人憋住的呼吸，全宇宙的光都在这里集聚。——王小妮《我感到了阳光》@圈子,['书籍', '思考', '书本', '安宁', '学习']
I01262174,属于自己的温柔时光,http://wallpaper.cdn.pandora.xiaomi.com/thumbnail/webp/w1350/MiTv/086d5b0390c6b4ff78760bd81141197c0127a3b1a,CC00000005,阅读,最要紧的是，我们首先应该善良，其次要诚实，再其次是以后永远不要相互遗忘。 ——陀思妥耶夫斯基《卡拉马佐夫兄弟》@圈子,['温暖', '优美', '装饰', '光线', '装饰品']
I01256317,简单自在就足矣,http://wallpaper.cdn.pandora.xiaomi.com/thumbnail/webp/w1350/MiTv/0e3403b2199f048fa875d92ac299ddea8f37fc515,CC00000005,阅读,西班牙有一句谚语：“如果常常流泪，就不能看见星光”。我很喜欢这句话，所以即使要哭，也只在下午小哭一下，夜间要去看星星，是没有时间哭的，再说，我还要去采果子呢。——三毛《写给正在怨天尤人的你》@圈子,['温暖', '生机勃勃', '居家']
I01296128,人生需要修心,http://wallpaper.cdn.pandora.xiaomi.com/thumbnail/webp/w1350/MiTv/04cf9d8a9de164d739e0d577a95ae57e034859e91,CC00000005,阅读,古人说，心若不动，万事从容。万事万物都是人内心的投射，凡事都在人的心里。一个人内心足够强大，无论外界发生什么，都能从容应对。@有料,['大气', '山川湖泊']
I01254439,唯美樱花诗，妆点满园春,http://wallpaper.cdn.pandora.xiaomi.com/thumbnail/webp/w1350/MiTv/09aa0f02f33844a30bd2dd8d201a06c3f225d48df,CC00000005,阅读,樱花落尽春将困，秋千架下归时。漏暗斜月迟迟，花在枝。——李煜 @视觉中国,['花蕊', '樱花', '小米精选', '口碑壁纸']
I01265494,点点滴滴的美好,http://wallpaper.cdn.pandora.xiaomi.com/thumbnail/webp/w1350/MiTv/00d8a93a8a2644966b4e2d3811e6d19a2273003db,CC00000005,阅读,人间许多事情其实只是时光撒下的谎言，而我们却愿意为了一个谎言执迷不悔，甚至追忆一生。——林徽因《停留是刹那，转身是天涯》@圈子,['温暖', '优美', '治愈', '时光']
I01260039,月亮与六便士,http://wallpaper.cdn.pandora.xiaomi.com/thumbnail/webp/w1350/MiTv/024d8fe31efef41c8a8d5677cfe24266eed36608b,CC00000005,阅读,一个人要是跌进水里，他游泳游得好不好是无关紧要的，反正他得挣扎出去，不然就得淹死。——毛姆《月亮和六便士》@圈子,['自行车', '街头', '复古风', '锻炼', '时光']
I01261674,思考的魅力,http://wallpaper.cdn.pandora.xiaomi.com/thumbnail/webp/w1350/MiTv/015e2d48c6d2c4c3cb48ed09d6619c1e4cc45e39a,CC00000005,阅读,认识到自己的无知是认识世界的最可靠的方法。——王朔《随笔集》@圈子,['高脚杯', '优美', '镜子', '透明']
I00002870,漫旅行,http://wallpaper.cdn.pandora.xiaomi.com/thumbnail/webp/w1080/MiTv/04d684c15ee2d6c61dcfe83671ad1a96b724172dc,CC00000005,阅读,旅行，是心灵的阅读，而阅读，是心灵的旅行。——张怡筠@视觉中国,['骑马', '悠闲', '骏马', '马匹', '夫妇']
I01189373,乘风破浪,http://wallpaper.cdn.pandora.xiaomi.com/thumbnail/webp/w1080/MiTv/06429243c963c4c063afdb995b9c7ce44db58cfa3,CC00000005,阅读,人有了坚定的信念才是不可战胜的。——贝蒂@视觉中国,['水花', '波浪', '大海湖泊', '坚定', '信念']
I01256338,生活的艺术,http://wallpaper.cdn.pandora.xiaomi.com/thumbnail/webp/w1350/MiTv/0f01d90257db14b69803e786c13601c5eaf8848ba,CC00000005,阅读,生命本没有意义，你要能给它什么意义，他就有什么意义。与其终日冥想人生有何意义，不如试用此生做点有意义的事。——胡适《人生有何意义》@圈子,['杯子', '简单', '手表', '毛衣']
I01255015,小城里有的不只有故事,http://wallpaper.cdn.pandora.xiaomi.com/thumbnail/webp/w1350/MiTv/05a403af315b642e9a0e808f10d9e234cc27aa69f,CC00000005,阅读,春天从老远的地方跑来了，跑到这个地方只向人的耳朵吹一句小小的声音：“我来了呵”，而后很快就跑过去了。——萧红《小城三月》@视觉中国,['麦田', '小屋', '乡村', '小米精选', '口碑壁纸', '小城']
I01254150,所念皆星河,http://wallpaper.cdn.pandora.xiaomi.com/thumbnail/webp/w1350/MiTv/0d898947538da43db9baa1557063e7777b9c7bb27,CC00000005,阅读,一切都如生命一般，在悄然之中发生着变化，就如这黑夜一样，失去了光明，却得到了星空的美，灰色背后，隐藏着梦想，星空遥远，模糊了年少。曾见过的流星，来不及伸手，便已消逝。@米拍/鱼头yutou,['风光摄影']
I01265552,多读书对你有好处,http://wallpaper.cdn.pandora.xiaomi.com/thumbnail/webp/w1350/MiTv/0c97b8d3e36344cd0b0a581a15da2e5bb6378f569,CC00000005,阅读,《伊斯坦布尔：一座城市的记忆》既是帕慕克的个人传记，也是伊斯坦布尔的传记。伊斯坦布尔这座城市古老而有魅力，是土耳其历史的象征。但是这座城市最值得庆幸的还是，有帕慕克这样的作家去写它的历史、写它的小说。@Unsplash,['书籍', '书本', '读书', '知识', '学习']
I01194785,云梦千里,http://wallpaper.cdn.pandora.xiaomi.com/thumbnail/webp/w1080/MiTv/047d194dd3b4a46730cfcaa9139bc68f532fe873f,CC00000005,阅读,让自己的内心藏着一条巨龙，既是一种苦刑，也是一种乐趣。——雨果@视觉中国,['快乐', '环境']
I01205578,人生如潮 潮起潮落自有时,http://wallpaper.cdn.pandora.xiaomi.com/thumbnail/webp/w1080/MiTv/06ca85483ff8a41ed19fce049733603a4405d3f8b,CC00000005,阅读,宠辱不惊，闲看庭前花开花落。去留无意，漫随天外云卷云舒。@视觉中国,['沙滩', '海浪', '浪花', '航拍', '海滩', '海潮', '潮汐']
I01173155,温柔以待,http://wallpaper.cdn.pandora.xiaomi.com/thumbnail/webp/w1080/MiTv/09fba4b644f8fb748a72098f7297ff642e143f351,CC00000005,阅读,对待自己温柔一点。你只不过是宇宙的孩子，与植物、星辰没什么两样。——麦克斯·埃尔曼@视觉中国,['背影']
I01206465,人生在世 及时行乐,http://wallpaper.cdn.pandora.xiaomi.com/thumbnail/webp/w1080/MiTv/0bca844837f0ab1e5c9fcd049733683f44f418705,CC00000005,阅读,一生像似太长，却又太短，待搞清楚有何心愿，二十一年已经过去，那么四十岁之前若不匆匆把所有该做或不该做之事做妥，之后也无甚作为，所以人人不够时间。——亦舒《红尘》@好看,['温暖', '草坪', '麋鹿', '日落', '希望']
I01262177,生命与欲望,http://wallpaper.cdn.pandora.xiaomi.com/thumbnail/webp/w1350/MiTv/0c64f4b901b9c415d9fc0eaf185503dcbcac15326,CC00000005,阅读,生命是一团欲望，欲望不能满足便痛苦，满足便无聊，人生就在痛苦和无聊之间摇摆。——叔本华《悲观论集卷》@水象星,['风光摄影']
I01258235,大自然赋予我们的美好,http://wallpaper.cdn.pandora.xiaomi.com/thumbnail/webp/w1350/MiTv/02632c15cfe7b479e9edc95755276859484d2a3ee,CC00000005,阅读,我期许自己要活得更真实也更诚实，要更接受甚至喜欢自己身上起伏的每部分，才能更喜欢这世界。——蔡崇达《皮囊》@圈子,[]
I01258217,点亮生活之美,http://wallpaper.cdn.pandora.xiaomi.com/thumbnail/webp/w1350/MiTv/055db2276de87452e9f8de83e1066cf49f19dd094,CC00000005,阅读,大人都学坏了，上帝正考验他们呢，你还没有受考验，你应当照着孩子的想法生活。——马克西姆·高尔基《童年》@圈子,['留声机', '音乐', '放松', '仪式感']
I01226822,马克·吐温的幽默名言,http://wallpaper.cdn.pandora.xiaomi.com/thumbnail/webp/w1080/MiTv/01952357a686b4fd8260c38d2f063c3b9d093cf54,CC00000005,阅读,最好闭上嘴，让别人只是觉得你可能是个笨蛋，而不是把张嘴说话，使他们完全确定。——马克·吐温@图虫创意,['优美', '极光', '小米精选']
I01261699,窗外的风景,http://wallpaper.cdn.pandora.xiaomi.com/thumbnail/webp/w1350/MiTv/0f9efd37b75ef4d3cbde3e7fef8ef60937904a51b,CC00000005,阅读,真正被爱的人在爱人眼里就是绽放的丁香，帆船渔火，学校铃声，山水风景，难以忘怀的谈话，朋友，孩子的周日，消逝的声音，最心爱的衣服，秋天和所有季节。——卡波特《别的声音，别的房间》@圈子,['优美', '丁香花', '安宁', '香气']
I01284305,遇见最美的自己,http://wallpaper.cdn.pandora.xiaomi.com/thumbnail/webp/w1350/MiTv/09f80da17f3224b4db586abccaeb9dfd9fa85de24,CC00000005,阅读,每个人的心里都有一片属于自己的森林，迷失的人迷失了，相遇的人会再相遇。—— 村上春树 @Unsplash,['云彩', '巍峨']
I01255528,予海情深,http://wallpaper.cdn.pandora.xiaomi.com/thumbnail/webp/w1350/MiTv/06dc176b045cc4db9923df220387e19f3f8cd2039,CC00000005,阅读,看海和出海是两种不同的人生境界，一种是把眼睛给了海，一种是把生命给了海。——汪国真@视觉中国,['优美', '海边', '科普', '美景', '小米精选']
I01262794,时光温柔缓慢,http://wallpaper.cdn.pandora.xiaomi.com/thumbnail/webp/w1350/MiTv/0985c8789eb194a0a9004d489d9dafb0d8ce2f705,CC00000005,阅读,当我意料之外遇到你时，我深深相信未来的真实人生还会发生在意料之外时。——张小娴《谢谢你离开我》@圈子,['温暖', '优美', '书籍', '书本', '斑驳', '美景']
I01273900,活在当下,http://wallpaper.cdn.pandora.xiaomi.com/thumbnail/webp/w1350/MiTv/07fdeb4a31bbf4548bf5199ee901ed90997c23cd6,CC00000005,阅读,总想着得失，那么就会觉得勉强自己，甚至产生心结。与其如此，还不如率性而为，跟随心的决定。——中村恒子《人间值得》@圈子,['娇艳', '笔记本', '咖啡杯']
I01147010,幸福真谛,http://wallpaper.cdn.pandora.xiaomi.com/thumbnail/webp/w1080/MiTv/0b8bed580cb7d43d725e2c5cb246c5240547e7983,CC00000005,阅读,小时候，幸福是一件很简单的事，长大了，简单是一件很幸福的事。,['优美', '日落', '小岛']
I01372739,提灯前行,http://wallpaper.cdn.pandora.xiaomi.com/thumbnail/webp/w1350/MiTv/09484dd64f71444869d80ea41c6e997c5f39da507,CC00000005,阅读,抱怨身处黑暗，不如提灯前行。希望你在自己存在的地方，成为一束光，照亮世界的一角。——《向着光亮那方》@乐次元,['黄昏', '礁石', '海浪', '傍晚', '海水', '海面', '落日']
I01253818,累有所获 忙有所往,http://wallpaper.cdn.pandora.xiaomi.com/thumbnail/webp/w1350/MiTv/0a1e2b4c08af04a1123c1b39d57757021fab834f4,CC00000005,阅读,时间不能带走两样东西，一个是跟自己相处的能力，一个是跟我步调一致的人，我们独立，在自己的道路上奋斗，彼此看一下都是安全感。——卢思浩@有料,['温暖', '云彩', '月亮', '治愈', '柔软', '纯真', '陪伴', '小米精选']
I01253757,幸福的秘诀,http://wallpaper.cdn.pandora.xiaomi.com/thumbnail/webp/w1350/MiTv/09594ed72311b4029bac2a9a8e7714332abd85740,CC00000005,阅读,只有用心灵才能看得清事物本质，真正重要的东西是肉眼无法看见的。——安托万·德·圣·埃克苏佩里《小王子》@圈子,['餐盘', '勺子', '瓶子', '北欧风']
I01261712,属于你的时光,http://wallpaper.cdn.pandora.xiaomi.com/thumbnail/webp/w1350/MiTv/0f341b96fc53247db8dfa050e68a5f158d795b49e,CC00000005,阅读,明确的爱，直接的厌恶，真诚的喜欢。站在太阳下的坦荡，大声无愧地称赞自己。——黄永玉《沿着塞纳河到翡冷翠》@圈子,['优美', '悠闲', '书籍', '惬意', '书本']
I01179958,愿你不负时光,http://wallpaper.cdn.pandora.xiaomi.com/thumbnail/webp/w1080/MiTv/0cbc1422c9f00219c3a0ff567d38687e3e74000b3,CC00000005,阅读,如果所有人都祝你新年快乐，那我祝你遍历山河，仍觉得人间值得。@视觉中国,['优美', '彩虹', '羊群']
I01200888,平静是最好的状态,http://wallpaper.cdn.pandora.xiaomi.com/thumbnail/webp/w1080/MiTv/0b6fb54ddcb3d45b71517ed67907d7084127e0e29,CC00000005,阅读,人生最好的三种状态：不期而遇，不言而喻，不药而愈。@米拍/爱撒谎的猫

,['日落', '海水', '海面', '飞鸟']
I01170919,沉着以对,http://wallpaper.cdn.pandora.xiaomi.com/thumbnail/webp/w1080/MiTv/084fe34ecb364449b1b749442b6e4689a8da6338a,CC00000005,阅读,自信和沉着并不在于一个人的地位显著，而是有赖于他在所选择的道路上的成功。——狄更斯@视觉中国,['玩具', '光线']
I01261058,美好安静的风景,http://wallpaper.cdn.pandora.xiaomi.com/thumbnail/webp/w1350/MiTv/080a0ebb42e084b4faa8fc5cb71825b873f9095c9,CC00000005,阅读,一切创作都是不完美的，我们所下来的正是最令我们难以把握的审美沉思。然而一切皆不完美。日落虽美，但下一次的日落会更美。——佩索阿《不安之书》@圈子,['山川湖泊', '享受', '洁白']
I01228592,人生的三重境界,http://wallpaper.cdn.pandora.xiaomi.com/thumbnail/webp/w1080/MiTv/04952357a683b4fde260c08d2f863c359d098cf54,CC00000005,阅读,看山是山，说的是人生之初，初识世界，一切都是新鲜的，眼睛看到什么就是什么，别人告诉他这是山，他就认识了山，别人告诉他这是水，他就认识了水。@有料,['思考', '成功', '知识', '美景', '人生', '小米精选']
I01262172,植草香里素心人,http://wallpaper.cdn.pandora.xiaomi.com/thumbnail/webp/w1350/MiTv/08d143b098fbe43cd84ac9d7c25e5d3fadae28da1,CC00000005,阅读,岁月幽幽暗淡，我偏要一意孤行地妖娆。——许冬林《植草香里素心人》@圈子,['优美', '摆件', '单肩包']
I01204517,看星星也能让心情变好？,http://wallpaper.cdn.pandora.xiaomi.com/thumbnail/webp/w1080/MiTv/0aca85483ff4a41e019fc80497a36030440573f8b,CC00000005,阅读,“人生代代无穷已，江月年年望相似。”每当抬头望见星空总会被她的美丽和宽广震撼，就连自己的思绪也随着这满天的星星尽情绽放。此刻，仿佛整个星空都是属于自己的。@图虫创意
,['夜空', '银河']
I01200348,执着的前行,http://wallpaper.cdn.pandora.xiaomi.com/thumbnail/webp/w1080/MiTv/0cc7cb4c5d7aa44d4336f747dd71e215cec986ae1,CC00000005,阅读,逆水行舟用力撑，一篙松劲退千寻。——董必武@视觉中国,['海浪', '浪花', '海水', '海面', '靛蓝色']
I01045684,视角决定论,http://wallpaper.cdn.pandora.xiaomi.com/thumbnail/webp/w1080/MiTv/0b75e568e5cb5164155152b3f8fb9d4c1364070ed,CC00000005,阅读,我们听到的一切都是一个观点，不是事实。我们看见的一切都是一个视角，不是真相。——马克·奥勒留《沉思录》@视觉中国,['道路', '航拍', '俯瞰', '美景']
I01372782,夏季必读书单推荐,http://wallpaper.cdn.pandora.xiaomi.com/thumbnail/webp/w1350/MiTv/02b89891513d047de8049aa58d031489027bcde48,CC00000005,阅读,《金阁寺》作为三岛由纪夫物哀美学的集大成书，取材于纵火烧毁金阁寺的真实事件，据僧徒所说当时的犯罪动机就是对金阁寺美的嫉妒。他着重写了人对传统物品的爱与恨的对比，越是爱，越是觉得自身的丑陋，作家把这种矛盾的心理完美地呈现出来。@锐景,['山丘', '惬意']
I01249366,遇见樱花季,http://wallpaper.cdn.pandora.xiaomi.com/thumbnail/webp/w1350/MiTv/0bef1160a7ac14fc98c3be821a2040845e59ca47d,CC00000005,阅读,采着花瓣时，得不到花的美丽。——泰戈尔 @视觉中国,['樱花', '早安锁屏']
I01256333,简单干净的活着,http://wallpaper.cdn.pandora.xiaomi.com/thumbnail/webp/w1350/MiTv/00db17a9cab644aa0b4d718c60a134091b1e04dd3,CC00000005,阅读,人生有一首诗，当我们拥有它的时候，往往并没有读懂它；而当我们能够读懂它的时候，它却早已远去。这首诗的名字，就叫青春。——董卿《朗读者》@圈子,['优美', '简单', '书籍', '治愈', '书本', '仪式感']
I01308885,巍巍雄山 自有美感,http://wallpaper.cdn.pandora.xiaomi.com/thumbnail/webp/w1350/MiTv/0ba735b1fc520430fad9069ff09d8b49c573841f7,CC00000005,阅读,岱宗夫如何？齐鲁青未了。造化钟神秀，阴阳割昏晓。荡胸生曾云，决眦入归鸟。会当凌绝顶，一览众山小。——杜甫@有料,['优美', '清新自然', '日落', '治愈', '震撼', '自然现象']
I01261060,享受美好生活,http://wallpaper.cdn.pandora.xiaomi.com/thumbnail/webp/w1350/MiTv/07723ace5118a415da3e5b3468492eb43f3582c33,CC00000005,阅读,我们不会停止阅读，即使每本书总有读完的时候，如同我们不会停止生活，即使死亡必然来临。——罗贝托·波拉尼奥《地球上最后的夜晚》@圈子,['优美', '生机勃勃', '盆栽', '享受']
I01268881,一切都是最好的安排,http://wallpaper.cdn.pandora.xiaomi.com/thumbnail/webp/w1350/MiTv/03c2eba4f59b74155ab578913e3cd27285bea04ed,CC00000005,阅读,你所能做的，是些小事情，诸如热爱时间，思念母亲，静悄悄地做人，像早晨一样清白。——海桑《我是你流浪过的一个地方》@圈子,['优美', '温柔', '书籍', '书本', '灿烂', '暖暖的幸福', '小米精选']
I01230756,最惬意的周末时光,http://wallpaper.cdn.pandora.xiaomi.com/thumbnail/webp/w1080/MiTv/0b3f5579ed77dfbf11a517b88a4c70a61b842e025,CC00000005,阅读,若你来时，夏至，我泡一壶清茶，陪你畅聊人生；若你归时，冬至，我煮两杯咖啡，与你细数过往。@视觉中国,['悠闲', '惬意', '屋顶']
I01254440,唯美樱花诗，妆点满园春,http://wallpaper.cdn.pandora.xiaomi.com/thumbnail/webp/w1350/MiTv/0ac1ed1ac9dc24685b1ce19363bd33d9ea1990363,CC00000005,阅读,何处哀筝随急管，樱花永巷垂杨岸。东家老女嫁不售，白日当天三月半。——李商隐 @视觉中国,['樱花', '枝叶', '小米精选', '口碑壁纸']
I01266061,苍凉深处等春来,http://wallpaper.cdn.pandora.xiaomi.com/thumbnail/webp/w1350/MiTv/0d0a3ef986bf741f88226ebb6fb567006b1e76a93,CC00000005,阅读,最欠缺的时候，一丝丝小小的得，也就有无限的幸福；什么都不缺的时候，却是幸福薄似纱翼的时候。——林清玄《苍凉深处等春来》@圈子,['优美', '蜡烛', '小巧', '洁白']
I01261054,书页的香气,http://wallpaper.cdn.pandora.xiaomi.com/thumbnail/webp/w1350/MiTv/0b21b193703c7482a9b1e36a85975491a4d8fffd7,CC00000005,阅读,读书没有合宜的时间和地点。一个人有读书的心境时，随便什么地方都可以读书。如果他知道读书的乐趣，他无论在学校内或学校外，都会读书，无论世界有没有学校，也都会读书。他甚至在最优良的学校里也可以读书。——林语堂《生活的艺术》@圈子,['草坪', '优美', '书籍', '书本', '满天星', '洁白', '香气']
I01266037,这些都是我们拥有的爱,http://wallpaper.cdn.pandora.xiaomi.com/thumbnail/webp/w1350/MiTv/0cc795114ea4d43baac19c52841d57eff5e63cc36,CC00000005,阅读,你知道满天星的花语是什么吗？就是甘愿做配角。我怀揣着对你的爱，就像怀着赃物的盗贼一样 。——辛夷坞《致我们终将逝去的青春》@圈子,['优美', '书籍', '书本', '窗边', '棉花', '摆设']
I01188824,凡是过去，皆为序章,http://wallpaper.cdn.pandora.xiaomi.com/thumbnail/webp/w1080/MiTv/0c8d6406cf5ccd6a5717c9a8f5abb1fb839401bee,CC00000005,阅读,要给自己一点时间，别害怕重新开始。——威尔·鲍温@视觉中国,['飞机', '酷炫', '黑白', '小米精选']
I01234293,致已经30岁的人们,http://wallpaper.cdn.pandora.xiaomi.com/thumbnail/webp/w1080/MiTv/04e67574199a08694d8f3eef59fa5ef70c9426f8f,CC00000005,阅读,改变不了的事就别太在意，留不住的人就试着学会放弃，受了伤的心就尽力自愈，除了生死，都是小事，别为难自己。@视觉中国,['读书', '人生', '态度', '小米精选']
I01147011,幸福的光阴,http://wallpaper.cdn.pandora.xiaomi.com/thumbnail/webp/w1080/MiTv/0ed3043d7dcc23e8df69723ae3cc5e720144106fe,CC00000005,阅读,守着一段冷暖交织的光阴慢慢变老，亦是幸福。——白落梅,['优美', '彩虹', '田园']
I01262791,愿有人陪你颠沛流离,http://wallpaper.cdn.pandora.xiaomi.com/thumbnail/webp/w1350/MiTv/02862472649ef453baa2d8f595b1ee0e9c4875182,CC00000005,阅读,在你的才华还无法跟上你的野心时，就静下心来努力。在你跌倒还能爬起来的时候，在你甘心之前。——卢思浩《愿有人陪你颠沛流离》@圈子,['草坪', '小屋', '生机勃勃', '广阔', '美景', '小米精选']
I01249812,在高处盛气凌人,http://wallpaper.cdn.pandora.xiaomi.com/thumbnail/webp/w1350/MiTv/09c14816c8a0c4a8dbd113786e6b0590fd856adf9,CC00000005,阅读,除了人格以外，人生最大的损失，莫过于失掉自信心了。——培尔辛@视觉中国,['色彩', '读书']
I01262788,柔软时光中,http://wallpaper.cdn.pandora.xiaomi.com/thumbnail/webp/w1350/MiTv/023b7eafadb58425e9d02a80da26132f64be20185,CC00000005,阅读,假如陌生人的目光坦诚而友好，我会向他伸出我的手。——毕淑敏《愿你与这世界温暖相拥》@圈子,['优美', '床单', '朦胧', '光亮', '洁白', '斑驳']
I01217271,心动不如行动,http://wallpaper.cdn.pandora.xiaomi.com/thumbnail/webp/w1080/MiTv/0a0c1950d6da944af15c8abe65f2798231fc5cd20,CC00000005,阅读,现实是此岸，理想是彼岸，中间隔着湍急的河流，行动则是架在川上的桥梁。——克雷洛夫@视觉中国,['鲸鱼']
I01261684,美好时光正当时,http://wallpaper.cdn.pandora.xiaomi.com/thumbnail/webp/w1350/MiTv/0a35d7ba6f2e74aaaaf5c25f3f2d9e73aa48ff5b3,CC00000005,阅读,我想成为温柔的人，因为曾被温柔以待，深深的了解那种温柔的感觉。——村井贞之《夏目友人帐》@圈子,['温暖', '优美', '光线', '明亮', '洁白', '时光']
I01178163,猫的勇气,http://wallpaper.cdn.pandora.xiaomi.com/thumbnail/webp/w1080/MiTv/0d106145709d34ae9284aca53df9fb8a22324fb55,CC00000005,阅读,像猫一样，带上信仰，开始一段属于自己的冒险之旅，若能为此耗尽一生，也算是幸福的。@视觉中国,['窗帘']
I01268891,敬美好的时光,http://wallpaper.cdn.pandora.xiaomi.com/thumbnail/webp/w1350/MiTv/072b132a3825f4978b7ab5d4f977dc3fd0ed0b4ea,CC00000005,阅读,所有少年时期经历过的一草一木，在任何时候都会非常亲切地保留在一个人的记忆中，并且一想起来就叫人甜蜜得鼻子发酸。——路遥《人生》@圈子,['草坪', '享受生活', '优美', '温柔', '生机勃勃', '时光']
I01249369,心在远方,http://wallpaper.cdn.pandora.xiaomi.com/thumbnail/webp/w1350/MiTv/0435b72b22659424398c7d2f28bb4f3ae47a12278,CC00000005,阅读,如果心在远方，只需勇敢前行，梦想自会引路。@视觉中国,['秀美', '山峦', '早安锁屏']
I01160643,外面的世界,http://wallpaper.cdn.pandora.xiaomi.com/thumbnail/webp/w1080/MiTv/07a46258b006846fa2f3709bc16192b18dbc5c471,CC00000005,阅读,如果你不出去走走，你就会以为这就是世界。——《天堂电影院》,['清新自然', '茶杯', '饮料', '红茶']
I01162322,遵从你的内心,http://wallpaper.cdn.pandora.xiaomi.com/thumbnail/webp/w1080/MiTv/05b50d4e5f2d94612217fa847f38a0eb8d1d63f15,CC00000005,阅读,生命是自己的，不必用别人的标准来框定自己的人生。,['背影', '孤独', '船只', '锻炼', '划船']
I01293507,生之希望,http://wallpaper.cdn.pandora.xiaomi.com/thumbnail/webp/w1350/MiTv/0e6053b29d24b4e88b2cbf95f8dbad8446743698e,CC00000005,阅读,生命是有意义的，因为梦想而支撑的生命更加值得我们热爱。——《人生只有一次，去做自己喜欢的事》@圈子,['优美', '清新自然', '美景']
I01258204,保持热爱 奔赴山海,http://wallpaper.cdn.pandora.xiaomi.com/thumbnail/webp/w1350/MiTv/0ccb87fceaae048618dbfe47e0caf0e6bf935c888,CC00000005,阅读,每一个人在找到自己所爱并为其不遗余力时，管它是黑夜或白昼，自己就是能照亮自己前行的那道光！@米拍/Jimmy_He,['日落', '摄影', '旅游', '小米精选']
I01272542,常怀感恩之心,http://wallpaper.cdn.pandora.xiaomi.com/thumbnail/webp/w1350/MiTv/0da71ecd4d89c4c94be9b6f542431ca6d83220215,CC00000005,阅读,星星能照亮夜空，感恩可掂量自我。感恩他人，就是善待自己。怀有感恩之心，才能包容全世界。@圈子,['窗帘', '书籍', '书本', '蜡烛', '燃烧', '昏暗']
I01365384,寻找浪漫的微光,http://wallpaper.cdn.pandora.xiaomi.com/thumbnail/webp/w1350/MiTv/094a6cdb0211f49eeb4f057b0c01d563e61aa5ddf,CC00000005,阅读,无论何人，无论何时，人们总是在乌云周围，寻索着浪漫的微光活下去。——村上春树@水象星,['极光', '光亮']
I01217061,拥抱奋斗的人生,http://wallpaper.cdn.pandora.xiaomi.com/thumbnail/webp/w1080/MiTv/0493d54c7685ab500194b8397a4bc642212416c03,CC00000005,阅读,我们生活不能等待别人来安排，你想要什么样的生活只有你自己知道。自已去规划和设计，自己去争取和奋斗，自己去调整和改变，你才能一点点距离理想生活越来越近。@视觉中国,['感悟', '城市风光', '美景']
I01171415,放平心态,http://wallpaper.cdn.pandora.xiaomi.com/thumbnail/webp/w1080/MiTv/084a3419419938997d46b9cbcd667e43efc409fc2,CC00000005,阅读,人生起落是常事，生活的好坏应接不暇。改变不了过往的结局，那就改变自己的心态。@视觉中国,['海岸线', '悬崖', '旅游', '人生']
I01265554,多读书对你有好处,http://wallpaper.cdn.pandora.xiaomi.com/thumbnail/webp/w1350/MiTv/0b12c1470712c435fb5481e62a44fbc486391b9ef,CC00000005,阅读,贾平凹的《独行世界》，研磨孤独，收获自在，致每个孤独的行路人。你独自行走，不顾一切，哭着，笑着，留恋人间，只为不虚此行。独行是一场心灵的隐居，即便你认为自己是孤独的，也是可以自在的。@Unsplash,['书籍', '书本', '读书', '知识', '学习']
I01265497,永远精致的生活,http://wallpaper.cdn.pandora.xiaomi.com/thumbnail/webp/w1350/MiTv/0933500e36bef4886bf2b8a08d7358c92f3deda40,CC00000005,阅读,假使，人生是环线地铁，那么我们会认真地站在这里等，等我们的幸福绕一大圈后，仍然不离不弃地从远方来。——叶萱《你在我的左手边》@圈子,['温暖', '治愈', '明亮', '闪烁']
I00002869,漫旅行,http://wallpaper.cdn.pandora.xiaomi.com/thumbnail/webp/w1080/MiTv/04d684c15ee2d5c613cfef3677ad1f96b624172dc,CC00000005,阅读,旅行是最劳顿，最麻烦，叫人本相必现的时候。经过长期苦旅行而彼此不讨厌的人，才可以结交作朋友。——钱钟书《围城》@视觉中国,['优美', '日出', '热气球', '灿烂']
I01266821,学会享受生活,http://wallpaper.cdn.pandora.xiaomi.com/thumbnail/webp/w1350/MiTv/08552297323d24d77906c63c9184dc4b9883f56c9,CC00000005,阅读,当我享受着四季的友爱时，我相信，任什么也不能使生活成为我沉重的负担。——梭罗《瓦尔登湖》@圈子,['灰色调', '室内', '平静', '淡雅', '杂志', '火苗']
I01232274,为人处世的思考,http://wallpaper.cdn.pandora.xiaomi.com/thumbnail/webp/w1080/MiTv/0f7ea5be120c4e631bb3296ce33edd995c641b75e,CC00000005,阅读,成年人交际守则：对不喜欢的人，可以远离的就远离，不能远离的就在心里保持距离。——勺布斯@视觉中国,['小米精选']
I01219158,做人如水的哲学,http://wallpaper.cdn.pandora.xiaomi.com/thumbnail/webp/w1080/MiTv/0ebdc50635086bd8aac4d2d49900e29b41a420183,CC00000005,阅读,水利万物而不争，顺其自然。老子讲“上善若水”，水处卑下而不争，天下莫能与之争。水滋润万物而不居功自傲，盈于容器而自然求平，坚守清淡而无怨无悔。@视觉中国,['感悟', '水库', '秀丽', '美景']
I01191322,闲暇时的慵懒,http://wallpaper.cdn.pandora.xiaomi.com/thumbnail/webp/w1080/MiTv/0b8444b2c79394c4b8aafc04e93ac76fcc7417bc0,CC00000005,阅读,让我们享受人生的滋味吧，如果我们感受得越多，我们就会生活得越长久。——法朗士@视觉中国,['慵懒', '时光']
I01198315,遥远的期待,http://wallpaper.cdn.pandora.xiaomi.com/thumbnail/webp/w1080/MiTv/0e3625af2b7c09a391c4ff9ae958663aa8b4042b1,CC00000005,阅读,梦想绝不是梦，两者之间的差别通常都有一段非常值得人们深思的距离。——古龙@视觉中国,['挑战', '悬崖', '危险', '锻炼', '美景']
I01253784,你明明不甘平庸,http://wallpaper.cdn.pandora.xiaomi.com/thumbnail/webp/w1350/MiTv/029b4e1677c714ab5bb0b1711427a2a225f0257b0,CC00000005,阅读,等待不是消极懈怠，而是积极积攒力量，不是徘徊犹豫，而是韬光养晦，一旦时机成熟就全部释放积聚的能量。@视觉中国,['优美', '小米精选']
I01219160,做人如水的哲学,http://wallpaper.cdn.pandora.xiaomi.com/thumbnail/webp/w1080/MiTv/0ebdc50635086ad8a5c4dfd49100ea9b4ea420183,CC00000005,阅读,水是大智若愚者，厚德载物。山岭虽高，没有水高；道路虽长，没有水长。它用博大的胸怀包容一切，用宽厚的肩膀承载着万物。@视觉中国,['海边', '感悟', '秀美', '秀丽', '美景']
I01262798,美好生活值得努力,http://wallpaper.cdn.pandora.xiaomi.com/thumbnail/webp/w1350/MiTv/0b872799c9c1742b88431f94bca489b1326bd465a,CC00000005,阅读,命运像一只筐，我把对自己的姑息、原谅以及所有的延宕都一股脑地塞进去。——毕淑敏《握紧你的右手》@圈子,['窗帘', '光线', '明亮', '窗边', '洁白', '小米精选']
I01372823,思念让我度日如年,http://wallpaper.cdn.pandora.xiaomi.com/thumbnail/webp/w1350/MiTv/07918f8ba3be24aae83b915c2ec603abdaaa502b3,CC00000005,阅读,如果感情可以分胜负的话，我不清楚她是否会赢，但是我很清楚，从一开始，我就输了。——《东邪西毒》@乐次元,['优美', '绿叶', '生机']
I01248144,你比想象中更坚强,http://wallpaper.cdn.pandora.xiaomi.com/thumbnail/webp/w1350/MiTv/0a4df14c7727d40ae2588ba25a624155a7b81f837,CC00000005,阅读,每个人总在仰望和羡慕着别人的幸福，一回头，却发现自己正被别人仰望和羡慕着。其实，每个人都是幸福的。@视觉中国,['高楼大厦', '繁华', '都市', '小米精选']
I01258665,突破自己是一种挑战,http://wallpaper.cdn.pandora.xiaomi.com/thumbnail/webp/w1350/MiTv/01e9f3399c44f49a7a7e431439d7062e860d7066a,CC00000005,阅读,自我控制是最强者的本能。——萧伯纳@视觉中国,['梯田', '环境', '美景']
I01198316,自然的表达,http://wallpaper.cdn.pandora.xiaomi.com/thumbnail/webp/w1080/MiTv/087825b5260f69a5d62f308b2b027611b6643a337,CC00000005,阅读,大自然的每一个领域都是美妙绝伦的。——亚里士多德@视觉中国,['火山', '火山喷发', '愤怒', '环境']
I01176749,用最文艺的方式说谢谢,http://wallpaper.cdn.pandora.xiaomi.com/thumbnail/webp/w1080/MiTv/0e6a159ad66c0c8161722c17d736f33726f40454c,CC00000005,阅读,爱的含义不是奉献自我，而是给他人最好的寓所，让他人在最幽美的心田居住。——泰戈尔@视觉中国
,['优美', '清新自然', '雏菊', '花环', '心形', '小米精选']
I01192474,听，西湖的诗,http://wallpaper.cdn.pandora.xiaomi.com/thumbnail/webp/w1080/MiTv/0b8445b2cd939ec4b9aaf104e93ac26fc67417bc0,CC00000005,阅读,秋风湖上萧萧雨，使君欲去还留住。今日漫留君，明朝愁杀人。佳人千点泪，洒向长河水。不用敛双蛾，路人啼更多。——苏轼《菩萨蛮·西湖》@有料,['优美', '西湖', '漂亮', '杭州', '雷峰塔', '美景', '小米精选']
I01173154,渺小而伟大,http://wallpaper.cdn.pandora.xiaomi.com/thumbnail/webp/w1080/MiTv/09fba4b644f8fa748e72078f7797f56426143f351,CC00000005,阅读,草木是靠着上天的雨露滋长的，但是它们也敢仰望穹苍。——莎士比亚@视觉中国,['草坪', '清新自然', '露珠']
I01195795,漫漫前路,http://wallpaper.cdn.pandora.xiaomi.com/thumbnail/webp/w1080/MiTv/08d635b593e363bca5335aa2bd7c16ab64440831d,CC00000005,阅读,一个人知道自己为什么而活，就可以忍受任何一种生活。——尼采@视觉中国,['公路', '道路', '滑板']
I01219513,七夕 缘来是你,http://wallpaper.cdn.pandora.xiaomi.com/thumbnail/webp/w1080/MiTv/0909fb42e0dd346093549cc9cc5c09cac7626b692,CC00000005,阅读,卧看牵牛织女星，月转过梧桐树影。——卢挚《沉醉东风·七夕》@视觉中国,['七夕', '七夕节', '早安锁屏']
I01372815,鲁迅《狂人日记》,http://wallpaper.cdn.pandora.xiaomi.com/thumbnail/webp/w1350/MiTv/0d8489e5494094ab386e8b247da4ee8d5a96b3211,CC00000005,阅读,“我有话要说，那就是世间本没有路，走的人多了，也便成了路。”——鲁迅《狂人日记》@圈子,['冰雪', '冰山']
I01274158,赠猫诗词,http://wallpaper.cdn.pandora.xiaomi.com/thumbnail/webp/w1350/MiTv/04c131541b06d4a43b104d135df38e5dde0f78f97,CC00000005,阅读,执鼠无功元不劾，一箪鱼饭以时来。看君终日常安卧，何事纷纷去又回？《赠猫》——陆游@圈子
,[]
I01257347,平凡中也可以很精彩,http://wallpaper.cdn.pandora.xiaomi.com/thumbnail/webp/w1350/MiTv/0c0b682f93bf649afbe055c3ee2aed970be86284b,CC00000005,阅读,不要光赞美高耸的东西，平原和丘陵也一样不朽。——菲·贝利@视觉中国,['色彩', '精彩', '平凡', '赞美']
I01295984,人生往往在路上,http://wallpaper.cdn.pandora.xiaomi.com/thumbnail/webp/w1350/MiTv/0bfa7970bea144953b3c6d58a14cf309cf8d52fa7,CC00000005,阅读,有趣的人生，一半是山川湖海，一半是人间烟火，进行一场漫无目的的旅行，在一个有海的地方，晒着太阳无所事事。@Unsplash,['享受生活', '海边', '悠闲', '旅游', '小米精选']
I01172372,水到渠成,http://wallpaper.cdn.pandora.xiaomi.com/thumbnail/webp/w1080/MiTv/099605793929fae5e62c925486ea85825ed41918c,CC00000005,阅读,如果你真的愿意去努力，那么你人生最坏的结果，也不过是大器晚成。@视觉中国,['挑战', '努力', '成长', '人生']
I01172368,积极面对,http://wallpaper.cdn.pandora.xiaomi.com/thumbnail/webp/w1080/MiTv/0243a4f6fb8838d0a4f3bc2bbe2c56120a0429feb,CC00000005,阅读,无论生活中还是工作中，我们很难事事顺心，但我们可以做到事事尽心。积极的态度就是成功的保证。@视觉中国,['积极', '成功', '工作', '人生', '态度']
I01274102,给生活做减法,http://wallpaper.cdn.pandora.xiaomi.com/thumbnail/webp/w1350/MiTv/0e2aa4f9de1a04c949881e37334eac2330661fe8a,CC00000005,阅读,现在社会，人们越来越喜欢简单的事物，更向往简单的生活，其实，当你感到无比疲惫的时候，就该给生活做减法了。@圈子,['清新自然', '摆件', '南瓜', '小米精选']
I01368855,安静的世界,http://wallpaper.cdn.pandora.xiaomi.com/thumbnail/webp/w1350/MiTv/0dee9b33e1d4a4bb6b440ee896e48bc9dd92b99d0,CC00000005,阅读,安静可以让你深入自己的内心，反思自己的生活，更好地了解自己的想法和感受。它能让你更好地享受生活，更好地珍惜生命。@站酷海洛,['桌布']
I01266024,我们的爱,http://wallpaper.cdn.pandora.xiaomi.com/thumbnail/webp/w1350/MiTv/0d005e74956744c0a9f55a1d841eeac3d18dcba90,CC00000005,阅读,我和她抱着猫到路轨上晒太阳,安静得简直像坐在湖底。我们年轻，新婚不久，阳光免费。——村上春树《遇到百分之百的女孩》@圈子,['优美', '书籍', '野餐', '书本']
I01266027,温馨生活的美丽,http://wallpaper.cdn.pandora.xiaomi.com/thumbnail/webp/w1350/MiTv/0d25695cb3a274a9dac650cbaf7fc97805ce064ed,CC00000005,阅读,假如你不够快乐，也不要把眉头深锁，人生本来短暂，为什么还要栽培苦涩。——汪国真《假如你不够快乐》@圈子,['草坪', '优美', '温柔', '生机勃勃', '草木绿']
I01266791,那就沉静下来,http://wallpaper.cdn.pandora.xiaomi.com/thumbnail/webp/w1350/MiTv/041e24b8a368e4abdb8df00930b664ca28491ebcc,CC00000005,阅读,人对外部世界首先应当尽力而为，只有在竭尽所能之后，才沉静接受人力所无法改变的部分。—— 冯友兰 《中国哲学简史》@圈子,['杯子', '清新自然', '沉静', '质感']
I01193954,确定方向,http://wallpaper.cdn.pandora.xiaomi.com/thumbnail/webp/w1080/MiTv/099d5e45a6572424611a242f6c13f6e565e2983a4,CC00000005,阅读,只要朝着一个方向努力，一切都会变得得心应手。——勃朗宁@视觉中国,['船只', '目标', '努力', '人生', '方向']
I01205777,孤独是一个人的狂欢,http://wallpaper.cdn.pandora.xiaomi.com/thumbnail/webp/w1080/MiTv/0629b851916c242a33b26aca2b7fee2e80ab04057,CC00000005,阅读,如果孤独，同样能将我培育成一棵硕大的高粱，我宁愿承受更大的孤独。只要不是绝望。——张克奇《和一棵树说了一下午话》@好看,['公路', '暗色调', '孤独', '沉静']
I01168753,学会慢生活,http://wallpaper.cdn.pandora.xiaomi.com/thumbnail/webp/w1080/MiTv/0a3e2555d41d3ed312656ad1751e7df905e41226b,CC00000005,阅读,慢生活的乐趣，藏在日常生活中无用之事里面。无用之事，修身养性，为人态度从容，可以怡然自得，和谐相处，以智化怨。@视觉中国,['沙滩', '海滩', '享受']
I01219159,做人如水的哲学,http://wallpaper.cdn.pandora.xiaomi.com/thumbnail/webp/w1080/MiTv/0ebdc50635086bd8a6c4d8d49e00ed9b49a420183,CC00000005,阅读,水顺地形而曲流，以柔克刚。水是柔顺的、智慧的，它懂得适者生存的道理，知道迂回前进。@视觉中国,['海边', '感悟', '美景']
I01162324,这世界很美,http://wallpaper.cdn.pandora.xiaomi.com/thumbnail/webp/w1080/MiTv/01b50d4e5f2d94612217f3847fb8a0e88d1d63f15,CC00000005,阅读,我想要变成这个世界的一部分，变成那些努力的人的一部分，变成这个世界依旧美好的一部分。,['船只', '清晨', '渔船']
I01258233,那些温柔的岁月,http://wallpaper.cdn.pandora.xiaomi.com/thumbnail/webp/w1350/MiTv/01caf5e546b6b4fd4b096f9b786f2ff1b05ea6ef4,CC00000005,阅读,更羡慕街边的咖啡店座里的目光，只一闪，便觉得日月悠长，山河无恙。——余秋雨《行者无疆》@圈子,['享受生活', '优美', '书籍', '治愈', '书本', '安逸']
I01247638,把生活过得简单一些,http://wallpaper.cdn.pandora.xiaomi.com/thumbnail/webp/w1350/MiTv/08ab85c2019f6012b8e905156a95733671f42f554,CC00000005,阅读,春季的天空，明媚而苍白，阳光照到身上，仿佛整个世界都泛起了红晕。——《忽然七日》@乐次元,['草坪', '清新自然', '春天', '大海湖泊']
I01173768,迎难而上,http://wallpaper.cdn.pandora.xiaomi.com/thumbnail/webp/w1080/MiTv/07c21d4f795af4920131c4a0b82ee1ce42121eb75,CC00000005,阅读,人生的事，虽然难做，但是总有办法，只要心态好，一切困难都不是问题。@视觉中国,['读书', '人生', '困难', '心态']
I01265499,多么温暖的风景,http://wallpaper.cdn.pandora.xiaomi.com/thumbnail/webp/w1350/MiTv/0236a6e4b51bf4b74bcd22100d40dc03df4e4d248,CC00000005,阅读,它对世间万物满怀兴趣，但其实又知晓浮生若梦，凡事大抵无聊无趣，没有执著的意思，只值一睡了之。——顾湘《好小猫》@圈子,['温暖', '治愈', '陡峭', '美景']
I01175062,顽强的执着,http://wallpaper.cdn.pandora.xiaomi.com/thumbnail/webp/w1080/MiTv/036a1c4adf630481c0722817d5b6f43829c64374e,CC00000005,阅读,强大一些，要相信你自己。坚定一些，要相信自己的感觉。@视觉中国,['读书', '顽强', '坚强', '态度']
I01273941,山顶也有星空,http://wallpaper.cdn.pandora.xiaomi.com/thumbnail/webp/w1350/MiTv/0e950a48ef57c44e1befcb6624de7bcdadd02cc51,CC00000005,阅读,当你站在山顶的时候，你的头上还有星空。——董明珠@圈子,['公路', '道路', '山坡', '大树']
I01255017,小城里有的不只有故事,http://wallpaper.cdn.pandora.xiaomi.com/thumbnail/webp/w1350/MiTv/0d46069a63dc14b2d875629902a69d4838fc20f1f,CC00000005,阅读,隔市炊烟曙色迟，小城初霁客来时。娇莺历历啼芳树，不解春风有别离。——明沈宣王 @视觉中国,['小米精选', '口碑壁纸', '小城']
I01170884,人生如路,http://wallpaper.cdn.pandora.xiaomi.com/thumbnail/webp/w1080/MiTv/07cde24584e1b419313e423fcfbcd4606560bf3ee,CC00000005,阅读,人生如路，须在荒凉中走出繁华的风景来。@视觉中国,['情感', '文化', '美景', '人生']
I01395241,真正能帮助你的只有自己,http://wallpaper.cdn.pandora.xiaomi.com/thumbnail/webp/w1350/MiTv/04c1d710acb594ba6b99839841f01bce7767e4fa1,CC00000005,阅读,婴儿诞生，一般人不知晓婴儿的未来，可是都说——恭喜！恭喜！某人死了，一般人也不明白死后的世界，却说——可惜！可惜！——三毛《亲爱的三毛》@站酷海洛,['雪景', '山丘', '火车', '轨道']
I01176658,步履不停,http://wallpaper.cdn.pandora.xiaomi.com/thumbnail/webp/w1080/MiTv/0e946e5f70d814edd1e1f2a310789d2f6a79e34e7,CC00000005,阅读,不良的习惯会随时阻碍你走向成名、获利和享乐的路上去。——莎士比亚@视觉中国,['公路', '暗色调']
I01186412,洗净凡尘,http://wallpaper.cdn.pandora.xiaomi.com/thumbnail/webp/w1080/MiTv/030c8b52fc49d41722121fa6e27e9d067a2707d38,CC00000005,阅读,洗净凡尘铅华梦，世间万象本为空，我问菩提如何是，随缘随遇亦随风。@视觉中国,['读书', '烦恼', '尘埃']
I01176423,傲然于世,http://wallpaper.cdn.pandora.xiaomi.com/thumbnail/webp/w1080/MiTv/0a6a1c4adf6b048110722917d5b6f43829c65374e,CC00000005,阅读,结庐在人境，而无车马喧。问君何能尔？心远地自偏。——陶渊明@视觉中国,['读书', '诗词', '人生']
I01193951,志向远方,http://wallpaper.cdn.pandora.xiaomi.com/thumbnail/webp/w1080/MiTv/049d5455a75e2124211a2a2f6083f2e363641ac6e,CC00000005,阅读,生活就像海洋，只有意志坚强的人，才能到达彼岸。——马克思@视觉中国,['狐狸', '远方', '悬崖']
I01247629,花自向阳开,http://wallpaper.cdn.pandora.xiaomi.com/thumbnail/webp/w1350/MiTv/024df14c7727d40af2588da25ae2415fa7b8cf837,CC00000005,阅读,生活不会因为某个节点而变得与众不同，未来的幸运，都是过往努力的积攒。@视觉中国,['优美', '色彩']
I01172370,信念不消,http://wallpaper.cdn.pandora.xiaomi.com/thumbnail/webp/w1080/MiTv/099605793929f9e5e92c945481ea8a8256d41918c,CC00000005,阅读,人生就像一杯茶，不会苦一辈子，但总会苦一阵子。@视觉中国,['挑战', '清茶', '人生', '态度']
I01187561,难得放肆,http://wallpaper.cdn.pandora.xiaomi.com/thumbnail/webp/w1080/MiTv/06bca4f9645a9844d9b4cc33c1def60384a42c442,CC00000005,阅读,没有一点儿疯狂，生活就不值得过。——米兰·昆德拉@视觉中国,['日出', '海水', '海面', '希望']
I01172373,战无不胜,http://wallpaper.cdn.pandora.xiaomi.com/thumbnail/webp/w1080/MiTv/0243a4f6fb8839d0a2f3bb2bbe2c5612080429feb,CC00000005,阅读,从来不跌倒不算光彩，每次跌倒后能再站起来，才是最大的荣耀。@视觉中国,['挑战', '荣耀', '光彩', '人生']
I01286472,你是人间四月天,http://wallpaper.cdn.pandora.xiaomi.com/thumbnail/webp/w1350/MiTv/0f46459c7169143b3ba49ad3f9a955e5f8395b31e,CC00000005,阅读,世上有许多事，尽管看得清清楚楚，却不能说出口来。有的事看见了认准了，必须说出来；有的事至死也不能说。能握住什么事必须说，什么事不能说的人，才是真正的男人。——陈忠实《白鹿原》@站酷海洛,['清新自然', '小米精选']
I01264072,安徒生的经典名言,http://wallpaper.cdn.pandora.xiaomi.com/thumbnail/webp/w1350/MiTv/0796aca66339242c6aa89483f881727cb7620aab3,CC00000005,阅读,攀登上一个阶梯，这固然很好，只要还有力气，那就意味着必须再继续前进一步。——安徒生 @Unsplash,['小鹿', '剪影', '小米精选']
I01266013,最好的风景在路上,http://wallpaper.cdn.pandora.xiaomi.com/thumbnail/webp/w1350/MiTv/068e01b51d5dd421da480451e5aaa433e77b5cba2,CC00000005,阅读,愿你的生命中有够多的云翳，来造成一个美丽的黄昏。你是我最珍贵的人生限定。——冰心@图虫创意,['日落', '小米精选']
I01366808,真诚永远是必杀技,http://wallpaper.cdn.pandora.xiaomi.com/thumbnail/webp/w1350/MiTv/04708ad7fccbb4011afbdf9ab4746f6e97bc910ae,CC00000005,阅读,不能等待别人来安排你的人生，要自己去争取和奋斗；而不论其结果是喜是悲，但可以慰藉的是，你总不算白活了一场。有了这样的认识，你就会珍重生活，而不会玩世不恭；同时，也会给人注入强大的力量。——路遥《平凡的世界》@站酷海洛,['丝绸']
I01248132,给自己放个假,http://wallpaper.cdn.pandora.xiaomi.com/thumbnail/webp/w1350/MiTv/09083855b41d84ee70b771e750110f86bdf0a76ac,CC00000005,阅读,放下工作，暂时忘却家庭的琐事，离开每天奋斗的名利场，让自己走进一个安静的世界，无论是山野森林，还是荒漠隔离，亦或者无垠草原，去享受那片刻的宁静。@视觉中国,['优美', '感悟', '秀美', '普罗旺斯', '美景', '小米精选']
I01191319,圆润的世界,http://wallpaper.cdn.pandora.xiaomi.com/thumbnail/webp/w1080/MiTv/0b8444b2c79390c4b5aaf504e53ac36fc87417bc0,CC00000005,阅读,处人不可任己意，要悉人之情；处事不可任己见，要悉事之理。——吕坤@视觉中国,['圆润', '世界', '美景']
I01273249,行走在路上,http://wallpaper.cdn.pandora.xiaomi.com/thumbnail/webp/w1350/MiTv/08b180b5a516b459d9b11004add9cd1c29a1b4164,CC00000005,阅读,生命是一场对话的旅途，与自己对话，与周遭对话，与世界对话。—— 蒋勋 《孤独六讲》@圈子,['冰山', '刺激', '冰川', '旅途']
I01171419,大度是一种善良,http://wallpaper.cdn.pandora.xiaomi.com/thumbnail/webp/w1080/MiTv/084a3419419939997046becbc5667f43efc409fc2,CC00000005,阅读,宽容别人，其实是给自己的心灵让路。只有在宽容的世界里，人才能奏出和谐的生命之歌。@视觉中国,['画画', '莫奈', '文化', '印象派']
I01268884,偷得浮生半日闲,http://wallpaper.cdn.pandora.xiaomi.com/thumbnail/webp/w1350/MiTv/0fea6acc79b4d46e88174a97d30b10b9ca737c41f,CC00000005,阅读,我要你知道，在这个世界上总有一个人是等着你的，不管在什么时候，不管在什么地方，反正你知道，总有这么个人。——张爱玲《半生缘》@圈子,['享受生活', '优美', '花枝', '草木绿']
I01192174,岁月有多漫长？,http://wallpaper.cdn.pandora.xiaomi.com/thumbnail/webp/w1080/MiTv/0b8444b2ce9394c4bdaaf204e13ac86fc37417bc0,CC00000005,阅读,日子只能一天一天好好地过，别无他法。别烦恼明天的事，明天的烦恼明天再烦。我想开心、努力、温柔待人地过完今天一天。——太宰治@视觉中国,['线条', '高铁', '交通']
I01195466,流浪者的乡愁,http://wallpaper.cdn.pandora.xiaomi.com/thumbnail/webp/w1080/MiTv/036c7d5def4da4c8b3022abdaf2cc01857a099d6b,CC00000005,阅读,旅行的意义从不在旅途本身。千山万水，都只为了转身回程的那一个背影，只为了让我们从他乡终于奔赴故乡。——《流浪者的乡愁》@视觉中国,['壮丽', '小镇', '多洛米蒂山脉', '小米精选']
I01293207,晨曦初照,http://package.wallpaper.cdn.pandora.xiaomi.com/mitv/10014/1/f296f7a9c22f1eb6414eabf418944897.jpg,CC00000005,阅读,走出屋外，月仍在中天，但在山边极远极远的天空，有一些早起的晨曦正在云的背后，使灰云有一种透明的趣味。——林清玄 @Unsplash
,['日出', '云海', '早安锁屏']
I01294850,在实践中成长,http://wallpaper.cdn.pandora.xiaomi.com/thumbnail/webp/w1350/MiTv/0cd3fef6861a84b658e7fb5f586710ace9fb42339,CC00000005,阅读,凡不是就着泪水吃过面包的人是不懂得人生之味的人。——歌德《歌德语录》@站酷海洛,['优美']
I01372802,直面人生的痛苦,http://wallpaper.cdn.pandora.xiaomi.com/thumbnail/webp/w1350/MiTv/0137b96ebef81429f8397df0335f7a66addb12968,CC00000005,阅读,对，过去是痛楚的，但我认为你要么可以逃避，要么可以向它学习。——《狮子王》@乐次元,['空旷']
I01222919,清晨的朦胧美,http://wallpaper.cdn.pandora.xiaomi.com/thumbnail/webp/w1080/MiTv/0c5b8427f181b804d86b3b42cf58d8afbc440738a,CC00000005,阅读,时间是由分秒积成的，善于利用零星时间的人，才会做出更大的成绩来。——华罗庚@视觉中国,['时间', '朦胧', '清晨', '早晨', '美景', '成绩']
I01295862,零碎的岛屿会找到海,http://wallpaper.cdn.pandora.xiaomi.com/thumbnail/webp/w1350/MiTv/05dd0ec2a52fa48fb8757d10b40552f75af7c7627,CC00000005,阅读,时间的流逝是平等赋予每个人的疗愈，或许也是救赎。——太宰治《人间失格》@有料,['优美', '清新自然', '海鸥', '治愈']
I01195793,携手远方,http://wallpaper.cdn.pandora.xiaomi.com/thumbnail/webp/w1080/MiTv/08d635b593e362bca33350a2b17c12ab63440831d,CC00000005,阅读,我来不及认真地年轻，待明白过来时，只能选择认真地老去。——三毛@视觉中国,['情侣', '游泳', '游泳池']
I01191320,纯净是种简单,http://wallpaper.cdn.pandora.xiaomi.com/thumbnail/webp/w1080/MiTv/0a844042c79794c411aaf504eb2acc6bcb3b63f7b,CC00000005,阅读,使意志获得自由的唯一途径，就是让意志摆脱任性。——黑尔@视觉中国,['简单', '纯净', '自由']
I01268901,享受属于自己的时光,http://wallpaper.cdn.pandora.xiaomi.com/thumbnail/webp/w1350/MiTv/0ab7037449c5d4a6e91ea7fc50c12d574bd55924b,CC00000005,阅读,想找个保鲜盒，把你给我的那些感动都装起来，当我不那么喜欢你的时候，就拿出来回味一下。——安东尼《这些都是你给我的爱》@圈子,['小屋', '生机勃勃', '小米精选']
I01304813,生命应当像夏花般绚烂,http://wallpaper.cdn.pandora.xiaomi.com/thumbnail/webp/w1350/MiTv/009f164c6a26545548f0396909783ed1b87dca1d7,CC00000005,阅读,我听见回声，来自山谷和心间，用寂寞的镰刀收割空旷的灵魂，不断地重复决绝，又重复幸福，终有绿洲摇曳在沙漠。我相信自己，生来如同绚烂的夏日之花，不凋不败，妖冶如火。——泰戈尔@有料,['优美', '清新自然', '治愈', '放松', '自然现象']
I01274528,生活必须有所归依,http://wallpaper.cdn.pandora.xiaomi.com/thumbnail/webp/w1350/MiTv/07c6aeb2597b54bff8238d2fd2d187a2205977f38,CC00000005,阅读,生活不会像你想象得那么好，但也不会同你想象得那么糟。——莫泊桑@圈子,['桌布', '木桌', '糕点', '甜食']
I01256308,温暖了岁月,http://wallpaper.cdn.pandora.xiaomi.com/thumbnail/webp/w1350/MiTv/095adf178d1db4f029fad349e8b4271b25c777091,CC00000005,阅读,生命是有光的。在我熄灭以前，能够照亮你一点，就是我所有能做的了。——张嘉佳 《云边有个小卖部》@圈子,['优美', '艳丽', '草丛', '寂静']
I01254903,欣赏生活中的风景,http://wallpaper.cdn.pandora.xiaomi.com/thumbnail/webp/w1350/MiTv/0e8e1c5fa51ad44e1adb9dd04f01d775a22aa9b1a,CC00000005,阅读,如作家张淑萍所说：在岁月的长河里，人只有学会适时调节自己，才能在百态的心境里看到百变的风景。心若改变，态度就会改变；态度改变，习惯就会改变；习惯改变，性格就会改变；性格改变，人生就会改变。学会欣赏风景，才能不辜负生活，不辜负自己。@麦拉风/Kelvin李,['知识', '美景', '人生', '小米精选']
I01418155,这个世界并不非黑即白,http://wallpaper.cdn.pandora.xiaomi.com/thumbnail/webp/w1350/MiTv/02c831b44812b487e91a920fb476efc19200ff306,CC00000005,阅读,人不要在说明事实的理论上打圈圈，应该配合理论的说明，慢慢解开事实真相。——阿瑟·柯南·道尔《福尔摩斯全集》@站酷海洛,['雪人', '玩耍', '快乐']
I01209206,永恒的瞬间,http://wallpaper.cdn.pandora.xiaomi.com/thumbnail/webp/w1080/MiTv/0f060257f8ea44b222ffe71d0c52dde44dec30cf7,CC00000005,阅读,时间没有现在，永恒没有未来，也没有过去。——丁尼生@视觉中国,['瞬间', '麻雀']
I01172371,未来可期,http://wallpaper.cdn.pandora.xiaomi.com/thumbnail/webp/w1080/MiTv/08960c593d29f4e5a12c9a5481ba8884579e9e299,CC00000005,阅读,道路险阻，爱是无畏，所有的汗水和足迹都不会被辜负。@视觉中国,['道路', '未来', '挑战', '汗水']
I01266476,站在高处才能望到远方,http://wallpaper.cdn.pandora.xiaomi.com/thumbnail/webp/w1350/MiTv/0135d21616abf4427967ac1596c077ec003d6ca96,CC00000005,阅读,问一问你的心，只要它答应，没有地方，是到不了的那么远。——三毛 @视觉中国,['电视塔', '早安锁屏']
I01319010,减法的哲学,http://wallpaper.cdn.pandora.xiaomi.com/thumbnail/webp/w1350/MiTv/05f3b38263d034e4483b3036a139b91fba0422874,CC00000005,阅读,断舍离生活与其说是整理物品，不如说是整理人生，我们在这个过程中会逐渐明白，要放下不适合的人事物，才能专心做自己、迎来真正的幸福。——《断舍离》@圈子,['夜空', '黄昏', '路灯', '傍晚', '孤寂']
I01192595,动静融合,http://wallpaper.cdn.pandora.xiaomi.com/thumbnail/webp/w1080/MiTv/0b9fe4e6df4ef8f5be306a782bdbb902cd842c3bd,CC00000005,阅读,故声无小而不闻，行无隐而不形。——荀子@视觉中国,['海岸', '海边', '海浪', '美景']
I01372857,你是我的救赎,http://wallpaper.cdn.pandora.xiaomi.com/thumbnail/webp/w1350/MiTv/024759eb78abd44809204fa72ab6e62cdda60ec37,CC00000005,阅读,爱，不是要去寻找一个完美的人，而是学会用完美的眼光，欣赏那个并不完美的人。因为爱你，只要你一个肯定，我就足够勇敢。——《哈尔的移动城堡》@乐次元,['优美', '空旷']
I01171417,与友为伴,http://wallpaper.cdn.pandora.xiaomi.com/thumbnail/webp/w1080/MiTv/09960c593d2cf4e5612c9a54811a8886579e3e299,CC00000005,阅读,人生只不过短短数十载，人缘，不是有多少人认识你，而是有多少人愿意帮助你。@视觉中国,['险峻', '旅游', '美景']
I01183392,人生的选择,http://wallpaper.cdn.pandora.xiaomi.com/thumbnail/webp/w1080/MiTv/009a9d45bb5104b9d370304318f236317a94448e5,CC00000005,阅读,乐人之乐，人亦乐其乐；忧人之忧，人亦忧其忧。——白居易@视觉中国,['马路', '道路', '红绿灯', '选择', '人生']
I01200352,宽广的世界,http://wallpaper.cdn.pandora.xiaomi.com/thumbnail/webp/w1080/MiTv/0c78cf4c790204f58238ce2283aca6455235c0fd5,CC00000005,阅读,生活的道路一旦选定，就要勇敢地走到底，决不回头。——左拉@视觉中国,['道路', '太阳', '大地']
I01259456,幸而遇见,http://wallpaper.cdn.pandora.xiaomi.com/thumbnail/webp/w1350/MiTv/0aefb8d6d66b647e4ae71d0c4d06411ae7b5ab65a,CC00000005,阅读,生命和生命的连结组成一个故事，一个灵魂会唤醒另一个灵魂。——米奇·阿尔博姆 @Unsplash,['小船', '航拍', '清凉', '早安锁屏']
I01365385,寻找浪漫的微光,http://wallpaper.cdn.pandora.xiaomi.com/thumbnail/webp/w1350/MiTv/09a1327785cf547b3a724766141ecc2281144fc17,CC00000005,阅读,论天空如何阴霾，太阳一直都在，不在这里就在那里。——丁立梅@水象星,['神秘']
I01170885,灿烂的人生,http://wallpaper.cdn.pandora.xiaomi.com/thumbnail/webp/w1080/MiTv/0ecde45581e6b4190b3e403fc2fcd46368441ef42,CC00000005,阅读,我现在所做的，只是为以后不会后悔，只是为以后那更加灿烂的人生。@视觉中国,['情感', '读书', '灿烂', '人生']
I01194780,享受时光,http://wallpaper.cdn.pandora.xiaomi.com/thumbnail/webp/w1080/MiTv/0b6c757de84aaac8010223bda49cc41d59f436f0d,CC00000005,阅读,不要为已消尽之年华叹息，必须正视匆匆溜走的时光。——朗费罗@视觉中国,['生机勃勃', '剪纸', '树叶', '时光']
I01172374,无惧风浪,http://wallpaper.cdn.pandora.xiaomi.com/thumbnail/webp/w1080/MiTv/099605793929fbe5e72c935484ea848250d41918c,CC00000005,阅读,奋斗之路不可能都是坦途，它的上面有时布满了荆棘。 @视觉中国,['未来', '挑战', '成长', '人生', '奋斗']
I01420060,关于宇宙的奇思妙想小说,http://wallpaper.cdn.pandora.xiaomi.com/thumbnail/webp/w1350/MiTv/0020d647883eb4f5fa420704e68f839b6dfa2fc8b,CC00000005,阅读,《沙丘》是一部描绘未来宇宙的奇幻小说，讲述了一个发生在沙漠星球阿拉吉斯的故事。在这个星球上，人们为了争夺一种名为“香料”的珍贵资源，展开了一场激烈的权力斗争。小说中，赫伯特创造了一个充满异域风情的沙漠世界，以及各种神秘的政治势力。@锐景,['魅力', '宇宙', '行星', '昏暗']
