I01179720,有一亿人在假装健身？,http://wallpaper.cdn.pandora.xiaomi.com/thumbnail/webp/w1080/MiTv/0fd1fe45b1e4f4d3d2fd49e4998e43e3864fc3645,CC00000008,体育,在竞争激烈的职场，保持好身材和好的精神面貌，是提升职业形象的不二法门。值得一提的是，30.1%的白领去健身房是为了交朋友。而如今，健身房社交俨然成为线下社交的新趋势。@视觉中国
,['健身', '健身房', '锻炼']
I01179715,有一亿人在假装健身？,http://wallpaper.cdn.pandora.xiaomi.com/thumbnail/webp/w1080/MiTv/0a503a49c0d6c43df010b16909cc68f4df136825b,CC00000008,体育,有人说，“健身是白领们无声的广场舞”。不过，据《2019运动消费趋势报告》和公开数据测算，有1亿人在假装健身——买了运动装备却很少运动，办了健身卡却很少去健身。@视觉中国
,['光线', '健身', '跑步', '锻炼']
I01281029,冰雪世界的“天选之女”,http://wallpaper.cdn.pandora.xiaomi.com/thumbnail/webp/w1350/MiTv/0b5a33693d5e0418783c39da27f115ea8de250873,CC00000008,体育,谷爱凌，这位00后的天才少女，有着与生俱来的滑雪天赋。3岁开始学滑雪，4岁开始粉雪、猫跳，8岁进入滑雪队，10岁起拿遍了全美13岁以下年龄组大赛的冠军。用网友们的话来说：“这就是开了挂的人生！”@视觉中国,['滑雪', '奥运会', '冬奥会', '谷爱凌']
I01051541,世界杯举办城市喀山,http://wallpaper.cdn.pandora.xiaomi.com/thumbnail/webp/w1080/MiTv/05414444dd786e7ad1175ccbab043003e9340ed71,CC00000008,体育,喀山位于欧洲最长的河流伏尔加河中游左岸，作为俄罗斯中部的文化名城，城中的克里姆林宫遗址群是一处华丽的建筑群遗址。在喀山，既有欧洲风格的教堂、亚洲格调的喇嘛庙，也有阿拉伯的清真寺。@视觉中国,['清真寺', '俄罗斯', '喀山', '美景']
I01286191,出道即巅峰的现役球员,http://wallpaper.cdn.pandora.xiaomi.com/thumbnail/webp/w1350/MiTv/057923bda3eb6433c8aa501202bd2de90bfc89c8e,CC00000008,体育,保罗是05年最棒的球员，在新赛季第一年就拿到了16.1分7.8助攻2.24次抢断的优秀数据，并籍此拿到了新秀赛季的最佳新秀奖！那一年的状元是博古特，榜眼是马文威廉姆斯而探花则是号称保罗克星的德隆威廉姆斯！@图虫创意,['菲尼克斯太阳', '太阳', '克里斯·保罗']
I01218012,紧张刺激的极限运动,http://wallpaper.cdn.pandora.xiaomi.com/thumbnail/webp/w1080/MiTv/0934f248c459c400a3534d59717f5cfc17c4cbee5,CC00000008,体育,悬崖跳水是一种新兴的极限运动。著名的奥地利运动饮料公司——红牛，甚至每年都会在世界各地举办“悬崖跳水”比赛。@图虫创意,['极限运动', '悬崖', '跳水']
I01218043,关于潜水的那些事儿,http://wallpaper.cdn.pandora.xiaomi.com/thumbnail/webp/w1080/MiTv/0493d44c7f85a6500c94bf39744bc942272416c03,CC00000008,体育,无声的水下世界，潜伴们总有各种方式进行沟通，或许是通过做手势，亦或是使用手电筒。哪怕只是一个眼神，一个小动作，你就能马上察觉到潜伴的不对劲。潜伴之间的信任是牢不可破的，你可以放心的把自己的生命交给他。@好看,['挑战', '潜水', '潜水员', '勇敢']
I01207804,“高空跳伞”是什么样的体验?,http://wallpaper.cdn.pandora.xiaomi.com/thumbnail/webp/w1080/MiTv/0a09b5feed7186d07d8aeb04a1b5c8f33a24063e0,CC00000008,体育,战胜自我的快乐。由最初的不敢挑战，害怕，心中无数个担忧。在开伞后，随之迎面而来的是一种兴奋、激动，再到落地时的成就感，这都是你战胜自我的快乐。@视觉中国,['刺激', '勇敢', '跳伞', '极限运动', '锻炼']
I01182417,开春适合做什么运动项目,http://wallpaper.cdn.pandora.xiaomi.com/thumbnail/webp/w1080/MiTv/0ed1fe55b1e0f4d312fd40e4994e43ee864f03645,CC00000008,体育,每逢佳节胖三斤似乎是一个打不破的咒语。节后减肥要注意不要过度吃粗粮素食，同时选择有一定强度的有氧运动。不追求快速减肥。骑自行车减肥是要根据自己的爱好和锻炼目的来定。@视觉中国,['健身', '骑行', '锻炼', '保健']
I01293882,关于“上天”的那些事儿,http://wallpaper.cdn.pandora.xiaomi.com/thumbnail/webp/w1350/MiTv/018f41d871fee4a03989d0162496606225c542561,CC00000008,体育,从过山车、滑雪，再到滑翔、跳高，人们对户外运动的需求不断升级，究其原因，一方面随着人们生活水平的不断提高，对精神层面的追求也不断提升，越来越多的人希望通过极限运动探寻生命的意义，获得感官刺激，找到人生的乐趣。@有料,['刺激', '有趣', '极限运动', '放松', '滑翔伞', '旅游']
I01281030,冰雪世界的“天选之女”,http://wallpaper.cdn.pandora.xiaomi.com/thumbnail/webp/w1350/MiTv/0cc879d20fc8b44adab7436b6b51cfd3034a4fbf1,CC00000008,体育,在生活里的谷爱凌则是完美诠释了00后自由、爱玩的天性。与许多专注训练、比赛的运动员不一样，谷爱凌在滑雪之外，有着广泛的兴趣爱好，喜欢尝试各种新鲜事物。@视觉中国,['滑雪', '奥运会', '冬奥会', '谷爱凌']
I01215687,为何这么多人为之疯狂,http://wallpaper.cdn.pandora.xiaomi.com/thumbnail/webp/w1080/MiTv/0492c95ae66e840d81642bc5e87f5ef76316d1849,CC00000008,体育,“当我骑上它，它会帮助我跟风比赛。我趴低，减轻风阻，往前飚，结果我赢了风。”这是刘德华主演的电影《烈火战车》中的经典台词。华仔骑着这台本田NSR250，意气风发。虽然这台车排量只有250cc，但最高时速却能达到260公里。@好看,['激情', '摩托车', '赛道', '速度感']
I01195873,足坛任意球大师,http://wallpaper.cdn.pandora.xiaomi.com/thumbnail/webp/w1080/MiTv/08d63d5594ec64bc30335ba2b33c11ae6b3a67b88,CC00000008,体育,梅西的任意球，30米之内在历史上都可以排到非常靠前的位置，尤其是2015年之后更可以称得上是炉火纯青。他的任意球风格，则更加接近贝克汉姆，米哈伊洛维奇，或者是济科式的经典弧线球踢法。@视觉中国,['西甲', '梅西', '巴萨', '巴塞罗那俱乐部']
I01294902,风靡全球的水上运动,http://wallpaper.cdn.pandora.xiaomi.com/thumbnail/webp/w1350/MiTv/07610d21c6690433d84c95cdda5e20b73f2ca4fde,CC00000008,体育,冲浪者一般可以使用狭长的马力布板，或较短的腹板，甚至在不用板的情况下将两臂高举过头全身挺直进行冲浪。冲浪爱好者可以立于冲浪板上或直接踏水，靠奔向岸边的海浪托起而浮于水面。@站酷海洛,['浪花', '冲浪', '勇敢', '户外运动']
I01202594,你适合玩什么极限运动？,http://wallpaper.cdn.pandora.xiaomi.com/thumbnail/webp/w1080/MiTv/0ae5b84628aeb42df36fddaf3d423a7bc028aaf3c,CC00000008,体育,循序渐进的金牛座，可选择一些能培养出自己嗜好的运动，如漂流等有氧运动量较大的极限运动。@有料,['刺激', '酷炫', '运动服', '峡谷', '极限运动', '皮划艇', '运动感', '锻炼', '星座', '漂流', '金牛座', '户外运动']
I01296356,飞盘为何突然“出圈”,http://wallpaper.cdn.pandora.xiaomi.com/thumbnail/webp/w1350/MiTv/052522245b9f8433eb8e8ee3daf8843bb69c376ef,CC00000008,体育,飞盘运动有多火？它被小红书APP列入《2022年十大生活趋势》报告中，根据社交软件小红书提供的数据，2021年飞盘相关内容的发布量同比增长了6倍。@视觉中国,['清新自然', '锻炼', '好奇']
I01215689,为何这么多人为之疯狂,http://wallpaper.cdn.pandora.xiaomi.com/thumbnail/webp/w1080/MiTv/083e5479c9b1a35436b1cc554b646c043bc41f8c1,CC00000008,体育,骑摩托车也是一种生活方式，我们可以享受自由带来的精神快感。忽快忽慢，才是骑车的真谛。适当的时候稍快一些，感受速度和激情。必要的时候慢一些，看看道路两侧的崇山峻岭，听听风声鸟语，而不是只有引擎咆哮。@好看,['公路', '激情', '摩托车', '速度感']
I01242027,科比辉煌的职业生涯,http://wallpaper.cdn.pandora.xiaomi.com/thumbnail/webp/w1080/MiTv/0bdd8437f8a2878ff12769021f79dac60c042316b,CC00000008,体育,1996年选秀大会中被黄蜂在第13顺位摘下后就被交易到湖人，而科比在自己20年的职业生涯都在为湖人效力。@图虫创意,['科比·布莱恩特', '湖人队']
I01284395,NBA单挑最强的球星,http://wallpaper.cdn.pandora.xiaomi.com/thumbnail/webp/w1350/MiTv/0fbfca95b850240659443b32dbfb7d3e7097a9319,CC00000008,体育,在单挑时，詹姆斯不需要太多的晃动，只要对手站位出现错误，詹姆斯就能够一个加速带着对手上篮。带人上篮也是詹姆斯的一个招牌动作，强大的身体让他有别人无法弥补的优势。@图虫创意,['勒布朗', '勒布朗·詹姆斯', '湖人队']
I01236661,爷青回！梅罗巅峰对决终上演,http://wallpaper.cdn.pandora.xiaomi.com/thumbnail/webp/w1080/MiTv/0d84bd5d9a42648af29d5f64ac90eb7dc7977ed05,CC00000008,体育,时隔两年半，终于又看到了C罗与梅西的巅峰对决！在比赛进行到下半场，梅西过掉了尤文防守球员，这个时候很有威胁，C罗马上出现在梅西的面前，将球断了下来，之后梅西马上进行原地反抢。这样的画面注定成为经典，成为永恒，成为球迷心中永远的记忆！@图虫创意,['欧冠', 'C罗', '克里斯蒂亚诺·罗纳尔多', '梅西', '巴萨', '巴塞罗那俱乐部', '尤文图斯', '明星']
I01170895,身心的合一,http://wallpaper.cdn.pandora.xiaomi.com/thumbnail/webp/w1080/MiTv/099605793e29ffe5e82c9d5488ea8a8254d41918c,CC00000008,体育,瑜伽是学会控制意识的转变让心灵在涓涓细流般抚慰人心的瑜伽语音中休息，涤净所有的压力，烦恼和焦虑。@视觉中国,['健身', '瑜伽', '身材', '锻炼']
I01182550,脂肪肝最怕3个运动,http://wallpaper.cdn.pandora.xiaomi.com/thumbnail/webp/w1080/MiTv/0e4b9479440f2726e7e181b3959a87d7ac641b621,CC00000008,体育,游泳是一种有氧运动，能有效锻炼心肺功能，实验证明人在标准游泳池中游泳20分钟所消耗的热量，相当于同样速度在陆地上的1小时，所以对于控制体重，治疗脂肪肝大有帮助。@视觉中国,['减肥', '游泳', '健身', '锻炼', '脂肪']
I01249467,惊心动魄的极限纵横,http://wallpaper.cdn.pandora.xiaomi.com/thumbnail/webp/w1350/MiTv/08c31ebe6665c45f99163c368453d6160276833d6,CC00000008,体育,越野摩托车，也称为非道路两轮摩托车，最早出现在1906年的“动力机车俱乐部”的第一场比赛中，即便这是以速度取胜的比赛，但比赛状态依然充满原始的色彩，故人们把早期的越野摩托运动称作“古老的争夺赛”。@视觉中国,['摩托车', '摩托', '极限运动', '越野', '沙地', '小米精选', '口碑壁纸']
I01287086,带你领略勇敢者的运动,http://wallpaper.cdn.pandora.xiaomi.com/thumbnail/webp/w1350/MiTv/09187004639f342148e33902bb96338f68fa343fe,CC00000008,体育,跳伞作为一项偏娱乐化的极限运动，已经有越来越多的人开始尝试这项运动，对于热爱冒险的人来说，跳伞是最能舒缓心情的运动，但对于高空恐惧者而言，跳伞是一项让人十分害怕的运动。@锐景,['大气', '魅力', '刺激', '跳伞', '高空']
I01184774,宅在家里的运动,http://wallpaper.cdn.pandora.xiaomi.com/thumbnail/webp/w1080/MiTv/00f2f04cef48a428d27375d2150da91995c7125ef,CC00000008,体育,平板支撑每次坚持50-60秒，做3次。俯卧，双肘弯曲支撑在地面上，肩膀和肘关节垂直于地面，双脚踩地，身体离开地面，躯干伸直，头部、肩部、胯部和踝部保持在同一平面，腹肌收紧，盆底肌收紧，脊椎延长，眼睛看向地面，保持均匀呼吸。@视觉中国,['健身', '锻炼', '居家']
I01248619,足坛双骄时代结束了？,http://wallpaper.cdn.pandora.xiaomi.com/thumbnail/webp/w1350/MiTv/0b9f61d0e2bfa49fea9075ce877dfaf5898385f93,CC00000008,体育,自2004-05赛季以来，梅西和C罗首次双双无缘欧冠16强。相反22岁的姆巴佩以及20岁的哈兰德，两位年轻的新星用耀眼的表现征服了赛场。不禁有人感慨：梅罗时代真的结束了？@视觉中国,['C罗', '激情', '克里斯蒂亚诺·罗纳尔多', '尤文图斯']
I01171355,家门口就能燃烧卡路里,http://wallpaper.cdn.pandora.xiaomi.com/thumbnail/webp/w1080/MiTv/0b960c593d2ff4e5412c9a54816a8883579eae299,CC00000008,体育,跳绳是一项全身性运动，上肢、下肢、躯干需很好地协调才能完成动作，同时全身关节、肌肉、韧带等也都参与其中。@视觉中国,['减肥', '健身', '身材', '跳绳']
I01283987,花滑表演赛“名场面”,http://wallpaper.cdn.pandora.xiaomi.com/thumbnail/webp/w1350/MiTv/031ce0f4c69b14ecb9b63bf9c770501c63846e0f8,CC00000008,体育,羽生结弦选择了《春天来了》作为告别2022北京冬奥会的节目。身着粉白色表演服的羽生结弦在一上场便将观众们带入了春天的美好氛围中。在节目尾声，羽生结弦在标志性的深刃单足滑行之后深情轻吻冰面，展现了这位老将对冰面，对花样滑冰的热爱。@图虫创意,['北京', '冬奥会', '花样滑冰', '羽生结弦']
I01044667,天际滑翔者,http://wallpaper.cdn.pandora.xiaomi.com/thumbnail/webp/w1080/MiTv/0b75e468e2cb50641a5154b3fbfb994c1864070ed,CC00000008,体育,当你飞跃天空，飞跃山脉，飞跃城市之巅，你觉得自己好像天空的鸟儿一样欢快又自在。你可以在有限的时间里去更多你想去的地方，触摸更多的天空，真正的展翅高飞。@图虫创意,['飞翔', '极限运动', '危险', '锻炼', '翼装飞行']
I01371524,传奇球星伊布宣布退役,http://wallpaper.cdn.pandora.xiaomi.com/thumbnail/webp/w1350/MiTv/0bf0ab0f490d54416866ba58d47c9d31893e24532,CC00000008,体育,北京时间6月5日凌晨，AC米兰主场3比1战胜维罗纳。赛后，41岁的米兰前锋伊布宣布退役，伊布在赛后的告别仪式上表示，“是时候和足球说再见了”。@视觉中国,['激动', '锻炼', '兹拉坦·伊布拉西莫维奇', '男明星', 'AC米兰足球俱乐部']
I01285230,你永远可以相信C罗,http://wallpaper.cdn.pandora.xiaomi.com/thumbnail/webp/w1350/MiTv/0a9bc738e03754d18902ea18d7c6ee203da5f723f,CC00000008,体育,北京时间3月13日，英超第29轮，曼联主场3-2联赛双杀热刺。C罗足球生涯共计攻入807粒进球，超越由比坎保持的805球的世界球员历史进球纪录，成为无可争议的足球历史第一射手！@图虫创意,['英超', '曼联', 'C罗', '球星']
I01190270,提升新陈代谢的运动,http://wallpaper.cdn.pandora.xiaomi.com/thumbnail/webp/w1080/MiTv/0be824dd7673fc13c86b19c2cfc5084cd61410e07,CC00000008,体育,弓箭步是人体最基本的动作模式之一，它是一个锻炼股四头肌、臀部肌肉、腿后肌和髋部屈肌的非常厉害的动作。弓箭步容易操作，不需要任何器材，不需要很大的空间，只需利用空闲时间，可以方便进行。@视觉中国,['健身', '深蹲', '锻炼']
I01242045,减肥圈公认的燃脂运动,http://wallpaper.cdn.pandora.xiaomi.com/thumbnail/webp/w1080/MiTv/008d0598ed6db950efc84cfb71b3779e8a2434c98,CC00000008,体育,游泳，要说最减肥的运动，还要数游泳。水中的传热性是空气的28倍，所以在水中呆在我们会消耗掉更多的热量。游泳30分钟，大约会消耗400多卡，燃脂的效率非常的高。在众多运动中，游泳消耗的热量不仅高，还比较好坚持。@站酷海洛,['游泳', '健身', '锻炼']
I01178150,退役的足球明星你还记得吗？,http://wallpaper.cdn.pandora.xiaomi.com/thumbnail/webp/w1080/MiTv/0e6a159adf6c098164722f17d836fe372af40454c,CC00000008,体育,1992年，贝克汉姆在曼联一线队完成了自己的处子秀，在联赛杯对阵布莱顿队的比赛中，他替补登场。贝克汉姆在1995年4月2日迎来了个人英超处子秀，随后，他逐渐成长为曼联的一名核心球员。@视觉中国,['贝克汉姆', '锻炼', '明星']
I01261213,玩转Bike Fitting,http://wallpaper.cdn.pandora.xiaomi.com/thumbnail/webp/w1350/MiTv/0b7c15d393ed4491ca447298f313d1c4243319838,CC00000008,体育,什么是Bike Fitting？虽然fitting的概念进入中国已经多年，但似乎还没有一个固定的中文名词解释。简单解释fitting，其实就是如何对自行车做些尺寸调整，以让车手骑行更舒适。@视觉中国,['自行车', '摩托车', '山地自行车', '健身', '实用技巧', '小米精选']
I01184990,运动吧！少年,http://wallpaper.cdn.pandora.xiaomi.com/thumbnail/webp/w1080/MiTv/01f2f05cef40a428027378d2159da91495c7d25ef,CC00000008,体育,跳舞是一项很棒的运动，对你的心脏有益。不仅如此，跳舞还能振奋你的精神，让你身心都愉快起来。@视觉中国,['健身', '跳舞', '锻炼']
I01212565,“海浪”拍了拍你,http://wallpaper.cdn.pandora.xiaomi.com/thumbnail/webp/w1080/MiTv/0481450eed6bf9544cd192d43534919b9fd403213,CC00000008,体育,民大威群岛位于印度尼西亚的苏门答腊岛西面，这里有四个主要的大岛和数不清的小岛，形成了很多适合冲浪的海岸。南印度洋的各个洋流在这里交汇，使得这里的海浪具有很强的持续性，不管刮什么风，在这里都肯定有地方可以冲浪，而且还有6－10米的大浪。@有料,['刺激', '海浪', '岛屿', '冲浪', '冲浪板', '海岛', '印度尼西亚', '惊险', '大海湖泊', '冒险', '锻炼']
I01180532,冬季怎么健身,http://wallpaper.cdn.pandora.xiaomi.com/thumbnail/webp/w1080/MiTv/0b5034f9c8d1ca3d3610b569058c6ef2df040598a,CC00000008,体育,冬季健身要提高锻炼的强度和力度，增加动作的组数和次数，同时增加有氧锻炼的内容，相应延长锻炼时间，用以改善机能，发展专项素质，消耗体脂，防止脂肪过多堆积。@视觉中国,['冬天', '健身', '锻炼']
I01196861,瑜伽比健身要更好？,http://wallpaper.cdn.pandora.xiaomi.com/thumbnail/webp/w1080/MiTv/009854c4364ae4d9dc0f6a3176591e433ca435a25,CC00000008,体育,瑜伽能够使褪黑激素增加，同时亦能改善焦虑、抑郁、压力和慢性疼痛等症状，而这些通通是影响睡眠质素的因素。@视觉中国,['优美', '室外', '健身', '瑜伽', '锻炼', '科普', '人物图', '美景']
I01207802,“高空跳伞”是什么样的体验?,http://wallpaper.cdn.pandora.xiaomi.com/thumbnail/webp/w1080/MiTv/0b060247f8ee44b222ffea1d0c12dde24decd0cf7,CC00000008,体育,战胜恐惧。高空跳伞本身就是一项很酷炫的运动，也是最锻炼人的一项运动，想要体验这项运动，首先你需要战胜自己的心里恐惧。当你克服恐惧，在直升机上，从几千米的高空跳下的那一瞬间，你就是战胜了自己的内心恐惧。@视觉中国,['飞机', '刺激', '跳伞', '极限运动']
I01286194,出道即巅峰的现役球员,http://wallpaper.cdn.pandora.xiaomi.com/thumbnail/webp/w1350/MiTv/01ed722d9cb09407f97b01e41af232d41ca30e38f,CC00000008,体育,凯文·杜兰特，2007年以第二顺位被超音速队选中，新秀赛季杜兰特便成为超音速队球员，作为基石球员培养，场均出战34.6分钟，得到20.3分4.3篮板2.4助攻。获得最佳新秀，第一阵容。@图虫创意,['杜兰特', '布鲁克林篮网队', '篮网']
I01152611,追寻世界级的冲浪天堂,http://wallpaper.cdn.pandora.xiaomi.com/thumbnail/webp/w1080/MiTv/00f1e49b10cd6e0429f496f8de2fa1d534042f456,CC00000008,体育,印尼巴厘岛其实是全世界海浪稳定性最高的地方。因此，它被称为“世界级的冲浪天堂”，也成为中国人的冲浪聚集地。@图虫创意,['巴厘岛', '冲浪', '有趣', '锻炼']
I01254615,乘风而动 破浪而行,http://wallpaper.cdn.pandora.xiaomi.com/thumbnail/webp/w1350/MiTv/05a7e71d17d07424780730f1f6a46859cf2d64b6f,CC00000008,体育,冲浪能让人忘却烦恼，体验一次次与海浪的搏击，享受驰骋在海浪上的快感。许多人都在寻找一处完美的冲浪胜地，只为完成与海浪的完美追逐！@视觉中国,['海浪', '浪花', '冲浪', '小米精选', '口碑壁纸']
I01154508,低调之神克洛泽,http://wallpaper.cdn.pandora.xiaomi.com/thumbnail/webp/w1080/MiTv/0ff1e65b10cb640432f49af8d41fa5d139d2725f0,CC00000008,体育,2002年世界杯，初出茅庐的克罗泽感觉只会头球，脚下能力有限。但后来慢慢他转变成全能型前锋，36岁时用16球的成绩荣膺世界杯历史射手王，可称绝对的励志典范。@视觉中国,['南非', '南非世界杯', '庆祝', '胜利', '米洛斯拉夫·克洛泽', '德国队', '英格兰队']
I01171087,动感塑形,http://wallpaper.cdn.pandora.xiaomi.com/thumbnail/webp/w1080/MiTv/02725d41f7a2a4c261ea29abe86e8c400105163ec,CC00000008,体育,骑动感单车是一种通过连续不断和反复多次的活动，长期保持一定强度骑行动感单车，有助于提高心肺功能。@视觉中国,['减肥', '健身', '锻炼', '单车']
I01292844,如何在夏季健康玩“水”,http://wallpaper.cdn.pandora.xiaomi.com/thumbnail/webp/w1350/MiTv/00ad1ddc78f994d49af729fef9f0ff37186245158,CC00000008,体育,帆船运动是一项有着悠久历史的水上运动项目，不仅可以在夏季乘风纳凉，享受激情澎湃的海洋，还可以适当的锻炼身体，在“露肉季”燃烧你的脂肪。@有料,['优美', '清新自然', '帆船', '锻炼', '热血', '航行', '探索']
I01273945,NBA球星的庆祝动作,http://wallpaper.cdn.pandora.xiaomi.com/thumbnail/webp/w1350/MiTv/019824415e99f46e785216c721515f231553d7fa7,CC00000008,体育,命中三分，然后伸出三根手指往太阳穴戳三下，是甜瓜的招牌庆祝动作。可以说，这一个动作既有中二色彩，又有热血社会魂。@图虫创意,['安东尼', '卡梅隆·安东尼', '甜瓜']
I01202705,夏天这样健身=伤身,http://wallpaper.cdn.pandora.xiaomi.com/thumbnail/webp/w1080/MiTv/040ecf4d96d104ef215888bf5bef0cdc9ef96bde2,CC00000008,体育,喝冰冻饮料：健身后身体会向肌肉与体表集中供血，以缓解训练带来的身体不适，而身体消化系统则处于贫血状态。此时吃冷饮或冰冻饮料会使胃部受到强烈刺激，轻者会食欲减退，重者会导致急性胃炎。@海洛创意,['活力', '运动服', '健身', '哑铃', '锻炼', '器械']
I01323922,最伟大的世界杯巨星,http://wallpaper.cdn.pandora.xiaomi.com/thumbnail/webp/w1350/MiTv/093e1de78a8e14a43a64f0c7148187b72674decd6,CC00000008,体育,2014年巴西世界杯，克洛泽再次为德国打入2个进球，世界杯总进球数16粒，超越大罗成为世界杯历史上进球最多的球员，并且帮助德国捧起了久违的大力神杯。@视觉中国,['特写', '世界杯', '伟大', '克洛泽', '男明星']
I01286193,出道即巅峰的现役球员,http://wallpaper.cdn.pandora.xiaomi.com/thumbnail/webp/w1350/MiTv/03b616920063746a0859c9f1d0446830ee8354559,CC00000008,体育,2012年，U13巡回赛罗马站，东契奇砍下54分+11篮板+10助攻的大号三双，拿到MVP，同年，皇马看中了东契奇身上巨大的潜力，向东契奇抛出橄榄枝，并签下五年的合同。@图虫创意,['独行侠', '卢卡·东契奇']
I01234713,球王马拉多纳的高光时刻,http://wallpaper.cdn.pandora.xiaomi.com/thumbnail/webp/w1080/MiTv/0e84bd4d9a45648a429d5b64aca0eb74c7977ed05,CC00000008,体育,连过五人：在墨西哥世界杯对阵英格兰的1/4决赛，马拉多纳结束了“上帝之手”的表演，很快就向世人展示了自己神乎其神的球技。当时，马拉多纳从中场持球，连续摆脱，在接连晃过5名英格兰球员后，已经奔袭了大半个球场的他，再度攻破对手大门。@视觉中国,['阿根廷', '世界杯', '马拉多纳']
I01249469,惊心动魄的极限纵横,http://wallpaper.cdn.pandora.xiaomi.com/thumbnail/webp/w1350/MiTv/023f08025b8294ee1925382b0c9659f447ea9a334,CC00000008,体育,高空跳伞本身就是一项很酷炫的运动，也是最锻炼人的一项运动，想要体验这项运动，首先你需要战胜自己的心里恐惧。当你克服恐惧，在直升机上，从几千米的高空跳下的那一瞬间，你就是战胜了自己的内心恐惧。@视觉中国,['挑战', '跳伞', '极限运动', '小米精选', '口碑壁纸']
I01259570,了不起的C罗,http://wallpaper.cdn.pandora.xiaomi.com/thumbnail/webp/w1350/MiTv/0b4be8c00686f4e10bd1ce47f8108c952d65543fb,CC00000008,体育,据官方数据统计，这是C罗职业生涯的第59个帽子戏法，单凭帽子戏法C罗就打进过177个进球。C罗第257次打入制胜球，继续刷新自己保持的这一纪录。@视觉中国,['C罗', '克里斯蒂亚诺·罗纳尔多', '小米精选']
I01371981,梅西的欧冠之路,http://wallpaper.cdn.pandora.xiaomi.com/thumbnail/webp/w1350/MiTv/08561d46429c34b268d97b5f62d83cf36d24b1bec,CC00000008,体育,梅西还用数据告诉大家，自己还可以贡献进球之外的更多能量，比如助攻姆巴佩让大巴黎实现比分上的反超，这是梅西大巴黎生涯的第一个欧冠助攻。@图虫创意,['威猛', '梅西', '和善']
I01242095,穿3号的球星们,http://wallpaper.cdn.pandora.xiaomi.com/thumbnail/webp/w1080/MiTv/0fc8958ece1f97639a9e3871b383f74cd37415d1b,CC00000008,体育,艾佛森，艾弗森是96一代的状元秀，他和可以一样代表了一个时代，职业生涯最大的遗憾就是没能拿下总冠军，职业生涯场均可以拿下27+5+7的数据。@图虫创意,['艾弗森']
I01371989,游泳好处非常多,http://wallpaper.cdn.pandora.xiaomi.com/thumbnail/webp/w1350/MiTv/0e2108e9a0045484aa3318a2f34e9f5ff6bfca064,CC00000008,体育,水中运动减少了地面运动时对关节的冲击力，降低了骨骼的劳损几率，使骨关节不易变形，形体保持更加完美。@视觉中国,['清新自然', '游泳', '知识', '锻炼', '好奇']
I01215693,勇敢者游戏,http://wallpaper.cdn.pandora.xiaomi.com/thumbnail/webp/w1080/MiTv/033e5149ccb9a45421b1ce5548646c0a3713764f8,CC00000008,体育,冲浪是一项古老又时尚的运动，它起源于美国夏威夷，1960年后传到亚洲。当人们踏上海浪的那一刻，就忘却了烦恼，只想一次次去与海浪搏击，体验驰骋在海浪上的快感。许多人走遍世界，就为寻找到一处最完美的冲浪胜地，完成一次与海浪的完美邂逅。@好看,['刺激', '冲浪', '大海湖泊', '冒险', '青年']
I01207803,“高空跳伞”是什么样的体验?,http://wallpaper.cdn.pandora.xiaomi.com/thumbnail/webp/w1080/MiTv/0a09b5feed7184d0758aea04a9b5c6f33724063e0,CC00000008,体育,挑战刺激。跳伞是一项“勇敢者的运动”，当你从高空跳落，被风托浮着，当你面对茫茫大地，不时有云从飞机下穿过时，你的心情是无比的激动。在平静的生活里，你需要体验一些刺激的运动来点缀生活。@视觉中国,['刺激', '勇敢', '跳伞', '极限运动', '极限']
I01242730,新手滑雪必备攻略,http://wallpaper.cdn.pandora.xiaomi.com/thumbnail/webp/w1080/MiTv/0935f64d0e66443412548d21430bec1a7fc6259f7,CC00000008,体育,学会正确的摔倒姿势可以尽量避免受伤。摔倒时，记住要往左后或右后方坐下，绝对不可以往正后方坐下，因为往正后方臀部无法坐到地面，很容易受伤。@视觉中国,['滑雪板', '滑雪', '冬天', '滑雪爱好者']
I01285155,历史第一人詹姆斯,http://wallpaper.cdn.pandora.xiaomi.com/thumbnail/webp/w1350/MiTv/0b44d1002fa414e909e70e07e5ddbf2db73fb7911,CC00000008,体育,北京时间3月14日，湖人客场对太阳一战的第二节，詹姆斯助攻安东尼得分，这是他本场个人第2次助攻，生涯总助攻数达到10000次，从而完成了一项此前没有人做到过的神迹：30000分+10000篮板+10000助攻。@图虫创意,['詹姆斯', '湖人', '湖人队']
I01259571,了不起的C罗,http://wallpaper.cdn.pandora.xiaomi.com/thumbnail/webp/w1350/MiTv/0f8e6c3a5bcc34beab47fffd599b3ff9d463a8256,CC00000008,体育,2022年3月13日凌晨，C罗在英超曼联与热刺的比赛中，用一个帽子戏法帮助曼联3比2战胜对手。本场比赛后，C罗职业生涯进球数达到807球，超越足球名宿比坎，成为足球历史上职业生涯进球最多的球员。@视觉中国,['C罗', '克里斯蒂亚诺·罗纳尔多', '罗纳尔多']
I01215688,为何这么多人为之疯狂,http://wallpaper.cdn.pandora.xiaomi.com/thumbnail/webp/w1080/MiTv/0c93d34c7285a4500194be397c1bc04a245034264,CC00000008,体育,骑摩托车旅游和其他的方式完全不同。坐在汽车里，你只能被局限在一个小空间之内，你只是个被动的观众，无法真正地感受风景。而摩托车，没有车窗玻璃阻挡你的视野，你就处在景致之中，而不再是观众，你能感受到那种身临其境的震撼。@好看,['草坪', '公路', '激情', '摩托车', '速度感']
I01270852,NBA中的神投手,http://wallpaper.cdn.pandora.xiaomi.com/thumbnail/webp/w1350/MiTv/07ea58554275e4764bc578e0d6bb0c8823b63e2f8,CC00000008,体育,截至本赛季，库里已经连续130场比赛都命中三分球，他继续保持着并且刷新着自己的历史第二长的纪录，不过，NBA历史第一长的纪录还是库里创造的连续157场都有三分进账。@图虫创意,['投篮', '金州勇士', '斯蒂芬·库里']
I01101076,林书豪 篮球从未停歇,http://wallpaper.cdn.pandora.xiaomi.com/thumbnail/webp/w1080/MiTv/03e83c5991eb345652c0ccce45ff59469c8d89dff,CC00000008,体育,不管如何，林书豪生涯走到此刻早已突破众人眼镜，生涯虽然没有再度复制林疯狂时的光芒万丈，可是他从没松懈，时刻保持进步的步调，完全没有停下脚步的意思。@视觉中国,['林书豪']
I01323915,世界杯各项纪录盘点,http://wallpaper.cdn.pandora.xiaomi.com/thumbnail/webp/w1350/MiTv/0a248d7441dc8418ca576752f5e9eef09f159c529,CC00000008,体育,自1930年的首届世界杯，到本次卡塔尔的第22届世界杯，巴西队参加了全部22次世界杯，是唯一一支没有缺席过任何一届世界杯的国家，“足球王国”名副其实。@视觉中国,['内马尔', '巴西队']
I01195871,足坛任意球大师,http://wallpaper.cdn.pandora.xiaomi.com/thumbnail/webp/w1080/MiTv/08d635b59ce362bca2335aa2bb7c17ab6c440831d,CC00000008,体育,贝克汉姆的罚球方式独树一帜，为了更强调皮球的速度和弧线的提拉程度，他必须尽力扭转全身，在与皮球几乎成零度角的位置用内脚背侧向触球，从而提高皮球的旋转度。@视觉中国,['贝克汉姆', '英格兰队', '任意球']
I01275324,花式摩托车的不同特点,http://wallpaper.cdn.pandora.xiaomi.com/thumbnail/webp/w1350/MiTv/032ac75fbd2e742e0b9afc796540ab635846a9f86,CC00000008,体育,越野摩托是摩托车中比较“异类”的存在，它采用了摩托车科技中最轻便的材料，力求做到重量最低。为了能够提高人们的驾驶舒适度，它还配备了比较高级别的减震系统，因此受到人们的喜爱，越野摩托是所有摩托车种类中价格较高的一种。@锐景,['刺激', '荒野', '摩托车', '越野', '摩托车极限花样表演']
I01249470,惊心动魄的极限纵横,http://wallpaper.cdn.pandora.xiaomi.com/thumbnail/webp/w1350/MiTv/03704f19db85d4ed6bb003bba0b330fc4588f0166,CC00000008,体育,滑雪并不是一项“有门槛”的运动。最早的滑雪运动出现在斯堪的纳维亚地区，那里的居民为了防止自己陷入积雪中，就用带子将木板绑在脚上。不同于登山徒步等运动有具体的年龄限制，滑雪对于体能的宽容性非常大，本质只要身体健康的人们都可以尝试。@视觉中国,['滑雪', '滑雪爱好者', '滑雪场', '极限', '小米精选', '口碑壁纸']
I01194976,你不了解的极限运动,http://wallpaper.cdn.pandora.xiaomi.com/thumbnail/webp/w1080/MiTv/0b9fe4e6d04ef7f5ba306c7822dbb302c2842c3bd,CC00000008,体育,对于喜爱户外探险驾驶的朋友来说，全地形车自然是体验越野乐趣的良方，它比大型探险摩托车更好驾驭，只要会开汽车，稍加适应就能轻松掌控。@图虫创意,['刺激', '极限运动', '越野', '全地形车']
I01192122,勇敢者的运动,http://wallpaper.cdn.pandora.xiaomi.com/thumbnail/webp/w1080/MiTv/079fed46d844f4f5b2306178238bbb05ceebbd2cb,CC00000008,体育,高空跳伞以其自身的惊险和挑战性，被运动届誉为“勇敢者的运动”。跳伞运动从前不够普及，如今却已被许多人列入自己的 “遗愿清单 ”。@图虫创意,['刺激', '勇敢', '跳伞', '极限运动', '高空']
I01258357,盘点欧洲杯中的冷门赛事,http://wallpaper.cdn.pandora.xiaomi.com/thumbnail/webp/w1350/MiTv/0bb707acc8b814a8ba087fe7e1ea0ffe4a5f446a5,CC00000008,体育,拉脱维亚，一个历史上几度被强邻征服的波罗地海小国，却在2004年欧洲杯中闯进了决赛圈，而且逼平夺冠热门德国队，爆出了当时的一大冷门，虽然在小组最后一战中被荷兰人三球击败，但也创下了拉脱维亚队的最好成绩。@视觉中国,['欧洲杯', '施魏因施泰格', '德国队']
I01105358,尤文军团下的C罗,http://wallpaper.cdn.pandora.xiaomi.com/thumbnail/webp/w1080/MiTv/031d8955846ff481f22bea006ccde23c105693611,CC00000008,体育,“只有疯子才会认为C罗不是一名伟大的球员”，作为力主签入葡萄牙人的决策者之一,刚刚就任尤文总经理的帕拉迪奇又一次为C罗送上了溢美之辞。当C罗以9球登顶意甲射手榜的时候，恐怕再挑剔的尤文球迷也无法质疑葡萄牙人了。@视觉中国,['C罗', '尤文图斯']
I01182413,开春适合做什么运动项目,http://wallpaper.cdn.pandora.xiaomi.com/thumbnail/webp/w1080/MiTv/060005e08ae6585f0546b685195d454c57d409b16,CC00000008,体育,春天选择到户外运动是最好的健身方式，不仅可以增强机体免疫力，还能缓解冬季的压抑心情。到外面的世界走一走，爬爬山，能沐浴新鲜空气，有益身心。也能将春节期间涨上来的脂肪减少一些。@视觉中国,['春天', '健身', '锻炼', '保健', '爬山']
I01215699,城市酷炫“暴风疾走”,http://wallpaper.cdn.pandora.xiaomi.com/thumbnail/webp/w1080/MiTv/0b93d34c7287a4508194b9397cdbc045245004264,CC00000008,体育,“跑酷”是从Parkour音译而来，也被称作“城市疾走”。这一词来自法文，直译是“到处跑”，延伸含义为“超越障碍训练场”。在国外，跑酷非常流行且成熟，甚至早已被运用到电影中，在《暴力十三区》中，大卫·贝尔被追逐的一场戏堪称跑酷之经典。@好看,['长桥', '跑酷', '动感', '速度感', '青年', '小米精选']
I01101674,足球王子C罗,http://wallpaper.cdn.pandora.xiaomi.com/thumbnail/webp/w1080/MiTv/0c8005ebd4c5ab38c55a586e8b63a9690f34272dd,CC00000008,体育,我是一个多愁善感的人，我每次获得成功上台领奖的时候，我脑海里都会浮现出我父亲的身影，我想告诉他，爸爸我成功了，你知道吗？——C罗@视觉中国,['C罗']
I01284396,NBA单挑最强的球星,http://wallpaper.cdn.pandora.xiaomi.com/thumbnail/webp/w1350/MiTv/079a0e7e6244547cb8ba2e90bf28dd378f84aaa98,CC00000008,体育,欧文的运球很有迷惑性，能够骗到对手，而当对手上当后，欧文就能够过掉对手，完成上篮。而当突破这条路走不通时，欧文还能被背打，还能够急停跳投。欧文会太多进攻招数了，这让他在单挑中有很多选择。@图虫创意,['投篮', '布鲁克林篮网队', '欧文', '篮网', '凯里·欧文']
I01202592,你适合玩什么极限运动？,http://wallpaper.cdn.pandora.xiaomi.com/thumbnail/webp/w1080/MiTv/0f9855543a4ce4d9a30f64317a09124f3cade5350,CC00000008,体育,处女座对于自己的体形非常重视，建议处女座的朋友，深海潜水将会使你的身材维持最好的状态。@有料,['刺激', '酷炫', '潜水', '潜水员', '潜水服', '处女座', '极限运动', '潜水器', '大海湖泊', '潜水镜', '潜水表', '锻炼', '星座']
I01196860,瑜伽比健身要更好？,http://wallpaper.cdn.pandora.xiaomi.com/thumbnail/webp/w1080/MiTv/08d634b590e361bca13358a2bc7c1bab6c440831d,CC00000008,体育,瑜伽能够帮助你伸展及雕塑身材，而且不需要任何高难技术、也不需要很强的柔软度就能完成。一天只需要花几分钟的时间练习，你会渐渐地感受到身体有些不同。@视觉中国,['室内', '活力', '健身', '瑜伽', '瑜伽垫', '锻炼', '科普', '人物图']
I01283988,花滑表演赛“名场面”,http://wallpaper.cdn.pandora.xiaomi.com/thumbnail/webp/w1350/MiTv/0258c099dfab743faae8fe945a2fe1033a232aa68,CC00000008,体育,2月20日，2022北京冬奥会花样滑冰表演滑在首都体育馆举行。“葱桶”组合、羽生结弦等一种名将为观众带来了一场精彩的演出。@图虫创意,['北京', '冬奥会', '花样滑冰', '羽生结弦']
I01042587,如何成为冲浪高手？,http://wallpaper.cdn.pandora.xiaomi.com/thumbnail/webp/w1080/MiTv/0871052f0abe0167721bf83b72d0ad713604253a3,CC00000008,体育,在划水出去之前，先判断一下浪头，或者找一个你很想去冲浪的浪区。直接走向那个浪区，然后返回头在岸上找到一个对应的很容易识别的地标。@视觉中国,['冲浪', '冲浪板', '锻炼']
I01192123,勇敢者的运动,http://wallpaper.cdn.pandora.xiaomi.com/thumbnail/webp/w1080/MiTv/0b9fe4e6d44efbf5b4306d7825dbbb02c6842c3bd,CC00000008,体育,从一万英尺的高空跳落，能体验40秒左右的自由落体和降落伞撑开后将近10分钟的空中翱翔。人们不仅能体验其惊险刺激，更能获得绝佳的视野，感受“真”美到窒息的高空景象。@图虫创意,['刺激', '跳伞', '极限运动', '惊险', '高空']
I01236662,爷青回！梅罗巅峰对决终上演,http://wallpaper.cdn.pandora.xiaomi.com/thumbnail/webp/w1080/MiTv/0fc8948ec21f9e63929e3871b583fa4cd67415d1b,CC00000008,体育,西班牙《马卡报》将梅西和C罗推上了封面，并打出了“就像老时光一样”的大标题。在职业生涯里，两人共35次对决，梅西取得了16胜10平9负的成绩，打入22球，平均每139.9分钟打入1球，而且送出12次助攻。C罗打入19球，平均每155分钟打入1球，送出1次助攻。@图虫创意,['欧冠', 'C罗', '克里斯蒂亚诺·罗纳尔多', '庆祝', '尤文图斯']
I01194977,你不了解的极限运动,http://wallpaper.cdn.pandora.xiaomi.com/thumbnail/webp/w1080/MiTv/0804144dc32c795952a4d81b104ae4f35bc41147b,CC00000008,体育,摩托车极限花样表演简称为FMX，它起源于20世纪80年代。它是以大排量越野摩托车为表演工具，并且结合跳台等辅助器材，在空中完成一系列特技动作的一种运动。@图虫创意,['刺激', '摩托车', '极限运动', '摩托车极限花样表演']
I01375003,奥运会中最危险的项目,http://wallpaper.cdn.pandora.xiaomi.com/thumbnail/webp/w1350/MiTv/069df1d6420dd49fbb1aeaa416e7e36ea3ab5ec51,CC00000008,体育,滑雪大类中的很多项目都极具危险性，其中单板滑雪障碍追逐受伤的人数居于所有项目之首。这个项目中运动员需要在空中完成各种高难度动作，并在雪上高速滑行，极易受伤。@米拍/Matthieu.p,['游泳', '奥运会', '锻炼', '国际奥林匹克日']
I01270746,滑雪需知的雪场礼仪,http://wallpaper.cdn.pandora.xiaomi.com/thumbnail/webp/w1080/MiTv/0b2b10e7ce4f94f60a611278e9085b44dc1342af0,CC00000008,体育,当你在雪场看到有新手玩家正在练习滑雪动作的时候，要尽可能给这类玩家留出充足的空间，时刻保留彼此的安全距离，防止新手玩家因为失误而导致双方受到肉体上的伤害，这样既是对自己负责，也是对他人负责。@锐景,['滑雪', '挑战', '惬意', '竞技', '白雪']
I01253092,勇者的挑战：山地骑行,http://wallpaper.cdn.pandora.xiaomi.com/thumbnail/webp/w1350/MiTv/0ebf59801222d4323b99c1a41aa261c73dd7059e2,CC00000008,体育,山地自行车是一种骑自行车越野的运动，通常是在崎岖的地形上，使用专门设计的山地自行车。这项运动需要耐力、核心力量和平衡、自行车操控技巧和自力更生。@视觉中国,['自行车', '激情', '山地自行车', '极限运动', '小米精选', '口碑壁纸']
I01173541,拉伸运动让线条更完美,http://wallpaper.cdn.pandora.xiaomi.com/thumbnail/webp/w1080/MiTv/05c21d4f795ff4929131c9a0b8fee1c842129eb75,CC00000008,体育,多做拉伸运动，能促进身体的血液循环，美化肌肉的线条，而且有规律的做一些拉伸运动，还能够提高我们身体的柔韧性。@视觉中国,['肌肉', '减肥', '线条', '健身', '身材']
I01337287,姆巴佩的成长之路,http://wallpaper.cdn.pandora.xiaomi.com/thumbnail/webp/w1350/MiTv/0734145d2a5134144abcfb52a388276c1857bf21c,CC00000008,体育,24岁的姆巴佩毫无疑问是当今足坛的巨星球员，“青春”“年少”是他身上最为明显的标签，他更是创造了法国足坛世界杯历史上，年龄最小进球球员的纪录。@视觉中国,['激动', '球星', '法国队', '姆巴佩', '男明星', '卡塔尔世界杯']
I01249471,惊心动魄的极限纵横,http://wallpaper.cdn.pandora.xiaomi.com/thumbnail/webp/w1350/MiTv/0a75d548647a84c9b8701dc5f3a2d4f1fb59d23f1,CC00000008,体育,滑沙运动是继滑冰、滑水、滑雪，还有滑草之后另一新兴运动，它使户外运动爱好者在运动的同时又能领略到沙漠的绮丽风光。在中国已有好几个天然滑沙场，许多游客慕名而来，使当地的旅游人气直线上升。@视觉中国,['沙漠', '极限运动', '小米精选', '口碑壁纸', '滑沙']
I01195872,足坛任意球大师,http://wallpaper.cdn.pandora.xiaomi.com/thumbnail/webp/w1080/MiTv/087824b5230f64a5d62f3a8b27027911be643a337,CC00000008,体育,皮尔洛的任意球不像大卫·贝克汉姆那样圆月弯刀，也不像罗伯托·卡洛斯那样势大力沉，而是一种“落叶”式射门方式。他也经常罚出一些“电梯球”，继承了米兰前辈阿尔贝蒂尼的精髓。@视觉中国,['尤文图斯', '意甲', '皮尔洛']
I01194981,瑜伽冷知识,http://wallpaper.cdn.pandora.xiaomi.com/thumbnail/webp/w1080/MiTv/0804144dc32c7c595aa4dd1b1a4aeff358c41147b,CC00000008,体育,众所周知随着年岁的增长，地心引力对人体产生了不可逆转的影响，最常见的比如松弛的皮肤。瑜伽中的大多数倒立练习能对抗地心引力带来的影响，帮助器官回到原来的位置！@图虫创意,['健身', '瑜伽', '知识', '冷知识']
I01367230,夏日必备水上运动,http://wallpaper.cdn.pandora.xiaomi.com/thumbnail/webp/w1350/MiTv/099119d10428a448f85c0cdf0c05eb6d154468cad,CC00000008,体育,夏天是个慵懒的季节，海边人却喜欢去游泳、冲浪和体验刺激的海上滑翔伞。@拍信创意,['随性', '大海湖泊', '海水', '海面', '锻炼']
I01213585,未能终老一队的足球明星,http://wallpaper.cdn.pandora.xiaomi.com/thumbnail/webp/w1080/MiTv/0292c95ae66c840de1642dc5e88f5efb631641849,CC00000008,体育,C罗成长自里斯本，成名于曼联，巅峰在皇马。2009年，C罗以8000万英镑身价转会皇家马德里。在皇马期间，C罗共获得了4次金球奖、2次世界足球先生的殊荣，达到了他的生涯巅峰。然而C罗也没能在伯纳乌退役，2018年他出走亚平宁，加盟尤文图斯。@视觉中国,['皇家马德里', '西甲', 'C罗', '克里斯蒂亚诺·罗纳尔多']
I01046823,不可思议的极限掠影,http://wallpaper.cdn.pandora.xiaomi.com/thumbnail/webp/w1080/MiTv/084bb445e2842d13d2abe9000439ecf0dcf421030,CC00000008,体育,红牛在世界各地举行了各种各样的极限运动挑战赛。在印尼婆罗摩火山口上，两位极限运动员穿着滑翔衣，以紧密的队形在布罗莫火山口上方盘旋。翼装飞行的危险系数极高，全世界极少数人敢于尝试这一冒险行为。@视觉中国,['印尼', '火山', '跳伞', '极限运动', '翼装飞行', '小米精选']
I01218025,皮划艇 冒险无止境,http://wallpaper.cdn.pandora.xiaomi.com/thumbnail/webp/w1080/MiTv/0393d34c728ba4501194b7397c0bc044245074264,CC00000008,体育,皮划艇可以让你在娴静的水面上闲游，看未曾看见的风景，因为你可以驾驶着它到任何想去的位置，看到平时看不到的奇特风景，如岛屿、岩洞、水鸟、飞鱼、奇特的植物。在宽阔的水面上你能感觉到世界是多么的广阔，没有塞车，没有噪音，没有拥挤的人群。@好看
,['皮划艇', '大海湖泊', '自由', '冒险']
I01173542,拉伸运动让线条更完美,http://wallpaper.cdn.pandora.xiaomi.com/thumbnail/webp/w1080/MiTv/05c2142f7f51f9922231c5a0b7eee6cb4b941781d,CC00000008,体育,健身前后拉伸是一个减少受伤几率的最有效的方法。拉伸可以让身体肌肉纤维预热，提高了伸缩性增加了灵活性。@视觉中国,['肌肉', '减肥', '线条', '健身', '身材', '锻炼']
I01286202,极富魅力的越野运动,http://wallpaper.cdn.pandora.xiaomi.com/thumbnail/webp/w1350/MiTv/057b50b401faf4feeb4a26a0fae2790e69c61721e,CC00000008,体育,越野摩托车运动大概是所有运动中最不需要观赛经验的一项运动，因为单是看技巧，就知道技术高低。那种在空中就像是插上翅膀的惊心动魄的快感，是任何一项运动都不具备的。只有当你身临其境去感受的时候，你才能体会这项运动的魅力。@锐景,['山坡', '刺激', '头盔', '活力', '摩托车', '小米精选']
I01105359,尤文军团下的C罗,http://wallpaper.cdn.pandora.xiaomi.com/thumbnail/webp/w1080/MiTv/011d85058f65f081612be2006d3dec361c4421c29,CC00000008,体育,当葡萄牙人从皇马转投尤文的时候，不论是皇马球迷还是尤文球迷都发生了分裂，赛季开始之后四个月，反而皇马陷入泥沼尤文却被视为欧冠夺冠大热门之一。@视觉中国,['C罗', '尤文图斯']
I01193993,宅家锻炼指南,http://wallpaper.cdn.pandora.xiaomi.com/thumbnail/webp/w1080/MiTv/0b6c747dea4aafc8000229bdab9cce1d5df436f0d,CC00000008,体育,每天坚持一套平和的瑜伽练习，有助于缓解身体疲劳，深呼吸可以使头脑冷静和放松身体紧张，呼吸和体式的配合会激活副交感神经系统，有助于消除压力。@视觉中国,['室内', '专注', '健身', '瑜伽', '锻炼']
I01046825,不可思议的极限掠影,http://wallpaper.cdn.pandora.xiaomi.com/thumbnail/webp/w1080/MiTv/084bb445e2842d13d7abe4000d39e0f0dff421030,CC00000008,体育,弗莱德·福根（Fred Fugen）与文森特·瑞菲特（Vincent Reffet）在澳大利亚1万多米高空进行极限跳伞组合训练。时速200公里的自由落体运动看似是危险的运动，但据美国跳伞协会统计，美国跳伞事故率仅为十万分之一。@视觉中国,['跳伞', '极限运动', '红牛', '户外运动', '小米精选']
I01193721,水上3大刺激“战场”,http://wallpaper.cdn.pandora.xiaomi.com/thumbnail/webp/w1080/MiTv/0b6c747de34aacc807022ebda09cc71d55f436f0d,CC00000008,体育,水上降落伞是由大功率快艇做牵引，依靠高速行驶快艇形成张力，将人带入距离水面50米左右的高空。它是一项非常刺激的水上运动，所以在参加该活动时一定要注意安全！@拍信创意,['活力', '降落伞']
I01275320,滑雪运动的益处,http://wallpaper.cdn.pandora.xiaomi.com/thumbnail/webp/w1350/MiTv/0bf39fcfae3604648b6a3f80c7fd9dd7ce427232a,CC00000008,体育,有的人到了冬天，就会变得忧郁、沮丧、易疲劳、注意力分散、工作效率下降等，专家称为“冬季抑郁症”。而滑雪可以缓解“冬季抑郁症”。@站酷海洛,['滑雪', '动感', '滑雪场']
I01192099,练好它让美丽停不下来,http://wallpaper.cdn.pandora.xiaomi.com/thumbnail/webp/w1080/MiTv/00bca2596a5d9444d2b4ce33c4def40a8faddd3c6,CC00000008,体育,练瑜伽的好处，塑造体形。瑜伽可以健美胸部，美化胸部曲线，预防乳房下垂，使腰部柔软，美化臀部，避免臀肌松弛下垂，美化臀型，消除腹部脂肪，预防下半身肥胖，修长腿部，增加腿筋弹性，消除大腿，小腿脂肪。@有料,['活力', '健身', '瑜伽', '锻炼']
I01101671,绿茵战神 C罗,http://wallpaper.cdn.pandora.xiaomi.com/thumbnail/webp/w1080/MiTv/09800d5bd3c7a438e25a5f6e82b3ad6d0e5cf697c,CC00000008,体育,你最好全神贯注，因为我会全力以赴。——C罗@视觉中国,['C罗']
I01270914,让你冬季做个“暖人”,http://wallpaper.cdn.pandora.xiaomi.com/thumbnail/webp/w1350/MiTv/0b30bf4be99eb48f1876d8aead635cdde0d6a047c,CC00000008,体育,冬天健身可以加快血液循环，增加大脑氧气的供应量，增强血管的弹性。这能消除大脑因长期工作带来的疲劳感，还能增强记忆力，提高学习、工作效率。@视觉中国,['冰雪', '滑雪板', '滑雪', '健身', '锻炼', '小米精选', '身体']
I01105361,尤文军团下的C罗,http://wallpaper.cdn.pandora.xiaomi.com/thumbnail/webp/w1080/MiTv/07a90417945469909fffe3d3ece8450389f420bd1,CC00000008,体育,选择离开皇马，是因为C罗与弗洛伦蒂诺的矛盾已经无法调和，选择加盟尤文，葡萄牙人显然认为斑马军团是一家有实力冲击欧冠，也有能力帮助自己继续冲击金球奖的俱乐部。@视觉中国,['C罗', '尤文图斯']
I01212582,它们为何让人如此上瘾,http://wallpaper.cdn.pandora.xiaomi.com/thumbnail/webp/w1080/MiTv/07e4a54cf327d77fb3e293d982839b595004311b7,CC00000008,体育,人体内存在一种物质叫多巴胺，简单来说，它是使人快乐的源泉。据了解，80%的人会从速度中获得超快感，如高速的滑雪运动。滑雪时，人们有频繁的瞬间从高而下，失重时大脑产生内啡肽或脑啡肽、多巴胺，此时愉悦感陡增。@好看,['滑雪', '刺激', '冰川', '勇敢']
I01215691,勇敢者游戏,http://wallpaper.cdn.pandora.xiaomi.com/thumbnail/webp/w1080/MiTv/0b3e5149ccb8a45401b1ca5548b46c0b3713264f8,CC00000008,体育,鱼儿生来会游泳，鸟儿生来会飞翔，人类呢？人类的本能是“攀爬”。婴幼儿时期，人类就已经掌握了这项本领。攀爬的过程，亦是探索世界的过程。在攀爬的过程中，没有对手，没有敌人，需要战胜的是自己。@好看,['冰川', '冒险', '攀登', '攀登者']
I01254616,乘风而动 破浪而行,http://wallpaper.cdn.pandora.xiaomi.com/thumbnail/webp/w1350/MiTv/029af8108521f429fbf3d1e65cefb7ff4133e9ec2,CC00000008,体育,每到夏天，大海都会用海浪声召唤它虔诚的信徒。在所有的海上运动中，冲浪是如此的美妙。你在板上抬头转头，两臂滑水，走在海浪的前面。终于浪来了！你站起身体，两腿前后自然开立，两膝微屈，随波逐浪，快速滑行。@视觉中国,['浪花', '冲浪', '小米精选', '口碑壁纸']
I01222886,晨跑和夜跑哪个更瘦身？,http://wallpaper.cdn.pandora.xiaomi.com/thumbnail/webp/w1080/MiTv/0a5b8a47f483b404d06b3a42c3c8d8afb21dd5f7c,CC00000008,体育,经过一整天的工作学习，在夜晚进行跑步训练是消除一天工作疲劳的最佳方式，有助于养成晚餐少吃一点的好习惯。但夜跑时可能灯光昏暗，容易引起安全问题；如果夜跑进行得太晚大脑会过于兴奋而导致失眠，因此尽量在夜晚10点前结束锻炼最为合理。@视觉中国,['健身', '跑步', '锻炼', '训练']
I01212567,“海浪”拍了拍你,http://wallpaper.cdn.pandora.xiaomi.com/thumbnail/webp/w1080/MiTv/06df45ee3074472dec629fa9a344561a85d433205,CC00000008,体育,瓦胡岛是夏威夷的主岛，也是最主要的冲浪场所，岛的形状使得岛上自然形成了四个冲浪海岸。夏威夷群岛由于受季风的影响，夏季从北太平洋吹来的海浪，往往使海浪高达4米，有些浪高甚至可高达8米以上，冲浪者可滑行800米以上。@有料,['刺激', '海浪', '冲浪', '冲浪板', '惊险', '大海湖泊', '夏威夷', '锻炼']
I01270419,NBA优秀的后卫,http://wallpaper.cdn.pandora.xiaomi.com/thumbnail/webp/w1350/MiTv/02694311af1684b0d8f869c2561441971645baaf2,CC00000008,体育,斯蒂芬·库里是这些球员中最特别的一个，他的出手速度极快，能灵巧地摆脱对手，从各个角度完成投篮，在比赛时他还经常能投进超远距离的三分球。@图虫创意,['金州勇士', '斯蒂芬·库里', '勇士队', '后卫']
I01046830,不可思议的极限掠影,http://wallpaper.cdn.pandora.xiaomi.com/thumbnail/webp/w1080/MiTv/0915494a7fa464ba905b981de46d2d34d630f94d8,CC00000008,体育,在南非开普敦岸边，当巨浪拍击海岸时，法国帆板运动员艾莉丝·阿鲁特金（Alice Arutkin）飞入空中。40英尺长的极限帆船最快航行时速可达56公里，倾斜的船体与水面的夹角可达46度，比赛激烈而且精彩刺激。@视觉中国,['帆船', '极限运动', '红牛', '锻炼', '小米精选']
I01193722,水上3大刺激“战场”,http://wallpaper.cdn.pandora.xiaomi.com/thumbnail/webp/w1080/MiTv/0a9d5e45a6562424a11a2c2f6cc3f6e565e2a83a4,CC00000008,体育,有人说水上飞板动作如钢铁侠一般带劲，所以在国内又被称为“水上钢铁人”。它能够将驾驶者送上距水面15米的高度，或像海豚一样短暂的潜入后又破浪而出，凌空随意旋转扭动！@拍信创意,['刺激', '挑战', '极限运动', '锻炼']
I01316114,冬季要学会科学运动,http://wallpaper.cdn.pandora.xiaomi.com/thumbnail/webp/w1350/MiTv/09d7214e8e6b948f1b327dd8af6e1969d0346f2a8,CC00000008,体育,在冬季锻炼身体对于增强体质、预防疾病有很大作用。在寒冷的环境中锻炼，人体会消耗更多的卡路里，起到减肥的作用，特别是这个季节坚持锻炼还可提高自身顽强的意志力。@视觉中国,['体育场', '篮球场', '锻炼', '科普', '户外运动', '小米精选']
I01254618,乘风而动 破浪而行,http://wallpaper.cdn.pandora.xiaomi.com/thumbnail/webp/w1350/MiTv/0a76498798ba04f92912ab9ee99f37065d40a5275,CC00000008,体育,冲浪绝对是非常刺激的户外运动，利用海浪的力量，控制冲浪板的技巧，身在海浪中体验海浪的速度，这种感觉既紧张又兴奋。初学冲浪手要加强手部划水训练、体能训练、脚部训练、水中前滚翻憋气训练。@视觉中国,['游泳', '浪花', '冲浪', '小米精选', '口碑壁纸']
I01259574,了不起的C罗,http://wallpaper.cdn.pandora.xiaomi.com/thumbnail/webp/w1350/MiTv/04996c8352d934be080a739f6740c4b61f6d48836,CC00000008,体育,更大的褒奖来自对手。热刺队主帅孔蒂赛后心服口服，他说：“实话实说，如果没有C罗，曼联今晚会很艰难，他们不仅难以取胜，甚至连平局都拿不到。”@视觉中国,['C罗', '克里斯蒂亚诺·罗纳尔多', 'C罗纳尔多', '写真', '小米精选']
I01218020,勇敢者的飞驰人生,http://wallpaper.cdn.pandora.xiaomi.com/thumbnail/webp/w1080/MiTv/0693d34c7288a450f194b0397c0bc04f245014264,CC00000008,体育,攀爬摩托应该算是越野摩托车里长相最奇特的了，居然没有座，不论什么时候，只能站着骑。攀爬摩托无法在街道上玩，而且也不能骑长途的，除非你想一直站着穿州过省。@好看,['沙漠', '摩托车', '冒险', '越野', '热血']
I01300703,高温来袭 如何健康运动,http://wallpaper.cdn.pandora.xiaomi.com/thumbnail/webp/w1350/MiTv/05d9a6a3f32cb4b30b5399109fdd4ad7fdba3813f,CC00000008,体育,高温天气不要盲目进行户外运动，可以选择游泳、健身操、太极拳等慢节奏运动。如果出汗较多，应及时补充水分，必要时可饮用淡盐水或含盐的饮料，以保证体内的电解质平衡。@有料,['健身', '跑步', '锻炼', '生活方式']
I01371993,唯运动不可辜负,http://wallpaper.cdn.pandora.xiaomi.com/thumbnail/webp/w1350/MiTv/0dd33024da2994414a668404f134b23e9c1fb17c6,CC00000008,体育,运动让人收获快乐，科学上说运动可以分泌多巴胺，快乐程度仅次于恋爱。肌肉的酸楚快乐，更会带动心灵的清零，要懂得用运动排解自己。@图虫创意,['减肥', '哑铃', '身材', '瘦身']
I01259572,了不起的C罗,http://wallpaper.cdn.pandora.xiaomi.com/thumbnail/webp/w1350/MiTv/068a45e8ec4ce4ebab7800483f1ad7ab6a99fc86d,CC00000008,体育,此外，C罗成为继谢林汉姆、亚历山大之后第三位在英超单场至少打入1球以上的37岁以上球员。同时，37岁35天的C罗成为英超史上第二位37岁以上戴帽的球员，另一位谢林汉姆是在37岁146天时戴帽。@视觉中国,['C罗', '克里斯蒂亚诺·罗纳尔多', '罗纳尔多', '小米精选']
I01338095,姆巴佩仍在上山路上,http://wallpaper.cdn.pandora.xiaomi.com/thumbnail/webp/w1350/MiTv/054d3e9a712b341acb61cebafc9dc43e39ea28e32,CC00000008,体育,2016年摩纳哥对阵特鲁瓦俱乐部时，年仅18岁的姆巴佩打进人生中的第一粒进球，从那时起姆巴佩开始在绿茵场上渐露头角。@图虫创意,['激动', '法国队', '姆巴佩', '卡塔尔世界杯']
I01195060,极限花式单车比赛,http://wallpaper.cdn.pandora.xiaomi.com/thumbnail/webp/w1080/MiTv/0b9fe4e6d94ef1f5bb306c7821dbb002c6842c3bd,CC00000008,体育,花式单车在德国特别广泛，颁发了1万多张此项运动的实践许可证。花式单车可以与滑冰和艺术体操相媲美。在这项运动中，运动员也需要在评委面前操练及技巧展示，评委进行难度和熟练程度评估。@图虫创意,['德国', '刺激', '比赛', '极限运动', '花式单车']
I01285156,历史第一人詹姆斯,http://wallpaper.cdn.pandora.xiaomi.com/thumbnail/webp/w1350/MiTv/04cce7297c49e4362bbb05568ba66b5a121e91e79,CC00000008,体育,NBA官方表示，别说30000+10000+10000，就算他们降低标准，10000+10000+10000，至今也只有詹姆斯一人达成。生涯最主要的三项数据（得分、助攻和篮板）都达到五位数，绝对堪称神迹。@图虫创意,['詹姆斯', '湖人', '湖人队']
I01218021,勇敢者的飞驰人生,http://wallpaper.cdn.pandora.xiaomi.com/thumbnail/webp/w1080/MiTv/000c1410d5df994ac35c89be6cc2748d356412599,CC00000008,体育,攀爬摩托一样可以玩的很好，可以玩出很多花样，你可以骑着它跳跃障碍，可以骑着它跳上别人难以想象的高度，总之，在攀爬摩托赛场里，大家玩攀爬玩得不是飞驰，而是跳跃。@好看,['沙漠', '摩托车', '光影', '冒险', '越野', '热血']
I01259573,了不起的C罗,http://wallpaper.cdn.pandora.xiaomi.com/thumbnail/webp/w1350/MiTv/0375404e82be6406bb159fd3e8abfce99ea295929,CC00000008,体育,C罗职业生涯进球数达到807个，正式成为足坛历史第一射手。排在其后的有比坎（805球）、贝利（779球），梅西（759球），罗马里奥（748球）、普斯卡什（709球）和盖德·穆勒（701），这6人的职业生涯进球都在700个以上。@视觉中国,['C罗', '克里斯蒂亚诺·罗纳尔多', '罗纳尔多', '小米精选']
I01294904,风靡全球的水上运动,http://wallpaper.cdn.pandora.xiaomi.com/thumbnail/webp/w1350/MiTv/02716e29731534b1b934a95a1d3347007e3c283cb,CC00000008,体育,当大浪开始冲向岸边时，冲浪者就奋力划到海浪的前面，在海浪开始把冲浪板冲向海边时，迅速站立起来，一脚在前，一脚在后，以改变身体的重心来驾驭冲浪板横过波面。@站酷海洛,['浪花', '冲浪', '大海湖泊', '户外运动']
I01212580,惊心动魄的极限运动,http://wallpaper.cdn.pandora.xiaomi.com/thumbnail/webp/w1080/MiTv/026b1f5fb5274422430b98c9d5ccba1ea08bc575f,CC00000008,体育,攀岩运动有“岩壁芭蕾”的美称，由登山运动变化而来，具有很强的技巧性、冒险性，是极限运动的一个项目，目前在世界上十分流行。徒手攀岩不借助任何工具进行攀登，这对攀岩者的技巧要求极高，同时他们的心理也面临着极大的考验。@好看
,['刺激', '勇敢', '危险', '攀岩', '青年']
I01218022,勇敢者的飞驰人生,http://wallpaper.cdn.pandora.xiaomi.com/thumbnail/webp/w1080/MiTv/000c1410d5df9a4ac65c89be6bc27d8d3b6412599,CC00000008,体育,攀爬摩托车，最早起源于上世纪50年代，那时候摩托车运动萌芽，人们对于骑着摩托车挑战陡坡这件事情很是怀疑，不过在一次比赛后，发现了其中的乐趣，进而将这个比赛延续了下去。据了解，在西班牙，光职业车手就接近万人。@好看,['沙漠', '摩托车', '炎热', '冒险', '越野', '热血']
I01254617,乘风而动 破浪而行,http://wallpaper.cdn.pandora.xiaomi.com/thumbnail/webp/w1350/MiTv/02d69e76de55747e19fdb5e50bf2389a3e3a92458,CC00000008,体育,冲浪不仅是一种生活方式，一个信仰，同时它还是艺术。而冲浪的艺术就在于随着海浪一起移动，而不是与海浪相抗衡。冲浪可以让你发现自己的内心，让你看见内在的东西，因为那不是抗衡。一旦你领悟到了，真正的享受就来了。@视觉中国,['浪花', '冲浪', '小米精选', '口碑壁纸']
I01370558,德安吉洛·拉塞尔,http://wallpaper.cdn.pandora.xiaomi.com/thumbnail/webp/w1350/MiTv/069a3952b8bd448319a1e220ad9ae5a93c7aef0bf,CC00000008,体育,德安吉洛·拉塞尔于2015年以选秀榜眼身份进入NBA，先后效力于湖人队、篮网队、勇士队以及森林狼队，新秀赛季入选最佳新秀阵容第二阵容。@图虫创意,['高大', '酷帅', '德安吉洛·拉塞尔']
I01275303,世界摩托车赛事盘点,http://wallpaper.cdn.pandora.xiaomi.com/thumbnail/webp/w1350/MiTv/0254ef95ea6c04d118b719c1952f0e84da0395771,CC00000008,体育,国际摩联花式极限摩托世界锦标赛，是世界上规模最宏大、历史最悠久的顶尖级极限摩托锦标赛，自2001年成立至今，已有12年历史，目前已在5大洲的25个国家成功举办了超过120场的国际比赛，点燃了全球摩托迷的热情。@站酷海洛,['摩托车', '骑行', '极限运动', '车手', '摩托车极限花样表演', '小米精选']
I01270582,被NBA抛弃的球星,http://wallpaper.cdn.pandora.xiaomi.com/thumbnail/webp/w1350/MiTv/072b5929573ef438b9842045eab636805ea870d29,CC00000008,体育,钱德勒·帕森斯是11年选秀次轮第38顺位被火箭选中，顺位偏后面，不过他仅打了六场替补就取代巴丁格，成为火箭的首发小前锋。2017年，钱德勒·帕森斯因接受半月板切除手术导致赛季报销。@图虫创意,['球星', '钱德勒']
I01275323,花式摩托车的不同特点,http://wallpaper.cdn.pandora.xiaomi.com/thumbnail/webp/w1350/MiTv/0b799519dd63b43f7a6be3d41bcdeed7346e1200e,CC00000008,体育,摩托车的种类有很多，不同种类的摩托车对应着不同的不同场合使用。街车是最常见的，也是相对来说最花哨的车。巡航车，也就是人们常常说的“炸街神器”，这种车在国内还有一个绰号，那就是太子车，因为引擎轰鸣声大，因此被人们喜爱。@锐景,['刺激', '头盔', '荒野', '摩托车', '越野']
I01195061,极限花式单车比赛,http://wallpaper.cdn.pandora.xiaomi.com/thumbnail/webp/w1080/MiTv/03041b5dcc28745901a4d01b142ae7f754c5b4318,CC00000008,体育,花式单车诞生于1888年的马戏表演中，以此来展示运动技能。艺术单车在1956年诞生了第一位男子世界冠军（第一位女子世界冠军诞生在1970年），至今仍然非常受室内单车运动迷们的喜爱。@图虫创意,['历史', '刺激', '极限运动', '花式单车']
I01261214,玩转Bike Fitting,http://wallpaper.cdn.pandora.xiaomi.com/thumbnail/webp/w1350/MiTv/0f4c508579b304a188677602f6c5f284910291d30,CC00000008,体育,“fitting就是看你能趴多低！”从字面上解释就是，想要舒服些，车把就相应高些，想要激进些，车把就相应低些。“fitting的关键在于你对这台车的诉求。”你想要怎么骑这台车，你的柔韧性、核心力量、运动能力这些都是决定如何Fitting的关键因素。@视觉中国,['自行车', '健身', '骑行', '小米精选']
I01256182,花滑王子 羽生结弦,http://wallpaper.cdn.pandora.xiaomi.com/thumbnail/webp/w1350/MiTv/0ece182ad665e4105b90a5a39697045e9181fbacb,CC00000008,体育,国人对他喜爱的程度大概类似于福原爱，中国粉丝们给他的昵称很多：柚子、哈牛、小天使、柚子小哥哥、柚子露等等。四岁起开始学习花样滑冰，从13岁便开始崭露头角。@图虫创意,['锻炼', '花样滑冰', '羽生结弦']
I01254619,乘风而动 破浪而行,http://wallpaper.cdn.pandora.xiaomi.com/thumbnail/webp/w1350/MiTv/053965610bb2d445b943d3f9189c8cb0f4e35d7a0,CC00000008,体育,没有比站在冲浪板上，在海洋中央被海浪包围的时候更能体会到“水是上帝的礼物”。蒙多说，那种感觉来自那个静止和活动轮流交替的地方，那就是冲浪的精神核心。@视觉中国,['浪花', '冲浪', '航拍', '小米精选', '口碑壁纸']
I01234714,球王马拉多纳的高光时刻,http://wallpaper.cdn.pandora.xiaomi.com/thumbnail/webp/w1080/MiTv/0439bd42d43284e033fc7c3f6e1c074799d1db38b,CC00000008,体育,亲吻大力神杯：淘汰英格兰之后，马拉多纳率队连过比利时和联邦德国两大难关，如愿在墨西哥捧起了象征着足坛最高荣誉的大力神杯。在全世界的注视下，马拉多纳纵情亲吻冠军奖杯，用以表达自己内心的喜悦。此后，阿根廷人苦等多年，但再也没能复制这一荣耀时刻。@视觉中国,['阿根廷', '世界杯', '马拉多纳']
I01293886,关于“上天”的那些事儿,http://wallpaper.cdn.pandora.xiaomi.com/thumbnail/webp/w1350/MiTv/00f03380dd78343d6b004800990196efcbe84433e,CC00000008,体育,水可载舟，亦可覆舟，滑翔伞依靠风力而飞行，并不是所有天气都可以起飞，提前查阅当地天气是必不可少的一项准备工作。@有料,['刺激', '飞行器', '有趣', '自由', '冒险', '探索', '滑翔伞']
I01097571,与世无争的梅西,http://wallpaper.cdn.pandora.xiaomi.com/thumbnail/webp/w1080/MiTv/0a49b4f8a1ba2f6fa0939dc801d85a7a204432787,CC00000008,体育,梅西也许是这个世界上最没有意思的人了，他的话很少。但是，若用心聆听的话，你会发现他那微弱的嘀咕声比大部分运动员发出的呐喊声还要“振聋发聩”。@视觉中国,['梅西', '巴萨队']
I01270745,滑雪需知的雪场礼仪,http://wallpaper.cdn.pandora.xiaomi.com/thumbnail/webp/w1080/MiTv/03c7bec00462f40fba3b4b26323bc3761f0e9f9b0,CC00000008,体育,滑雪作为一项体育运动，追求个性和自我表达，因此没有什么对仪式感和细节近乎苛刻的要求。在滑雪过程中，只要对彼此相互尊重，不要抢占他人雪道即可。在滑雪的时候，滑道下游的人有优先权，处在滑道上游的人要主动避让下游的人。@锐景,['滑雪', '炫酷', '礼仪']
I01371986,巴西足球天才内马尔,http://wallpaper.cdn.pandora.xiaomi.com/thumbnail/webp/w1350/MiTv/0811b1e73818b47c89650d410bb16e0c36c38de12,CC00000008,体育,内马尔不需要处理生活上的具体事务，只要专注于自己热爱的足球事业就可以了，父亲不仅是他的启蒙教练，还是他生活中的“大管家”，为他处理一切琐碎的俗务。@图虫创意,['乐观', '内马尔', '善良']
I01242767,零基础滑雪入门技巧,http://wallpaper.cdn.pandora.xiaomi.com/thumbnail/webp/w1080/MiTv/0ae67f44199f0469428f37ef5f8a58fb07a42f764,CC00000008,体育,热身与基础：初学时首先要熟悉雪具，学会穿雪靴踏雪板，双脚在雪板上同肩宽站立，体验重心前后移动的感觉。滑雪前的热身必不可少！可以腿部不动上身左右扭动腰，或者双臂随意摆动活动一下各个关节；腿部的拉筋也是有必要的。@视觉中国,['滑雪板', '滑雪', '冬天', '锻炼', '小米精选']
I01286879,世界最受欢迎的水上运动,http://wallpaper.cdn.pandora.xiaomi.com/thumbnail/webp/w1350/MiTv/0d17596d78aa34058b92270ab36c0a7485f23d159,CC00000008,体育,被悬挂在近100米的高空，由快艇拖拽飞速向前冲锋，这就是海上滑翔伞项目。现在的水上滑翔伞体验非常好，只需要坐在快艇的甲板上，由工作人员缓缓绞盘放出绳索，我们就会像风筝一样被慢慢放飞，最后在百米高空任意翱翔！@锐景,['享受生活', '刺激', '挑战', '滑翔伞']
I01193718,潜水3大“必修课”,http://wallpaper.cdn.pandora.xiaomi.com/thumbnail/webp/w1080/MiTv/0e6c7d4def43a4c8b30225bdaf0cc01d57a0d9d6b,CC00000008,体育,如果你在计划一个潜水旅行，最好是预先查核你想要采用的潜水经营者是否会重视潜水安全，以及采取适当的措施来提高顾客的安全，这对你的安全有极大的保障！@拍信创意,['潜水', '极限运动']
I01274705,库里NBA历史三分王,http://wallpaper.cdn.pandora.xiaomi.com/thumbnail/webp/w1350/MiTv/0fe757bcfa4cc4cb083553c19bdee04d47076c376,CC00000008,体育,北京时间2021年12月15日，勇士队客场挑战尼克斯。赛前，库里距离超越雷·阿伦的三分命中数仅差两个。@图虫创意,['金州勇士', '斯蒂芬·库里', '勇士队', '库里', '三分球']
I01234715,球王马拉多纳的高光时刻,http://wallpaper.cdn.pandora.xiaomi.com/thumbnail/webp/w1080/MiTv/0584b47d9549678a7b9d5564a9e0e27dcba420cbd,CC00000008,体育,雨中的怒吼：1994年的美国世界杯，略显发福的马拉多纳似乎找回了曾经的自己。对阵希腊的比赛中他面对4名防守球员的包围，左脚大力抽射将球打入死角。进球后的马拉多纳跑向一旁的摄像机，瞪着眼睛放肆怒吼。这一幕也顺理成章占据了美国世界杯的经典瞬间之一。@视觉中国,['阿根廷', '世界杯', '马拉多纳']
I01256189,自由式滑雪U型场地,http://wallpaper.cdn.pandora.xiaomi.com/thumbnail/webp/w1350/MiTv/05d657ee9edd94329bc8ec4122aa8f3d76bbe5fe7,CC00000008,体育,U型场地的比赛中有6个裁判，每名选手每轮比赛的最终成绩以去掉给分最高和最低裁判的打分后，取平均分得到选手的最终得分。@图虫创意,['滑雪', '比赛', '锻炼']
I01259197,童话再现！丹麦绝境逆袭,http://wallpaper.cdn.pandora.xiaomi.com/thumbnail/webp/w1350/MiTv/030664dbbe46142fc90e801ff4a43171b6b73cf12,CC00000008,体育,丹麦队小组前两战全败但最终却能晋级淘汰赛，这是欧洲杯历史上首次有球队做到；同时这是丹麦队自2004年以来首次从欧洲杯小组赛中出线。@视觉中国,['丹麦', '欧洲杯']
I01211601,海陆空最具代表的运动,http://wallpaper.cdn.pandora.xiaomi.com/thumbnail/webp/w1080/MiTv/0a060247f8ec44b282ffe31d0c32dde14dec20cf7,CC00000008,体育,你知道普通人怎么轻松跳伞吗？是你自己一个人一下从几千米高空跳下来吗？开玩笑，当然不是！如果你不是专业跳伞运动员，想体验跳伞的最直接最刺激的方式就是——飞机双人高空跳伞。整个过程由跳伞教练员操作完成，你无需任何跳伞经验，你只需享受飞翔的乐趣。@好看
,['勇敢', '跳伞', '快乐']
I01242792,户外运动的危险因素,http://wallpaper.cdn.pandora.xiaomi.com/thumbnail/webp/w1080/MiTv/0ca6050d421781ccdbafaf12ba06e592081413dc9,CC00000008,体育,不要借力枯枝或杂草。上坡或者下坡过程中，尽量用登山杖、石头等借力，而不要抓住枯枝，因为这些东西往往不够稳定，稍有不慎就断掉。@视觉中国,['人类', '落日']
I01138377,球场外星人梅西,http://wallpaper.cdn.pandora.xiaomi.com/thumbnail/webp/w1080/MiTv/05bdc75df3e4d4f153d1c5b11e155968584ed4d0d,CC00000008,体育,事实上，梅西在球场上体现出的那种威慑力是无法用数据直接体现的，他的存在本身就会在很大程度上限制对手战术。@图虫创意,['梅西', '巴萨', '巴塞罗那俱乐部']
I01365662,登高望远 随风而行,http://wallpaper.cdn.pandora.xiaomi.com/thumbnail/webp/w1350/MiTv/0860a9c62f0334cc6a09a1c09a485ede6ad4ed0ab,CC00000008,体育,B级C级伞，伞速快、操控较为灵活、滑翔比较高，安全性也相对较高，多用于有一定难度的休闲飞行和越野飞行的技术成熟者，能力强者可参加适当的越野或竞速比赛。@图虫创意,['清新自然', '挑战', '滑翔伞']
I01193719,潜水3大“必修课”,http://wallpaper.cdn.pandora.xiaomi.com/thumbnail/webp/w1080/MiTv/0b6c747de34aabc800022abda89cc41d52f436f0d,CC00000008,体育,潜水初学者需要有经验的人带领活动，水肺潜水技术不易自我养成，最好经过专业潜水训练班的培训。如果身体状况不好或者有突发情况发生，要立即浮上水面，在潜水时要严格遵守潜水制度，活动时千万不要与潜伴失散！@拍信创意,['潜水', '极限运动']
I01275304,世界摩托车赛事盘点,http://wallpaper.cdn.pandora.xiaomi.com/thumbnail/webp/w1350/MiTv/0f42df97ccc6b4bab86542b67d33b1c7f8fdd0ca5,CC00000008,体育,曼岛TT摩托车大赛，可称为世界上最壮观、最危险的赛车比赛，也是摩托车“瘾君子”的朝圣地。每年的6月份会在曼岛举行，赛道就是围绕着岛外围的公路，全长60.7公里，弯道超过200个，跑一圈用时不到17分钟，相当于均速200Km/h。@站酷海洛,['头盔', '摩托车', '极限运动', '车手', '小米精选']
I01050979,不可思议的梅西,http://wallpaper.cdn.pandora.xiaomi.com/thumbnail/webp/w1080/MiTv/0da305cd8bcf71b928887b6d81219bf7b2843d565,CC00000008,体育,四次欧洲冠军联赛、五次欧洲金靴、五次金球奖，梅西在俱乐部的荣誉已经不用累述，唯一欠缺的就是国家队奖杯。@视觉中国,['世界杯', '梅西', '锻炼']
I01195273,帆船的魅力,http://wallpaper.cdn.pandora.xiaomi.com/thumbnail/webp/w1080/MiTv/03d63d4594e464bc90335ca2b32c11a96b3a37b88,CC00000008,体育,当熟练帆船运动的技巧之后，就可以在迎风破浪，在大海上感受自由的魅力，运动的过程就是人与自然、与风对话的过程。@锐景,['魅力', '帆船', '大海湖泊', '冒险', '锻炼']
I01050902,挑战人体极限,http://wallpaper.cdn.pandora.xiaomi.com/thumbnail/webp/w1080/MiTv/0da305cd8acf71b92e88736d86219ff7ba843d565,CC00000008,体育,美国摄影师Keith Ladzinski拍摄到一组攀冰者Tim Emmett与Dawn Glanc攀爬冰川洞穴的照片，向人们展示了“冰与冷”的独特魅力。@视觉中国,['极限运动', '锻炼', '攀爬', '冰洞']
I01256605,NBA薪水冷知识,http://wallpaper.cdn.pandora.xiaomi.com/thumbnail/webp/w1080/MiTv/0d9ac6f55c9944431a4b0b0765c2f7acd04f4376e,CC00000008,体育,除了杂七杂八的税务外，每年NBA球员还要向联盟缴纳托管金，相当于我们的养老保险，防止球员在暴富后胡乱消费，导致退役后破产无法生活的局面。@图虫创意,['球星']
I01303052,橄榄球运动知识,http://wallpaper.cdn.pandora.xiaomi.com/thumbnail/webp/w1350/MiTv/02d483cdd47204467916919fb90828bc358b0fbf4,CC00000008,体育,根据国际要求，承载顶级赛事的橄榄球场必须得种在沙石上。这样种植的好处就是沙石的基础透水率比泥土高，不会因为吸收水分不同，而造成场地软硬不同，从而达到所需要的坡度要求。@图虫创意,['橄榄球', '奥运会', '团结', '锻炼']
I01269418,NBA现役左手将,http://wallpaper.cdn.pandora.xiaomi.com/thumbnail/webp/w1080/MiTv/0eb2f623a98164354be5371abec0d1004d495aa5f,CC00000008,体育,哈登作为现役球员中的超级得分手，他也是一位左手将，不过哈登的左手比NBA绝大多数球员的右手还要厉害，凭借着这只左手，哈登连续三个赛季夺得得分王，得分对他来说就如砍瓜切菜那样。@图虫创意,['哈登', '锻炼']
I01296439,一起健身吧,http://wallpaper.cdn.pandora.xiaomi.com/thumbnail/webp/w1350/MiTv/08437502e4afd443786b9ec115a59f8c08abed463,CC00000008,体育,羽毛球，这是一项大多数人都熟知的运动，打羽毛球可以消耗身体多余的热量、帮助减肥，同时还能缓解颈椎不适以及调解视力。多练习羽毛球还能锻炼个人的耐力和控制力哟。@米拍/PatrickWong,['健身', '锻炼']
I01175435,在冰面上飞驰,http://wallpaper.cdn.pandora.xiaomi.com/thumbnail/webp/w1080/MiTv/09946e4f70d514ed51e1f8a310f89d256a79f34e7,CC00000008,体育,滑行中的蹬冰、燕式平衡对经常开车的人来说，是锻炼下肢力量的极好方式，跳跃和旋转是对全身控制能力的考验和提高。@视觉中国,['速度', '力量', '锻炼', '滑冰']
I01256606,NBA薪水冷知识,http://wallpaper.cdn.pandora.xiaomi.com/thumbnail/webp/w1080/MiTv/051154647cea24517a5583f73b55a16930d81acd5,CC00000008,体育,众所周知NBA球员一般都会有经纪人或者是经纪公司，而雇佣这些人自然也要掏钱。里奇-保罗每年都会帮助老詹处理合同和合同年的签约问题，回报则是他每年要从老詹手里抽走2.75%的经纪人费用。@图虫创意,['球星']
I01253093,勇者的挑战：山地骑行,http://wallpaper.cdn.pandora.xiaomi.com/thumbnail/webp/w1350/MiTv/00c6a90804c88439f90580510731df2f7a0f5174d,CC00000008,体育,下坡的时候为了防止摔伤，尽量把自己的重心向后移，通俗一点说就是把屁股向后挪一点。手臂和膝盖微曲，吸收路上的震动。不然容易在碰到较大的颠簸时拖把。@视觉中国,['自行车', '激情', '山地自行车', '极限运动', '小米精选', '口碑壁纸']
I01215380,篮坛的那些“神射手”,http://wallpaper.cdn.pandora.xiaomi.com/thumbnail/webp/w1080/MiTv/0994df4830f2442a411e144fe11842eaa87088eaa,CC00000008,体育,特雷·杨在挡拆后出手三分球的频率和普通NBA后卫并无二致，也很少采取后撤步三分。但随着对手开始更加注意他的传球和突破，特雷·杨的三分闸门突然打开了。@图虫创意,['篮球场', '篮球赛', '特雷·杨']
I01281516,全球著名的滑雪胜地,http://wallpaper.cdn.pandora.xiaomi.com/thumbnail/webp/w1350/MiTv/0f4d7172ad4564c0a935092cd4a707c8e4154e9ba,CC00000008,体育,加拿大惠斯勒滑雪场既是全球绝佳的“滑雪乐园”，也是世界闻名的度假胜地，拥有超二百条高品质的滑雪道及两座高耸入云的宏伟山峰：惠斯勒山和黑梳山。在这里滑雪完全不受季节限制，即便是温暖的季节也一样可以到黑梳山顶享受在冰河上滑行的乐趣。@拍信创意,['滑雪', '治愈']
I01286203,极富魅力的越野运动,http://wallpaper.cdn.pandora.xiaomi.com/thumbnail/webp/w1350/MiTv/07da0fead036b473bbe09deca4f9b5eccc791a0d2,CC00000008,体育,现在的越野摩托运动在国内还是小众，大多数选手还是在户外进行花式动作的训练，因此充满了危险。相较于其它重型摩托车来说，越野摩托的重量偏低，而且缓震功能在线，所以只要不是太过危险的动作，都不会具备太大的危险。@锐景,['享受生活', '挑战', '摩托车', '勇敢', '越野', '沙地', '小米精选']
I01259190,阿根廷晋级美洲杯8强,http://wallpaper.cdn.pandora.xiaomi.com/thumbnail/webp/w1350/MiTv/0f741030f83d844ac93069d67cec65c163f1ef982,CC00000008,体育,2005年，梅西完成阿根廷国家队的处子秀。16年过去了，在阿根廷和巴拉圭的美洲杯赛事中，梅西第147次出场，和马斯切拉诺并列阿根廷出场榜榜首。@视觉中国,['阿根廷', '梅西', '美洲杯']
I01256165,NBA中的富二代,http://wallpaper.cdn.pandora.xiaomi.com/thumbnail/webp/w1350/MiTv/0c656b377332847a5bca95608dbce74c928b988e9,CC00000008,体育,大卫李可以继承天文数字的人家产，大卫李的爷爷是一位声名显赫的企业家，累计捐款已经超过了7000万，他的父亲同样也是个大老板，在全美经营着上百家连锁超市，并一直在扩张。@图虫创意,['篮球场', '篮球赛']
I01269413,NBA现役玻璃人,http://wallpaper.cdn.pandora.xiaomi.com/thumbnail/webp/w1350/MiTv/0f7388a4627054e4c87f4a3a2a63b903a6b2787a2,CC00000008,体育,罗斯刚进入联盟的打法，我相信大家也是非常清楚的。而自从膝盖遭受多次大伤后，罗斯就不再是球队的核心，而且也失去了爆发力和速度。如今的罗斯，扮演的是板凳第六人的角色。@图虫创意,['篮球场', '篮球赛', '球星']
I01261215,玩转Bike Fitting,http://wallpaper.cdn.pandora.xiaomi.com/thumbnail/webp/w1350/MiTv/005f2be13cb7e4ef9a6585b584038dbc8e3f35468,CC00000008,体育,Fitting是功率训练的一项基础，如今功率骑行台的火爆，入门功率计降低了门槛，当前国内功率训练开始推广的今天，“重新学会如何骑车”又是一个新起点。@视觉中国,['自行车', '健身', '骑行', '公路自行车', '小米精选']
I01271329,北京冬奥实现用雪自由,http://wallpaper.cdn.pandora.xiaomi.com/thumbnail/webp/w1350/MiTv/038109e63d8944ced9f9534d09b764894977c8073,CC00000008,体育,为了能够让北京冬奥会的滑雪项目不受天气原因的干扰，我国重点攻克了专项的人工造雪仪器。分别从造雪、保雪、储雪三个方面攻克，让北京冬奥会实现用雪自由。除了用现有的人造雪机器造雪之外，国家科研人员还将冬季可用的雪储存下来备用。@锐景,['滑雪', '刺激', '活力', '滑雪服', '滑雪场']
I01367243,适合夏季的清凉户外运动,http://wallpaper.cdn.pandora.xiaomi.com/thumbnail/webp/w1350/MiTv/07ff38925796e403393cb1cc2584bf1d20687f18c,CC00000008,体育,扛起一只皮划艇在湖面划开，浆板左右拍打水面，被水溅得一身湿淋淋然后凉爽舒服，感觉全身的细胞都笑开了花，又或者和三五朋友一起静静泛舟，任小船带着我们漂游。@有料,['治愈', '皮划艇', '清凉']
I01292841,一起乘风破浪吧,http://wallpaper.cdn.pandora.xiaomi.com/thumbnail/webp/w1350/MiTv/06aead25bd1c844f7818b82698e15775d3eb97c00,CC00000008,体育,学会起乘，这很不容易。因为需要身体的力量、平衡感等。在刚开始冲浪的时候，水流的速度很快，站在板上并保持稳定非常难。所以在陆地上的时候就要多练习，让肌肉产生记忆形成条件反射。@米拍/Silas.B,['冲浪', '夏天', '大海湖泊', '锻炼']
I01322423,值得打卡的宝藏滑雪地,http://wallpaper.cdn.pandora.xiaomi.com/thumbnail/webp/w1350/MiTv/0d0ab5b5b02ba4431ad8ebdf9e9086d68b5893a48,CC00000008,体育,科尔蒂纳丹佩佐位于意大利，它不仅是全球最炙手可热的滑雪胜地，还是1952年冬季奥运会的东道主，这里拥有全长100多公里、由缆车连接的滑雪道，其中最长的一条道超过11公里，垂直滑降落差超过1700米，游客可以在这里尽情享受滑雪带来的乐趣和刺激。@有料,['滑雪', '锻炼', '生活方式', '小米精选']
I01326978,C罗五届世界杯进球,http://wallpaper.cdn.pandora.xiaomi.com/thumbnail/webp/w1350/MiTv/041e1039dc5074ddb8436bc0c9ada14e3957e941f,CC00000008,体育,本场比赛，葡萄牙队长C罗打进一粒点球。凭借这粒进球C罗连续5届世界杯都有进球，成为历史第一人。@视觉中国,['C罗', '庆祝', '葡萄牙队', '卡塔尔世界杯']
I01357396,初学者的冲浪全攻略,http://wallpaper.cdn.pandora.xiaomi.com/thumbnail/webp/w1350/MiTv/02a74e1a2243742f583bd9a568b7682cd0ce2ca51,CC00000008,体育,冲浪运动起始于澳大利亚，由于澳大利亚四面环海，气候温暖，多日照而少阴雨，有利于水上运动的发展，故而澳大利亚人特别喜爱冲浪运动。这种运动可以使人丢掉烦恼，感受与海浪搏击的刺激。@锐景,['冲浪', '惬意', '航拍', '大海湖泊']
I01220395,桑巴灵魂 内马尔,http://wallpaper.cdn.pandora.xiaomi.com/thumbnail/webp/w1080/MiTv/0a6534684dc6a52167cb5b0bd73b3b2469c422dd1,CC00000008,体育,在效力于西甲联赛巴塞罗那期间，内马尔帮助球队夺得了三冠王的无上荣耀，而他自己成为欧洲冠军联赛和西班牙国王杯最佳射手。@图虫创意,['内马尔·达席尔瓦', '锻炼', '坚定', '矫健']
I01175434,在冰面上飞驰,http://wallpaper.cdn.pandora.xiaomi.com/thumbnail/webp/w1080/MiTv/079464af75d715ed9be1faa31d38902467041e0de,CC00000008,体育,滑冰不仅能够增强人体的平衡能力、协调能力以及身体的柔韧性，同时还可增强人的心肺功能,提高有氧运动能力。@视觉中国,['速度', '舞蹈', '锻炼', '滑冰']
I01103303,战车姆巴佩,http://wallpaper.cdn.pandora.xiaomi.com/thumbnail/webp/w1080/MiTv/00add43f734837f706ae2ec5c8b9194d799432d6f,CC00000008,体育,姆巴佩出生于法国法兰西岛塞纳，司职前锋，现效力于法国足球甲级联赛的巴黎圣日耳曼足球俱乐部。@视觉中国,['姆巴佩']
I01274710,现役NBA中距离之王,http://wallpaper.cdn.pandora.xiaomi.com/thumbnail/webp/w1350/MiTv/02d05387b4e85483b8f28855995192ee8ce7cc53c,CC00000008,体育,保罗在进攻端能随意调动对手，改变对手的防守策略。运球好是一个原因，中投准才是主要原因。而保罗最恐怖的是，他投得还特别准。保罗的其他能力可能不算拔尖，但单论中投，保罗可以说是联盟第一。@图虫创意,['菲尼克斯太阳', '太阳队', '克里斯·保罗']
I01157286,梅西的故事,http://wallpaper.cdn.pandora.xiaomi.com/thumbnail/webp/w1080/MiTv/0f002f5d182e04a8b2619cf961122193ad0b5338f,CC00000008,体育,事实上，梅西在赛场上个头不大，带球跑动灵活，速度飞快，如同一只逮不到的小跳蚤。想要阻挡梅西除了犯规，也没有别的什么好办法。@图虫创意,['梅西', '巴萨', '巴塞罗那俱乐部']
I01274711,现役NBA中距离之王,http://wallpaper.cdn.pandora.xiaomi.com/thumbnail/webp/w1350/MiTv/0c5efe958e41b460ea96ea153b87f1e477e2007b5,CC00000008,体育,伦纳德知道自己的不足后，便开始刻苦的训练。伦纳德最终练成了一手精准的中投，不但命中率高，而且还非常稳定，就像机器人一样。在练投篮后，伦纳德也没有停下进步的脚步，把自己的投篮变得更加顺滑了。@图虫创意,['快船队', '洛杉矶快船队', '科怀·伦纳德']
I01206407,夏天适合做什么运动？,http://wallpaper.cdn.pandora.xiaomi.com/thumbnail/webp/w1080/MiTv/0ad3144ea75387ce2baa4e820b0e8e51d89420dc8,CC00000008,体育,在打网球、羽毛球的过程中能够对眼睛、手部和全身进行锻炼，不仅仅可以强身健体，预防颈椎病，还可以促进身体的新陈代谢，有利于毒素排出体外。打球的时间应该保持50分钟以上，这样才可以真正的消耗身体多余的脂肪。@视觉中国,['网球拍', '专注', '网球', '网球场']
I01293896,快来运动一“夏”,http://wallpaper.cdn.pandora.xiaomi.com/thumbnail/webp/w1350/MiTv/0b6ad1875d7bc4343bcce2e3e2ef68c6119a8d52c,CC00000008,体育,骑单车可以使全身的肌肉得到拉伸和锻炼，尤其是肩膀、背部以及腿部的肌肉可以变得结实，让身体更加强壮。尤其在夏季，骑车的过程中出汗量增加，有助于改善体重和加快体内新陈代谢。@有料,['自行车', '比赛', '活力', '山地自行车', '健身', '拼搏', '锻炼', '单车']
I01196008,早餐前也可以锻炼？,http://wallpaper.cdn.pandora.xiaomi.com/thumbnail/webp/w1080/MiTv/0bd63d4594e064bc003359a2b39c11aa6b3a97b88,CC00000008,体育,如果你不习惯空腹锻炼，不妨带上能量棒，以免在运动时感到饥饿和头晕。@视觉中国,['活力', '健身', '跑步', '锻炼', '科普', '人物图']
I01208699,瑜伽助你改变,http://wallpaper.cdn.pandora.xiaomi.com/thumbnail/webp/w1080/MiTv/0609b05ee27e84d0208ae704a3e5ceff3f177b36a,CC00000008,体育,瑜伽动作讲究姿态的平衡，坚持练习瑜伽，可以提高基础代谢率，通过瑜伽的力量练习也可以增加身体肌肉含量，促进新陈代谢。@视觉中国,['瑜伽', '锻炼', '科普', '人物图']
I01272341,滑雪运动是如何发展的,http://wallpaper.cdn.pandora.xiaomi.com/thumbnail/webp/w1350/MiTv/0e46aa958463a4b0fa9a23c340b8c90aae6e0eca1,CC00000008,体育,早在几千年前，当人们的生产条件还很落后的时候，人类为了在恶劣的自然环境中生存，发明了可以代替行走的滑雪板。@视觉中国,['滑雪板', '滑雪', '冬天']
I01258359,盘点欧洲杯中的冷门赛事,http://wallpaper.cdn.pandora.xiaomi.com/thumbnail/webp/w1350/MiTv/049c7c1ce45994840b11f60ff6729cb902749f0eb,CC00000008,体育,身为2006年的世界杯亚军，2008年的法国队云集了亨利、里贝里、维埃拉等足坛巨星。但法国队的主帅多梅内克在之前的排兵布阵一直受到外界质疑，小组赛首场与本组最弱的罗马尼亚队战平之后，又接连败于荷兰和意大利脚下，最终小组赛即遭到淘汰。@视觉中国,['欧洲杯', '法国队', '蒂埃里·亨利']
I01261909,再见，小飞侠！,http://wallpaper.cdn.pandora.xiaomi.com/thumbnail/webp/w1350/MiTv/0c2c0d8a5e34a4410b202e558a4343a7c59e7e580,CC00000008,体育,2019年夏天，罗本在离开拜仁之后做出了退役的决定。但去年夏天，他却再次意外复出，加盟了家乡球队格罗宁根。遗憾的是，因为年龄再加上伤病的原因，罗本仅仅为球队出场7次，其中首发3次贡献了2次助攻。@视觉中国,['荷兰足球队', '球星', '阿尔杰·罗本']
I01215700,城市酷炫“暴风疾走”,http://wallpaper.cdn.pandora.xiaomi.com/thumbnail/webp/w1080/MiTv/083e5479c1b1a15433b1ca554a646a0439c41f8c1,CC00000008,体育,跑酷不需要专门的训练场地和设备，整个城市都可以作为它的训练场，围墙、屋顶、楼梯、桥梁等等都是他们飞越的对象。它不需要借助任何外部器械，一双运动鞋、一条运动裤、一件T恤便可以开始这项运动。@好看,['少年', '活力', '集装箱', '跑酷', '动感', '速度感', '小米精选']
I01157287,梅西的故事,http://wallpaper.cdn.pandora.xiaomi.com/thumbnail/webp/w1080/MiTv/052255b6a2f8b7b43825f6348a35e77c2d3428f74,CC00000008,体育,看到梅西现在拥有非常人的身体素质，谁又能回想起11岁的他被诊断出侏儒症，而被早已相中他的球队放弃。人们把他的成功都归功于天才的恩惠，其实他的天才是由后天努力得到的。@图虫创意,['梅西', '巴萨', '巴塞罗那俱乐部']
I01338142,世界杯奖项一览,http://wallpaper.cdn.pandora.xiaomi.com/thumbnail/webp/w1350/MiTv/0febccf9e758d4e59a6846860e3e6a44e0ceb57de,CC00000008,体育,对于这次梅西带领阿根廷夺冠，有人形象的比喻，梅西本来已经打算下山了，碰到了一群问路的孩子，他毫不犹豫的把他们带到了山顶。@图虫创意,['激动', '阿根廷', '大力神杯', '梅西', '卡塔尔世界杯']
I01272358,揭秘冬奥的冰状雪赛道,http://wallpaper.cdn.pandora.xiaomi.com/thumbnail/webp/w1350/MiTv/0c932b5974fd24da6b390f078dee2f166c32a3506,CC00000008,体育,随着北京冬季奥运会正式进入倒计时，所有冬奥会运动项目的赛场都在紧锣密鼓地制作中。其中最让人关注的自然是滑雪赛道，目前冬奥会专用的赛道是“冰状雪”赛道，冰状雪赛道光滑如镜，这对运动员来说将是一场更具难度的挑战。@锐景,['滑雪板', '滑雪', '刺激', '活力', '滑雪场']
I01256172,23号球星,http://wallpaper.cdn.pandora.xiaomi.com/thumbnail/webp/w1080/MiTv/021bb1aae525f4ebea878d57bc6101768a4e3095b,CC00000008,体育,格里芬确实老了，但即使他不再是那个“白魔兽”，实力依旧是全明星级别。格里芬除了臂展短了点，身体静态天赋很出色，不管是跑跳能力还是对抗这些，在4号位都是顶级。格里芬的进攻手段丰富，控球也出色。@图虫创意,['锻炼']
I01316018,趣味十足的水上帆船运动,http://wallpaper.cdn.pandora.xiaomi.com/thumbnail/webp/w1350/MiTv/0c3ae9f886d724fe09c881060c4849c1e0b6752a4,CC00000008,体育,帆船作为海洋文明的产物之一，是水上运动休闲的的重要项目。早在18世纪，俄罗斯的圣彼得堡就创建了世界上第一个帆船俱乐部。随后，帆船竞技运动开始流行。@有料,['休闲', '刺激', '帆船', '冒险', '水上运动']
I01256615,C罗的国家队生涯,http://wallpaper.cdn.pandora.xiaomi.com/thumbnail/webp/w1080/MiTv/08d106558d27c4d1a839bc3d4ab1ad10d5c116bcb,CC00000008,体育,C罗取得了国家队101场胜利。虽然无缘卫冕欧国联，这却是C罗代表国家队赢得的第101场胜利，具体来看胜率为百分之59点4，不算特别夸张，但对于葡萄牙来说，这绝对是载入历史的数据。@图虫创意,['C罗', '尤文图斯']
I01338094,姆巴佩仍在上山路上,http://wallpaper.cdn.pandora.xiaomi.com/thumbnail/webp/w1350/MiTv/0c7bb5cffba18402ca6111629e19d17d1af7b5496,CC00000008,体育,早在童年时期，因为父亲担任邦迪足球俱乐部的教练，所以姆巴佩就一直跟随父亲学习足球，通过自身在足球上的天赋和不断努力，青年时期加入摩纳哥足球俱乐部。@图虫创意,['决赛', '激动', '法国队', '姆巴佩', '卡塔尔世界杯']
I01206408,夏天适合做什么运动？,http://wallpaper.cdn.pandora.xiaomi.com/thumbnail/webp/w1080/MiTv/03d3184ea95484ce92aa46820d1e8c56d4324010a,CC00000008,体育,慢跑是一种常见的有氧运动，长期进行慢跑有利于心脏的健康，而且还可以防止脂肪的堆积。此外，在夏季选择快走也是不错的运动方式，在平地上进行快走不仅适合所有年龄段的人，而且不会对膝关节造成过多压力。@视觉中国,['背影', '道路', '运动服', '跑步', '奔跑']
I01212563,游泳一定不能有的习惯,http://wallpaper.cdn.pandora.xiaomi.com/thumbnail/webp/w1080/MiTv/04e5c157baaad4034306b9b304957c6e5c38bbff4,CC00000008,体育,做完剧烈运动后立刻去游泳。人们在进行剧烈运动的时候，人体的新陈代谢循环会明显的加强，而且人体的体温也会大幅度的升高。这个时候立刻去游泳，身体骤然受到冷水的刺激，体温会马上下降，这样对病毒的抵抗能力就会大大的削弱，很容易引起感冒。@有料,['优美', '游泳', '活力', '健身', '游泳池', '锻炼', '轻快']
I01275321,滑雪运动的益处,http://wallpaper.cdn.pandora.xiaomi.com/thumbnail/webp/w1350/MiTv/00d20a3c4c21b4f1da49b45ba0668f206128bb95a,CC00000008,体育,滑雪好玩但我们一定要注意安全哦！一定要为小孩准备好的行头，既防寒又可防伤。装备包括滑雪装、毛线滑雪帽、手套、滑雪鞋、滑雪板、滑雪杖和固定器等。@站酷海洛,['滑雪板', '滑雪', '锻炼', '动感']
I01052997,法国队夺冠之路,http://wallpaper.cdn.pandora.xiaomi.com/thumbnail/webp/w1080/MiTv/01ec635b7e68742271e2e3c1c41a525221c9d0249,CC00000008,体育,得益于优秀的青训体系，近年来法国队人才辈出，欧锦赛后以姆巴佩为代表的新星纷纷冒尖，信心满满的法国队期待着在世界足坛刮起更为强劲的“青春风暴”。@视觉中国,['世界杯']
I01222975,红土之王 纳达尔,http://wallpaper.cdn.pandora.xiaomi.com/thumbnail/webp/w1080/MiTv/0d6531584cc1a42182cb540bddab3d2e66665342a,CC00000008,体育,纳达尔在奥运会上的表现也是无可挑剔的，他获得过北京奥运会单打冠军，后来又在里约奥运会上与西班牙队友获得了男子双打冠军。@图虫创意,['拼搏', '纳达尔', '矫健']
I01259191,阿根廷晋级美洲杯8强,http://wallpaper.cdn.pandora.xiaomi.com/thumbnail/webp/w1350/MiTv/0f0855058fb4f4b35a0d237cdafc03ddf78a5a55b,CC00000008,体育,阿根廷延续美洲杯的平稳状态顺利击败巴拉圭，前3轮2胜1平保持不败，各项赛事不败纪录则达到16场。同时，A组第1的阿根廷已经宣告晋级8强。双方近5战阿根廷首胜巴拉圭。@视觉中国,['美洲杯', '巴拉圭']
I01103304,战车姆巴佩,http://wallpaper.cdn.pandora.xiaomi.com/thumbnail/webp/w1080/MiTv/0971a544f7ec3f60950872f0ec234b1d75641243a,CC00000008,体育,姆巴佩的母亲法伊扎是阿尔及利亚移民，曾是一名手球运动员，姆巴佩从小遗传了父母良好的体育基因。@视觉中国,['姆巴佩']
I01101026,帅气十足的林疯狂,http://wallpaper.cdn.pandora.xiaomi.com/thumbnail/webp/w1080/MiTv/0fe835c99ce83656dfc0c9ce4f9f504d92142f59c,CC00000008,体育,林书豪是一位头脑清醒的球员，不会被轻易打败，但会承担指责，这也是史蒂夫·纳什一贯如此的风格，有什么错都往自己身上揽，但他知道下一场会是一个全新的开始。@视觉中国,['林书豪']
I01047685,内马尔新生代,http://wallpaper.cdn.pandora.xiaomi.com/thumbnail/webp/w1080/MiTv/084bb055ef872413d2abe9000049e3f0d44df3018,CC00000008,体育,内马尔如今取得的成就，不仅因为在绿茵场上的表现，也因其在社交网络和商业市场的超凡影响力。他在社交媒体上取得的曝光和追随，是他之前任何一位前辈无法企及的。@图虫创意,['内马尔', '锻炼']
I01259554,欧洲杯上的不老传奇,http://wallpaper.cdn.pandora.xiaomi.com/thumbnail/webp/w1350/MiTv/0c669ef90beaf4a57bb8a2d15822f371d66c55458,CC00000008,体育,莫德里奇获得过克罗地亚足球先生、世界足球先生、俄罗斯世界杯金球奖的魔笛，带领克罗地亚闯进18年俄罗斯世界杯决赛并获得亚军，现在依然带领实力不是特别突出的克罗地亚活跃在欧洲杯赛场。@图虫创意,['克罗地亚', '比赛', '欧洲杯', '莫德里奇']
I01047686,内马尔新生代,http://wallpaper.cdn.pandora.xiaomi.com/thumbnail/webp/w1080/MiTv/0815446a78a365ba0b5b911dea9d2134daf40d4d9,CC00000008,体育,虽然内马尔自觉“长得不是非常帅”，但这并不妨碍他那张面对镜头习惯性扬眉坏笑卖萌的面孔，出现在户外广告牌、超市推车手柄上，以及电视节目间隙的广告中。凭借着在大众传播领域的巨大影响力。@图虫创意,['内马尔', '锻炼']
I01242732,新手滑雪必备攻略,http://wallpaper.cdn.pandora.xiaomi.com/thumbnail/webp/w1080/MiTv/0ed9842b2ee8fd002d6696c4f8e6f52144541203c,CC00000008,体育,在运动之前，大家一定要做好热身运动。虽然，面对好奇的滑雪场，大家都想拿着装备马上就开始滑雪；但是，如果没有活动开筋骨的话，会对身体造成非常大的伤害。@视觉中国,['滑雪板', '滑雪', '冬天', '滑雪爱好者']
I01269414,NBA现役玻璃人,http://wallpaper.cdn.pandora.xiaomi.com/thumbnail/webp/w1350/MiTv/03f0c01f3bc9145b086235d1e7e413a2a26130730,CC00000008,体育,乐福的能力毋庸置疑，有一手稳定的三分球能力，还有着很好的篮板能力，只不过乐福唯一的问题就是太脆了。在詹姆斯离开骑士后至今，乐福出战场次堪忧，期间因为腿部、肩部等各种伤病，乐福都缺阵许久。@图虫创意,['篮球场', '篮球赛', '乐福']
I01270915,让你冬季做个“暖人”,http://wallpaper.cdn.pandora.xiaomi.com/thumbnail/webp/w1350/MiTv/0614685961f0e47edb54e9672c273fdabb44f1c2e,CC00000008,体育,人在寒冷环境中锻炼，能提高大脑皮层的兴奋性，并促使其对体内各器官、系统加紧进行协调，增强中枢神经系统调节体温的功能，使体内产热和散热达到平衡，从而使身体适应寒冷天气。@视觉中国,['冰雪', '滑雪', '健身', '锻炼', '滑雪场', '小米精选', '身体']
I01355307,高空跳伞 勇敢者的运动,http://wallpaper.cdn.pandora.xiaomi.com/thumbnail/webp/w1350/MiTv/06b654fefa635442cbd0f0e2aad999fb09457fdcd,CC00000008,体育,跳伞运动发展至今，已经延伸出了多个种类，比较常见的有定点跳伞、高空跳伞和水上跳伞，这些跳伞方式相对来说安全性也更高。除此之外还有特技跳伞、造型跳伞、表演跳伞等，这些花式跳伞一般都由专业人士来完成。@有料,['刺激', '勇敢', '跳伞', '极限运动', '冒险', '滑翔伞']
I01242782,中场大脑 哈维,http://wallpaper.cdn.pandora.xiaomi.com/thumbnail/webp/w1080/MiTv/053f5549e87fd4bfe2a51fb880dc72a71771e46eb,CC00000008,体育,哈维有准确转移球的能力，大局观强，掌握着场上的局势，长短传俱佳，传球隐蔽性强，极具穿透力。拥有华丽的脚法，盘带很少丢球，现在的哈维已经退役，离开了她热爱的足坛。@图虫创意,['勇敢', '拼搏', '锻炼']
I01138365,萨拉赫 安菲尔德之王,http://wallpaper.cdn.pandora.xiaomi.com/thumbnail/webp/w1080/MiTv/0dbdc58df4e4d3f1e9d1c3b11b455a6d5c3430e97,CC00000008,体育,萨拉赫从小就与足球结下不解之缘。他小的时候，大罗正值职业巅峰期，那时的萨拉赫把大罗当成自己的偶像，并立志，以后要成为一名像大罗一样优秀的球员。@图虫创意,['利物浦', '萨拉赫']
I01253094,勇者的挑战：山地骑行,http://wallpaper.cdn.pandora.xiaomi.com/thumbnail/webp/w1350/MiTv/09aae5456a8dc41f5b8c5f7d3e610e02ac814ae25,CC00000008,体育,山地骑行尤其要注意下坡时的安全，下坡前请确定刹车系统是否工作正常，严格控制车速，禁止站立式下坡，前后车车距保持在5-10米距离。@视觉中国,['自行车', '山地自行车', '骑行', '极限运动', '小米精选', '口碑壁纸']
I01286893,NBA助攻王保罗,http://wallpaper.cdn.pandora.xiaomi.com/thumbnail/webp/w1350/MiTv/06d6c4c1787e24b148e774d4ebaae7f9fb2f45506,CC00000008,体育,从20岁出道即巅峰，一直保持到36岁仍然是巨星，这样的巅峰持久性，放眼NBA历史也是数一数二的。其中在07-08赛季的时候，年仅22岁的保罗就交出了场均21.1分4篮板11.6助攻2.7抢断的劲爆数据。@图虫创意,['菲尼克斯太阳', '太阳队', '克里斯·保罗']
I01222978,球哥 鲍尔,http://wallpaper.cdn.pandora.xiaomi.com/thumbnail/webp/w1080/MiTv/0a65356847c6a52160cb590bd93b30246ac422dd1,CC00000008,体育,鲍尔早在高中时就名震全美，他和两个弟弟还有父亲在美国有着很高的知名度，甚至有自己的真人秀。因为自己的名字直译就是球的意思，加上他是三个兄弟里的老大，所以国内球迷都爱叫他“球哥”。@图虫创意,['球星', '努力', '矫健', '朗佐·鲍尔']
I01316115,冬天，更要学会科学运动,http://wallpaper.cdn.pandora.xiaomi.com/thumbnail/webp/w1350/MiTv/0dbec3f3e71ee47669877475403623dd7349b850d,CC00000008,体育,在冬季适当的运动可以加快血液循环，增加大脑氧气的供应量，增强血管的弹性。能消除大脑因长时间学习带来的疲劳感，还能增强记忆力，提高学习、工作效率。@视觉中国,['体育场', '冬天', '锻炼', '科普']
I01237749,英超三大帅气球星,http://wallpaper.cdn.pandora.xiaomi.com/thumbnail/webp/w1080/MiTv/055e1561efdd7e53d5e460e4f0f74a3791a405e54,CC00000008,体育,吉鲁，切尔西。吉鲁是一个勤奋刻苦型的球员，并有着远大的志向，已经成为了一名伟大的球员，具备一些其他人没有的品质。@图虫创意,['勇敢', '拼搏', '锻炼']
I01286187,谁是联盟未来门面球星,http://wallpaper.cdn.pandora.xiaomi.com/thumbnail/webp/w1350/MiTv/02c2453631cc5440c9ffc7050e7443d21cadf576d,CC00000008,体育,多项数据高居队史前列，你很难想象特雷杨目前刚刚23岁，未来还将创造怎样的奇迹不得而知。特雷杨已经以场均28+9成为NBA全明星首发后场，根据美国媒体对本赛季控卫排名，特雷杨仅次于库里和东契奇，高居现役第三的位置。@图虫创意,['球星', '老鹰队', '特雷·杨']
I01253095,勇者的挑战：山地骑行,http://wallpaper.cdn.pandora.xiaomi.com/thumbnail/webp/w1350/MiTv/025d2ed41043b40ef97216a8384fbf9c23dad20ab,CC00000008,体育,山地骑行进弯一向是非常讲究技巧的。进弯前务必提前减速，刹车时要同时轻按前后刹，并保证两边施力均衡，以调节前后轮负荷，避免车身失控、转向偏移的情况。进弯后则要及时松开刹车，以免后轮打滑。@视觉中国,['自行车', '山地自行车', '骑行', '极限运动', '小米精选', '口碑壁纸']
I01242269,绿军队魂 皮尔斯,http://wallpaper.cdn.pandora.xiaomi.com/thumbnail/webp/w1080/MiTv/0339bd42d43984e073fc743f6eac074d99d1ab38b,CC00000008,体育,在07年的休赛期，决意孤注一掷的凯尔特人队几乎送走了除皮尔斯以外，所有能用的筹码，换来了凯文-加内特与雷-阿伦。这是一笔震惊联盟的操作，凯尔特人队从联盟倒数的鱼腩，跃居为夺冠热门。@图虫创意,['拼搏', '锻炼', '奋斗']
I01242724,单板滑雪运动,http://wallpaper.cdn.pandora.xiaomi.com/thumbnail/webp/w1080/MiTv/06d98c4b25eff400216692c4f0b6f32442826e12e,CC00000008,体育,1965年，一位叫谢尔曼·波彭的滑雪爱好者仿照海上冲浪板为自己的孩子制作了一块滑雪板，取名“斯纳菲尔”，即雪上冲浪的意思。@视觉中国,['滑雪板', '滑雪', '滑雪爱好者', '滑雪场']
I01194928,终极滑雪宝典,http://wallpaper.cdn.pandora.xiaomi.com/thumbnail/webp/w1080/MiTv/04bca2496a55944492b4c833c47ef40d8fad7d3c6,CC00000008,体育,滑雪是一门有技术含量的运动，现代的滑雪比赛，优秀的滑雪运动员大多采用深屈膝、以上体与地面平行流线型的姿势，提前进行跳跃，克服各类陡坡，然后腾空。@有料,['滑雪板', '滑雪', '刺激', '激情', '滑雪服', '极限运动', '竞技', '热血', '滑雪场']
I01303053,橄榄球运动知识,http://wallpaper.cdn.pandora.xiaomi.com/thumbnail/webp/w1350/MiTv/080a21841025e4e40a0f491aa0e3c68d03412933e,CC00000008,体育,橄榄球运动可以有效改善呼吸系统的功能。橄榄球是集跑步与腿部运动於一身的。在跑步，传球，射球等的过程中，会加强呼吸的深度，从而吸进更多氧气，排出更多的二氧化碳，从而使肺活量增大，肺功能加强。@图虫创意,['橄榄球', '奥运会', '团结', '锻炼']
I01215382,篮坛的那些“神射手”,http://wallpaper.cdn.pandora.xiaomi.com/thumbnail/webp/w1080/MiTv/0794df4830f2442a411e174fe19842eca87078eaa,CC00000008,体育,尼古拉·约基奇作为一名中锋，拥有着出色的三分投射能力和精湛的传球技术；他的技术全面又不失灵活，更有着终结比赛的能力，潜力无限。@图虫创意,['篮球场', '篮球赛', '尼古拉·约基奇']
I01271332,欧足联中的强力中锋,http://wallpaper.cdn.pandora.xiaomi.com/thumbnail/webp/w1350/MiTv/06646eba558794efab4667ae2668c6b7c7cd8f673,CC00000008,体育,阿卡迪乌斯·米利克出生于荷兰，现效力于欧洲一级联赛，他主打中锋，是球队不可或缺的一环。他的射门能力虽然有所欠缺，但大局观强，且防守区域大，是场上有力的防守大闸，他曾代表荷兰征战过18年俄罗斯世界杯。@锐景,['荷兰', '活力']
I01292842,一起乘风破浪吧,http://wallpaper.cdn.pandora.xiaomi.com/thumbnail/webp/w1350/MiTv/0fd2d2f3fc65b4e1cac3ead36e78ba0c436fd185c,CC00000008,体育,学会越浪，大部分时间新手都有可能被浪打回来。在白浪冲击到板头时，双手撑住板弦，将整个身体撑起，同时让白浪从你的板子和身下流过。@米拍/Visualsofdana.I,['冲浪', '夏天', '大海湖泊', '锻炼']
I01195097,没想到骑车还能治病,http://wallpaper.cdn.pandora.xiaomi.com/thumbnail/webp/w1080/MiTv/066c7d4def4da4c8730226bdaf5cc01857a0e9d6b,CC00000008,体育,在国外，利用自行车来健身的屡见不鲜，骑行作为一项运动，动作舒缓，容易实施，而且对一些可能患高血压的人来说十分安全。有时比药物更有效，运动使血管变粗，血流加快，自然有降压作用的啦！@有料,['草坪', '公路', '积极', '自行车', '头盔', '山地自行车']
I01195260,滑雪小贴士,http://wallpaper.cdn.pandora.xiaomi.com/thumbnail/webp/w1080/MiTv/03bca2596a599444f2b4c333c4bef4098fad2d3c6,CC00000008,体育,初学者在初次滑雪时难免要摔几次，为减少摔倒次数，滑雪者们要提前了解滑雪小技巧，在滑雪前的站姿保持双膝弯曲、双肘微曲、重心向前、眼看远方；在滑雪时保持八字形前进；滑雪停下时速度逐渐慢减；要摔倒时记住让身体呈放松状态。@有料,['雪橇', '滑雪', '滑雪爱好者', '快乐', '自由', '锻炼']
I01202597,出道即巅峰 特雷·杨,http://wallpaper.cdn.pandora.xiaomi.com/thumbnail/webp/w1080/MiTv/0a9855543a4de4d9330f66317a7912403cad55350,CC00000008,体育,特雷·杨的远距离扫射没有明显的蓄力调整，不依赖于所处的节奏，不管是顺境还是逆境，只要过了半场，他就随时都有可能扣动扳机。球风像特雷·杨这么疯狂的家伙，整个NBA历史上也寥寥无几。@图虫创意,['NBA常规赛', '球星', '特雷·杨']
I01197708,滑板入门,http://wallpaper.cdn.pandora.xiaomi.com/thumbnail/webp/w1080/MiTv/039855443a48e4d9d30f6b317ab9124b3cad65350,CC00000008,体育,将一只脚放在滑板上，并且能够平稳的滑行的时候，就可以考虑将两脚同时放在滑板上了。这时候上身要微微向前倾斜，并且手臂伸展，膝盖弯曲。@图虫创意,['滑板', '男孩', '酷帅']
I01051028,内马尔 巴西的新希望,http://wallpaper.cdn.pandora.xiaomi.com/thumbnail/webp/w1080/MiTv/01183f52475b84a462bd3604c5ba5e75d54856211,CC00000008,体育,内马尔敏捷的思维，很短的时间里作出反应，快节奏地过人、射门。巴西人喜欢五人制足球，崇拜脚法出色的球星，源于对自由和快乐的追求。可以说五人制足球孕育出了内马尔。@视觉中国,['巴西', '世界杯', '内马尔', '锻炼']
I01082250,天才射手库蒂尼奥,http://wallpaper.cdn.pandora.xiaomi.com/thumbnail/webp/w1080/MiTv/0d71853fd9439a00519ccd8882d71ea29f74192bf,CC00000008,体育,库蒂尼奥在达伽马的两年，他成为中场核心，而在这两个赛季中，库蒂尼奥作为达伽马的中场核心，凭借自己组织、进球、助攻无所不能的表现成为了巴西球迷眼中的宠儿。@视觉中国,['库蒂尼奥']
I01355309,冰雪运动安全指南,http://wallpaper.cdn.pandora.xiaomi.com/thumbnail/webp/w1350/MiTv/03b01976255ad4cc998b6cbbe691baf0510d2b086,CC00000008,体育,在进行冰雪运动前，一定要进行比往常更加充分的准备活动，使肌肉、关节的性能达到最佳水平。在寒冷天气中，建议大家将准备活动的时间延长到20-25分钟，或到身体开始发热，微微出汗为止。@站酷海洛,['滑雪板', '滑雪', '滑雪爱好者']
I01194965,跳伞那些事儿,http://wallpaper.cdn.pandora.xiaomi.com/thumbnail/webp/w1080/MiTv/0f469c53ead52497b2068b389ad4d5b173330002e,CC00000008,体育,目前，滑翔伞是最廉价的一种简易飞行器。人们驾驶着滑翔伞可以自由的升空，寻着气流去爬升，盘旋，越野，可以实现长时间的留空飞行操作。@视觉中国,['跳伞', '锻炼', '滑翔伞']
I01286894,NBA助攻王保罗,http://wallpaper.cdn.pandora.xiaomi.com/thumbnail/webp/w1350/MiTv/0db600fc6aa1f4d1da92aa31e03cc54723f22d577,CC00000008,体育,如今14年过去了，保罗还可以拿到场均14.7分4.4篮板10.8助攻。尽管得分不像年轻时那样犀利，但保罗的传球和组织，却依旧独领风骚。@图虫创意,['菲尼克斯太阳', '太阳队', '克里斯·保罗']
I01196010,上马前的必备知识,http://wallpaper.cdn.pandora.xiaomi.com/thumbnail/webp/w1080/MiTv/039855443a46e4d9630f63317a3912403cad85350,CC00000008,体育,备马步骤可大致分为：刷马、戴水勒、备鞍、抠蹄、打绑腿和戴护腿等。在任何情况下备鞍，都必须先刷拭马匹，起码要简单刷拭被毛，保证马毛平顺、无细碎污物。@图虫创意,['马术', '贵族', '知识']
I01253096,勇者的挑战：山地骑行,http://wallpaper.cdn.pandora.xiaomi.com/thumbnail/webp/w1350/MiTv/042abdc29b8804030852bb67e05af0db0f53a8e6c,CC00000008,体育,在长下坡路段，紧绷的身体会让你手脚酸得特别快，放轻松才能骑得快。屁股离开座垫并往后移，同时弯曲你的手臂，让你的大腿内侧稍微碰到座垫，平衡你的重心于踏板上。@视觉中国,['自行车', '山地自行车', '骑行', '极限运动', '小米精选', '口碑壁纸']
I01215704,最具观赏性的街头运动,http://wallpaper.cdn.pandora.xiaomi.com/thumbnail/webp/w1080/MiTv/083e5479c4b1a3543db1c7554664670436c41f8c1,CC00000008,体育,日复一日练交叉步、胯下控球、负角度投篮，是为了能在绝地中找到出手空间，成为街头最酷的单挑王，享受观众的呐喊声。@好看,['球场', '挑战', '热血', '青年']
I01329198,世界杯必看男神,http://wallpaper.cdn.pandora.xiaomi.com/thumbnail/webp/w1350/MiTv/0e3a0ead28b9f40f793aaa1b038ff05ca7ed1401a,CC00000008,体育,葡萄牙国家队队长C罗，律己极严，注重饮食和休息，每天训练，即使已经37岁，外型和状态依然顶尖。这届很可能是最后一次在世界杯欣赏到C罗英姿，要好好珍惜！@视觉中国,['C罗', '葡萄牙队', '卡塔尔世界杯']
I01270945,滑雪的超实用技巧,http://wallpaper.cdn.pandora.xiaomi.com/thumbnail/webp/w1350/MiTv/0acea06c55c1a4bf6a1bb2e72f1e7dd0f7c6511ac,CC00000008,体育,试戴雪镜的时候要注意是否舒适，以及雪镜于鼻梁之间的空隙，如果空隙过大，雪镜就会起雾。起雾是很影响滑雪安全的。所以一定要选择适合脸部尺寸的雪镜。@图虫创意,['滑雪', '滑雪爱好者', '锻炼', '滑雪场']
I01197669,为什么有瑜伽休息术 ,http://wallpaper.cdn.pandora.xiaomi.com/thumbnail/webp/w1080/MiTv/0f9855443a45e4d9f30f69317a3912493cad15350,CC00000008,体育,这是一个对于任何人有益的方法，可以放松身体的每个地方，能够有效消除疲倦。@有料,['瑜伽', '站立']
I01316116,冬季要学会科学运动,http://wallpaper.cdn.pandora.xiaomi.com/thumbnail/webp/w1350/MiTv/0c8b3a91892b64d438f8c2fa030f056b691354dce,CC00000008,体育,气温下降会造成肌肉、肌腱和韧带的弹力和伸展性降低，肌肉的黏滞性增强，关节活动范围减小。所以运动前要注意活动全身各大关节，使全身发热至微微出汗后，再正式开始运动。@视觉中国,['大气', '体育场', '锻炼', '科普', '小米精选']
I01367244,适合夏季的清凉户外运动,http://wallpaper.cdn.pandora.xiaomi.com/thumbnail/webp/w1350/MiTv/0dbb1b22b117c4a2fbb9d6c1dd2b4bd04606fd3d5,CC00000008,体育,看腻了海面的风景，玩够了水上项目，可以体验潜水的魅力，感受神秘的海底世界。它的乐趣首先在于与陆地环境完全不同的体验，海水能将陆地上的一切嘈杂屏蔽，你的耳朵可以清晰地听见自己的呼吸，这是一种异常宁静的感觉。@有料,['潜水', '潜水员', '气泡', '清凉']
I01051941,梅西因快而生,http://wallpaper.cdn.pandora.xiaomi.com/thumbnail/webp/w1080/MiTv/05414544d5786f7ade1757cbaf043303ea340ed71,CC00000008,体育,正常的人是腿部摆动幅度越大射出的球速度越快，而梅西就能尽力的减少腿摆动的幅度，稍微闪出空挡，腿几乎不摆，出脚速度非常快。@视觉中国,['阿根廷', '梅西', '锻炼']
I01242726,单板滑雪运动,http://wallpaper.cdn.pandora.xiaomi.com/thumbnail/webp/w1080/MiTv/0a916746f6dbe4eae186d925dee5da92bf8bb1659,CC00000008,体育,单板滑雪运动吸引了不少拒绝追随主流、不愿墨守成规的滑板运动爱好者.不仅如此，这项运动也博采众长，借鉴和吸纳了滑板、雪橇、冲浪以及滑雪的多种技术动作。@视觉中国,['滑雪板', '滑雪', '滑雪爱好者', '滑雪场']
