I01073587,帅气少年王俊凯,http://wallpaper.cdn.pandora.xiaomi.com/thumbnail/webp/w1080/MiTv/0498f84745861406e151f4fe18db7847d13339fa5,CC01000019,男星,照片中，王俊凯身穿白色衬衫，白纱遮眼，五官精致，笑容明朗，飘扬的白丝带，令俊美少年宛如画中仙子。@视觉中国,['TFBOYS', '酷帅', '王俊凯', '明星', '男明星']
I01073588,帅气少年王俊凯,http://wallpaper.cdn.pandora.xiaomi.com/thumbnail/webp/w1080/MiTv/09a7f7493514648400eee092973451d0cce3a2da0,CC01000019,男星,王俊凯一直都是很多小姐姐心中的白马王子，帅气低调优秀内敛，高贵优雅的同时，也不失初恋男友的那种感觉。@视觉中国,['TFBOYS', '酷帅', '王俊凯', '明星', '男明星']
I01073544,王一博,http://wallpaper.cdn.pandora.xiaomi.com/thumbnail/webp/w1080/MiTv/0338e3410a9a44bd938d5699d7464f172162dcefe,CC01000019,男星,王一博不善言辞，却是天生的舞台王者，有着与生俱来的舞蹈天赋。他回答问题言简意赅，自带点小傲娇。@视觉中国,['小鲜肉', '王一博']
I01166687,夏日霸屏男主,http://wallpaper.cdn.pandora.xiaomi.com/thumbnail/webp/w1080/MiTv/0b7d90471a86b40f03bcbb23e57f7567083d2a684,CC01000019,男星,在漫改剧《陈情令》中，王一博饰演的蓝忘机为姑苏蓝氏二公子，性格冷淡不苟言笑，佩有卷云纹抹额，为人雅正端方，不染尘埃，为人正直，逢乱必出，被称“皎皎君子，泽世明珠”。@有料,['牛仔裤', '小鲜肉', '酷帅', '王一博']
I01049896,王俊凯,http://wallpaper.cdn.pandora.xiaomi.com/thumbnail/webp/w1080/MiTv/0ca3054d88c974b9c3887f6d852196fabcf2927dd,CC01000019,男星,“我的生活不是偶像剧。”王俊凯是如此评论自己的生活的。出道至今，曾经的山城少年已经成为撩倒无数粉丝的明星。@图虫创意,['王俊凯']
I01105469,少年偶像王一博,http://wallpaper.cdn.pandora.xiaomi.com/thumbnail/webp/w1080/MiTv/0616325c130b6490a13df6f48f48755aab6b5dc83,CC01000019,男星,《创造101》中的舞蹈导师王一博，是中韩组合UNIQ的舞蹈担当。他虽不善言辞，却是天生的舞台王者，有着与生俱来的舞蹈天赋。@有料,['酷帅', '王一博', '小米精选']
I01073545,王一博,http://wallpaper.cdn.pandora.xiaomi.com/thumbnail/webp/w1080/MiTv/0438e3410a9a44bda38d5f99d7964f1721625cefe,CC01000019,男星,王一博有着很高的颜值和优秀的舞技，除了在综艺上表现亮眼，也逐步在影视圈崭露头角。@视觉中国,['小鲜肉', '王一博']
I01105470,少年偶像王一博,http://wallpaper.cdn.pandora.xiaomi.com/thumbnail/webp/w1080/MiTv/06a0c453b2880ae864817312e89f8c3453a40055c,CC01000019,男星,从青涩新人到第一次拍戏到担当主角，天分与努力并存。无论是担任练习生导师还是影视剧主角，王一博一直在前进。@有料,['酷帅', '王一博', '小米精选']
I01108663,王俊凯,http://wallpaper.cdn.pandora.xiaomi.com/thumbnail/webp/w1080/MiTv/05e9f5c59fc1e6bd1920cf9f404b1aa9d8f42fa54,CC01000019,男星,王俊凯出席第17届中国电影华表奖，以热诚赤子之心致敬中国电影，写真展现高冷绅士范儿。@视觉中国,['酷帅', '王俊凯']
I01167743,易烊千玺,http://wallpaper.cdn.pandora.xiaomi.com/thumbnail/webp/w1080/MiTv/02e69f45399904bde373f89aee554715e768161d8,CC01000019,男星,易烊千玺是个不折不扣的暖男。他收养了九只猫咪，在社交媒体上晒猫咪的频率比晒自拍还要高。@图虫创意,['牛仔衣', '酷帅', '易烊千玺']
I01176262,易烊千玺,http://wallpaper.cdn.pandora.xiaomi.com/thumbnail/webp/w1080/MiTv/0d946e5f70d314edc1e1f5a310a89d236a79f34e7,CC01000019,男星,除了演戏和唱歌，易烊千玺在闲暇之余还喜欢做雕塑，或者用绘画记录生活。在近日出席的晚会活动上，他还亲自设计了话筒，难掩艺术天赋！@视觉中国,['酷帅', '易烊千玺', '明星']
I01046015,TFBOYS独当一面,http://wallpaper.cdn.pandora.xiaomi.com/thumbnail/webp/w1080/MiTv/02d68c5152e1d4c671cfea36723d1d9fbc21da674,CC01000019,男星,高考结束后的王俊凯受邀出席了2018春夏米兰时装周，王源倾向于塑造有底蕴有朝气的青年人形象。易烊千玺则偏爱选择小众杂志，风格较为独特，被粉丝称赞：“易烊千玺有一张高级脸。”@图虫创意,['TFBOYS', '王源', '王俊凯', '易洋千玺', '小米精选']
I01105471,少年偶像王一博,http://wallpaper.cdn.pandora.xiaomi.com/thumbnail/webp/w1080/MiTv/031635bc1b066a90bc3dfbf486d8795ca43418f52,CC01000019,男星,王一博虽然年纪不大，但实力不容小觑，他为观众们带来接连不断的惊喜，受到了越来越多人的喜爱。@有料,['酷帅', '王一博', '小米精选']
I01046013,TFBOYS独当一面,http://wallpaper.cdn.pandora.xiaomi.com/thumbnail/webp/w1080/MiTv/0b75e568eecb5d6418515eb3fefb9f4c1164070ed,CC01000019,男星,2017年9月16日，TFBOYS三名成员同时宣布成立各自的工作室，这意味着三个人都已经成长为能独当一面的艺人了。@图虫创意,['TFBOYS', '王源', '王俊凯', '易洋千玺', '小米精选']
I01100628,易烊千玺,http://wallpaper.cdn.pandora.xiaomi.com/thumbnail/webp/w1080/MiTv/0bf9a4f60f72085b1b162ded2d9a48f17a24144ef,CC01000019,男星,年少成名，在追捧和簇拥中，易烊千玺没有迷失自我，他很笃定自己可以靠实力去说话。他身上谦卑努力的特质，对自己清晰的认知，改变了许多人曾经的偏见。@图虫创意,['眼镜', '易烊千玺']
I01067827,王俊凯,http://wallpaper.cdn.pandora.xiaomi.com/thumbnail/webp/w1080/MiTv/029e5467824e9f7f312b957644d8fce0a5e43535c,CC01000019,男星,《解忧杂货店》拍摄过程中，王俊凯和导演沟通，认为小波已经长大了，可以有更好的处理方式。这也就有了这场戏里王俊凯的情绪爆发，他说自己私底下被压抑的情绪也会放到这场戏上。@图虫创意,['王俊凯']
I01288079,周杰伦最牛的粉丝,http://wallpaper.cdn.pandora.xiaomi.com/thumbnail/webp/w1350/MiTv/0e1797178976046b0b1165e8b958c2121eb915980,CC01000019,男星,在《中餐厅2》中，王俊凯被问到自己是不是很喜欢周杰伦，他毫不犹豫地点头，答道：“周董的歌真的很好听。”无论在什么场合提起周杰伦，王俊凯眼中都盛满了星星。周杰伦在重庆开过的每一场演唱会，只要有时间，他一定一场不落地去看，每首歌都会听。@好看,['酷帅', '王俊凯', '文艺范']
I01045191,TFBOYS更好的未来,http://wallpaper.cdn.pandora.xiaomi.com/thumbnail/webp/w1080/MiTv/0bd68c4152e8d4c6d1cfe636726d1d95bc217a674,CC01000019,男星,2017年9月16日，TFBOYS成员王俊凯、王源、易烊千玺三人同时开通个人工作室官方微博。TFBOYS组合不会解散，设立工作室的目的是在优先保证组合活动的前提下，追求个人更大的发展空间。@图虫创意,['TFBOYS', '王俊凯']
I01046014,TFBOYS独当一面,http://wallpaper.cdn.pandora.xiaomi.com/thumbnail/webp/w1080/MiTv/04d685c151e2d6c610cfe9367ead1496be24172dc,CC01000019,男星,粉丝越来越在意自己偶像的资源和地位。如今他们正式宣布单飞不解散也是时代俊峰的无奈之举。而“不解散”战略也是为了留住“TFBOYS”这个时代的印记。@图虫创意,['TFBOYS', '王源', '王俊凯', '易洋千玺', '小米精选']
I01056671,TFBOYS,http://wallpaper.cdn.pandora.xiaomi.com/thumbnail/webp/w1080/MiTv/0478454c7d86742083715b7180625a25c676e5c6f,CC01000019,男星,在经过公司系统培训之后，行为模式与艺人相差无几，体现出超龄的成熟。@图虫创意,['TFBOYS', '易洋千玺']
I01284357,林一新剧开机,http://wallpaper.cdn.pandora.xiaomi.com/thumbnail/webp/w1350/MiTv/06b30707d2f454378b7197742ee5e9c30348e2d5f,CC01000019,男星,男主是陈光普，是一个家境优越，嘴贫地搞笑的男生。这与林一之前演出的男神，学霸的类型有一定的出入，也是一种新的挑战，期待不一样的林一。林一，李兰迪两人的cp感实在是太强了，这一次的合作，大家期待吗？@好看,['电视剧', '明星', '男明星']
I01097368,网友最想撮合的明星们,http://wallpaper.cdn.pandora.xiaomi.com/thumbnail/webp/w1080/MiTv/02cd05f98f65a6a7d24f52938dc9b06dd4640b4bd,78753f1a-39a4-11e5-83cb-70e52b253bb7,女星,杨紫的单纯、努力以及开朗，让很多人从她身上看到了自己的影子。不知道是否是因为和张一山一起合拍电视剧的原因，很多网友总觉得他们“配一脸”，很有CP像。@有料,['杨紫']
I01047229,王源,http://wallpaper.cdn.pandora.xiaomi.com/thumbnail/webp/w1080/MiTv/084bb445ed842b13d2abe3000239ecf0ddf421030,CC01000019,男星,粉丝喜欢，我就很庆幸了，粉丝和我非亲非故的，他们能喜欢，我就很感动。但你不能要求别人一直喜欢你，你只能慢慢地尽自己努力做到最好。——王源@图虫创意,['TFBOYS', '酷帅', '王源']
I01101372,翩翩少年王源,http://wallpaper.cdn.pandora.xiaomi.com/thumbnail/webp/w1080/MiTv/0e9005500e8fd47390f59a7215f3caf3a19b9062f,CC01000019,男星,王源拥有独特的嗓音，帅气的外表，阳光温暖的气质。他谦逊得体的举止圈粉无数，成为00后最具影响力的唱作歌手之一。@有料,['TFBOYS', '王源', '小米精选']
I01246806,这些男星体重有多夸张？,http://wallpaper.cdn.pandora.xiaomi.com/thumbnail/webp/w1350/MiTv/074df47c7b2bd20a8e588ba254f24258a77423a11,CC01000019,男星,此前王俊凯为了拍戏暴瘦，身高近180cm的他却只有96斤左右！这体重跟许多女明星的体重差不多了，整个人瘦了一圈，脸颊消瘦，轮廓明显，下巴都瘦的凸出了！@今日必看,['小鲜肉', 'TFBOYS', '王俊凯', '男团', '明星', '男明星']
I01045963,TFBOYS砥砺前行,http://wallpaper.cdn.pandora.xiaomi.com/thumbnail/webp/w1080/MiTv/0775ed58e6c1546410515fb3f09b9e4a16b19fc7b,CC01000019,男星,TFBOYS走过了四年的时间。十年之约虽日头未半，但时间的历炼给TFBOYS带来的远不止眼前的荣誉与赞美，一路走来的坎坷与艰辛，以梦为马的坚持与决心，更是让TFBOYS破茧化蝶，砥砺前行。@图虫创意,['浴缸', 'TFBOYS', '王源']
I01100629,易烊千玺,http://wallpaper.cdn.pandora.xiaomi.com/thumbnail/webp/w1080/MiTv/0cf9af46027f045b811623ed243a4ef77f21f914b,CC01000019,男星,《Nothing to Lose》是易烊千玺的第一支英文单曲，如今，这首Trap曲风的作品已经在不少音乐平台拿下了冠军位置。@图虫创意,['玩具', '易烊千玺']
I01101373,翩翩少年王源,http://wallpaper.cdn.pandora.xiaomi.com/thumbnail/webp/w1080/MiTv/069005500e8fd473c0f590721573caf9a19b8062f,CC01000019,男星,王源说到自己身为偶像艺人的时候，要给大家带来比较正面积极的能量，虽然有点累，不过他表示还是非常值得的。与此同时，他也希望有时候能稍微轻松与自我一点点。@有料,['TFBOYS', '酷帅', '王源']
I01073541,王源,http://wallpaper.cdn.pandora.xiaomi.com/thumbnail/webp/w1080/MiTv/09ad8a4f7e38640492797db174a61e11767668e0b,CC01000019,男星,王源拥有独特的嗓音，让人惊艳，由他作词作曲的作品展现出不容小觑的创作实力 ，获得许多专业人士的认可，其创意和天赋可见一斑，“ 才子”一称也实至名归。@视觉中国,['TFBOYS', '王源']
I01040290,谁人不识周杰伦？,http://wallpaper.cdn.pandora.xiaomi.com/thumbnail/webp/w1080/MiTv/057b86401b2b14a9523cd2507bb56e751611e0c60,CC01000019,男星,大多数人承认周杰伦创作才华是建立于歌曲中青春记忆和情感思维上的共鸣，但是其实周杰伦之所以能如今日般称霸乐坛，其歌曲中作曲部分的风格和才华才是更让人值得称道的部分。@视觉中国,['头盔', '周杰伦']
I01101374,翩翩少年王源,http://wallpaper.cdn.pandora.xiaomi.com/thumbnail/webp/w1080/MiTv/069005500e8fd47300f5957215b3cafaa19b6062f,CC01000019,男星,王源说到自己身为偶像艺人，要给大家带来比较正面积极的能量，虽然有点累，不过他表示还是非常值得的。与此同时，他也希望有时候能稍微轻松与自我一点点。@有料,['TFBOYS', '酷帅', '王源', '小米精选']
I01168560,刘昊然,http://wallpaper.cdn.pandora.xiaomi.com/thumbnail/webp/w1080/MiTv/03140a4962b5b4b633f118ae7d565aedf93b30e98,CC01000019,男星,刘昊然在同龄男演员里表现出色，从电影到电视剧作品几乎没有“失手”。他从未进中戏时的青涩到经过系统训练的专业，都有拿得出手的作品。@视觉中国,['T恤', '刘昊然', '酷帅']
I01286403,王源为什么不学表演,http://wallpaper.cdn.pandora.xiaomi.com/thumbnail/webp/w1350/MiTv/00b56cc8ea7e74a8db3e2586b3ea8b6dba0559a99,CC01000019,男星,2018年11月17日生日会，他穿着高定，画着精致的妆，灯光洒下来，他背对着观众问：“如果有一天，我选择了另外一条道路，还会不会有人支持我？”2018年12月3日，他被拍到参加伯克利面试。@好看,['酷帅']
I01095321,易烊千玺,http://wallpaper.cdn.pandora.xiaomi.com/thumbnail/webp/w1080/MiTv/0311204511fa3463933acd76a2d1e083a64aafa9a,CC01000019,男星,印度尼西亚雅加达亚运会闭幕式“杭州时间”表演的总导演陈维亚所说：“易烊千玺青春活力的健康形象，尤其受到年轻观众喜爱，也非常适合参与演唱主题歌。”@视觉中国,['浅色背景', 'TFBOYS', '舞者', '易烊千玺', '男团']
I01296930,流量小生王俊凯,http://wallpaper.cdn.pandora.xiaomi.com/thumbnail/webp/w1350/MiTv/054fceb37dc79439c973314e7ee2c7be4c4fdfbe8,CC01000019,男星,王俊凯因出演《解忧杂货铺》曾有了一段时间的话题度，之后又因出演《重生之门》而爆火，本以为是流量小生，但是他生生用自己的演技征服了观众。@视觉中国,['王俊凯', '娱乐', '明星']
I01095322,易烊千玺,http://wallpaper.cdn.pandora.xiaomi.com/thumbnail/webp/w1080/MiTv/0f11204511fa3463833acc76a201e085a64adfa9a,CC01000019,男星,作为养成系偶像，易烊千玺在许多人眼里还是那个唱着《青春修炼手册》的小男孩，但他迟早会长大。他会变成能够独当一面的大人，是舞台上光芒万丈的大明星。@视觉中国,['楼梯', 'TFBOYS', '舞者', '易烊千玺', '男团']
I01047301,王源,http://wallpaper.cdn.pandora.xiaomi.com/thumbnail/webp/w1080/MiTv/084bb445ea842d13dcabef000f39eff0daf421030,CC01000019,男星,我其实还是挺有主见的一个人，我的目标其实还是很明确的，我知道自己要什么，所以我就会为之去努力。——王源@图虫创意,['吉他', 'TFBOYS', '王源']
I01246807,这些男星体重有多夸张？,http://wallpaper.cdn.pandora.xiaomi.com/thumbnail/webp/w1350/MiTv/0255647165d346837d401d907f45c18bfb0407ddf,CC01000019,男星,瘦到夸张的还有罗云熙，罗云熙身高177，然而体重才114斤，不过罗云熙从出道开始就一直很消瘦，五官又是比较大的浓颜系，瘦起来脸有特别小。@今日必看,['明星', '男明星', '罗云熙', '中国演员']
I01095323,专注自我的易烊千玺,http://wallpaper.cdn.pandora.xiaomi.com/thumbnail/webp/w1080/MiTv/004ca5fee88697fba9b6e4c6a4e3a64c7d640b563,CC01000019,男星,作为多才多艺的新生代偶像代表，易烊千玺已经多次在国际舞台上绽放光彩，他曾出任丹麦王国首位国家旅游形象代言人、出席第60届格莱美奖颁奖典礼、代表中国青年在世界卫生组织总部发表演讲等。@视觉中国,['木椅', 'TFBOYS', '舞者', '易烊千玺', '男团', '小米精选']
I01178620,TFBOYS的正能量,http://wallpaper.cdn.pandora.xiaomi.com/thumbnail/webp/w1080/MiTv/0c5b8b5642501472026f433a22ff4eaed11d8b105,CC01000019,男星,易烊千玺不仅是一名青春偶像，更是一位人生导师。他说：“比起一夜成名，我们更应该相信百炼成钢。每一次精彩表演的背后必定都是付出了无数的汗水。”@图虫创意,['温柔', '牛仔衣', '酷帅', '易烊千玺']
I01073542,王源,http://wallpaper.cdn.pandora.xiaomi.com/thumbnail/webp/w1080/MiTv/02ad8a4f7e386404927978b174d61e137676f8e0b,CC01000019,男星,王源既是少年偶像标杆也是有思想的青年领袖，他的智慧和领导力获得联合国的赞赏和世界的认可。用自身的正能量将影响力扩散到全世界，可谓是当之无愧的“00后标杆艺人”。@视觉中国,['TFBOYS', '王源']
I01083270,易烊千玺,http://wallpaper.cdn.pandora.xiaomi.com/thumbnail/webp/w1080/MiTv/04f68a5429e974bab3d73945bc4c350bdcd362f71,CC01000019,男星,易烊千玺长相清秀出众，性格幽默风趣，是TFBOYS里最小的成员，多才多艺而不张扬炫耀，勤奋努力而不自我满足，低调内敛。@视觉中国,['TFBOYS', '易烊千玺']
I01095324,专注自我的易烊千玺,http://wallpaper.cdn.pandora.xiaomi.com/thumbnail/webp/w1080/MiTv/004ca35ee68994fb80b6e0c6a553a64e7f6a0ecb0,CC01000019,男星,作为多才多艺的新生代偶像代表，易烊千玺已经多次在国际舞台上绽放光彩，他曾出任丹麦王国首位国家旅游形象代言人、出席第60届格莱美奖颁奖典礼、代表中国青年在世界卫生组织总部发表演讲等。@视觉中国,['木椅', 'TFBOYS', '舞者', '易烊千玺', '男团', '小米精选']
I01060004,易烊千玺,http://wallpaper.cdn.pandora.xiaomi.com/thumbnail/webp/w1080/MiTv/08f74643989094621306be1d3c9c3b01161344682,CC01000019,男星,00后的易烊千玺，衣品却走在时尚的尖端，总能把机场变成秀场，俨然是“行走的画报”。@图虫创意,['易烊千玺']
I01047599,王源对自己的定义,http://wallpaper.cdn.pandora.xiaomi.com/thumbnail/webp/w1080/MiTv/0815446a7ba36eba085b981de99d2834d4f40d4d9,CC01000019,男星,王源有时候觉得自己像一个千面人，每个接触过他的人，对他都会有不一样的形容。同学眼里，他好学上进；家人眼中，他乖巧懂事；队友眼里，他是24小时都在说话的“开心果”。媒体更是有无数种解读，有时候他看到关于自己的文章时会想，“这是我吗？”@图虫创意,['TFBOYS', '王源', '小米精选']
I01373335,罗云熙的出圈作品,http://wallpaper.cdn.pandora.xiaomi.com/thumbnail/webp/w1350/MiTv/08602e7556f924a60bfb336de5e5abba9067f8edf,CC01000019,男星,《半是蜜糖半是伤》是由罗云熙和白鹿领衔主演的电视剧，在播出之后整体表现不错，剧中男女主袁帅和江君之间的很多甜蜜互动都很好地满足了观众那颗想要“嗑糖”的心。@图虫创意,['潇洒', '酷帅', '罗云熙']
I01097367,网友最想撮合的明星们,http://wallpaper.cdn.pandora.xiaomi.com/thumbnail/webp/w1080/MiTv/05cd0d59866fa4a7504f5d9384b9bb64df5d2cdb2,78753f1a-39a4-11e5-83cb-70e52b253bb7,女星,张一山凭借《家有儿女》中的刘星一举成名，而他成年以后，也继续在演艺圈内发展，并且出演了《余罪》。凭借“痞帅”的余罪形象，他的人气也再次得到了提升，圈了无数粉丝。@有料,['酷帅', '张一山']
I01286415,王俊凯的新年工作礼盒,http://wallpaper.cdn.pandora.xiaomi.com/thumbnail/webp/w1350/MiTv/0c6d2403af96147fab2b4d9a9f3164b46120e76d0,CC01000019,男星,王俊凯的新年工作礼盒其中不仅包含了护肤、彩妆用品，还有杯子、礼品券一类实用物品，更有卫衣、帽子、袜子一类生活用品，这是真的太实在了。@视觉中国,['酷帅', '王俊凯', '男明星', '写真']
I01107199,新晋古装男神PK,http://wallpaper.cdn.pandora.xiaomi.com/thumbnail/webp/w1080/MiTv/0faa9f412d8a445ac079ff5de1b68453c5c2884ca,CC01000019,男星,任嘉伦出演的《天乩之白蛇传说》非常精彩，观众们很喜欢他在里面的古装扮相。有时他看起来嫩得像个孩子，有时候又男友力爆棚，二者都让观众深深着迷。@有料,['酷帅', '任嘉伦']
I01192642,自律男孩 王子异,http://wallpaper.cdn.pandora.xiaomi.com/thumbnail/webp/w1080/MiTv/0c844052c79994c401aafe04ebcacc66cb3ba3f7b,CC01000019,男星,在平常生活中，王子异很注意饮食，以清淡为主，少油少盐。每天喝2000ml水，更是坚持运动，去健身房打卡，做一些有氧运动和力量训练，有着健身的习惯。@图虫创意,['偶像', '酷帅', '王子异', '小米精选']
I01067858,王源,http://wallpaper.cdn.pandora.xiaomi.com/thumbnail/webp/w1080/MiTv/0a68d04b4804a46523159b7a10696bfd8501f4b3c,CC01000019,男星,王源没有像几年前有人预估的一样，成为一朵互联网时代的短暂泡沫，而是扎根在熙熙攘攘的名利圈，有了这个时代独一无二的成长经历与青春故事。@图虫创意,['王源']
I01047600,王源对自己的定义,http://wallpaper.cdn.pandora.xiaomi.com/thumbnail/webp/w1080/MiTv/084bb545e6842a13dbabed000d39e5f0ddf421030,CC01000019,男星,他对这阶段的自己，最准确的定义是：一个成熟了一半的幼稚鬼。王源的成熟面，是从练就一颗强心脏开始。以前他看到网络上有人骂自己，多少会影响心情，也会产生一些负面情绪，但现在不会；他幼稚的一面，比如玩游戏“死”的时候，会狂敲键盘。@图虫创意,['清爽', 'TFBOYS', '王源', '小米精选']
I01120151,易烊千玺,http://wallpaper.cdn.pandora.xiaomi.com/thumbnail/webp/w1080/MiTv/0046e4a5717879114012f6226fe9dc632e143dfa0,CC01000019,男星,易烊千玺为了跳好一个后空翻，不停的练习，即使摔倒无数次也不肯放弃。所谓一夜成名，不过是百炼成钢。@视觉中国,['酷帅', '易烊千玺']
I01229095,易烊千玺变身帅气学长,http://wallpaper.cdn.pandora.xiaomi.com/thumbnail/webp/w1080/MiTv/07af54b5bc04db6311eba3688899917ca94428b53,CC01000019,男星,易烊千玺逐渐长成了一个成熟内敛的男孩，“你越了解他，越有一种从口袋掏东西的感觉，总也掏不完。”@视觉中国,['酷帅', '易烊千玺']
I01048309,王源,http://wallpaper.cdn.pandora.xiaomi.com/thumbnail/webp/w1080/MiTv/094bb055ef8c241302abe1000099e3f4d44dd3018,CC01000019,男星,身在全中国最火的偶像团体，被狂热的粉丝追随，甚至在联合国“青年论坛”全英文发言，在16岁的年纪，王源拥有普通少年无法拥有的骄傲，也承担着普通成年人未必能承担的烦恼。@图虫创意,['TFBOYS', '王源']
I01043335,吴磊,http://wallpaper.cdn.pandora.xiaomi.com/thumbnail/webp/w1080/MiTv/0795257818bb259cf8dbb4676fea4ec67b1410080,CC01000019,男星,年少成名的吴磊与同龄孩子过着截然不同的生活，当别人会兴高采烈相约朋友聚会庆生的时候，吴磊要默默在剧组工作中度过生辰，他直言：“每个人都有自己独特的人生吧，毕竟拍戏是我喜欢的事情，所以我才乐在其中。”@图虫创意,['吴磊', '棒球帽']
I01120152,易烊千玺,http://wallpaper.cdn.pandora.xiaomi.com/thumbnail/webp/w1080/MiTv/0546e04571717411a312fc226f79da6d2a84ce3d0,CC01000019,男星,“我希望能按自己想做的方向做下去，做好我自己”，易烊千玺曾这样道。简单的一句话，戳中了多少成年人的心。@视觉中国,['酷帅', '易烊千玺']
I01373300,“彪悍少年”打破设定,http://wallpaper.cdn.pandora.xiaomi.com/thumbnail/webp/w1350/MiTv/09848d87b07324c88bbdd44ab1cfe0ce06de1c238,CC01000019,男星,在《演员的诞生》之前，侯明昊已经在娱乐圈摸爬滚打了近三年的时光。三年，时光改变了他原本稚嫩的容颜，不变的是他最初的那颗赤子之心。@图虫创意,['酷帅', '侯明昊', '优秀']
I01109939,敢突破的“鞋星”小白,http://wallpaper.cdn.pandora.xiaomi.com/thumbnail/webp/w1080/MiTv/0370e50fbb172904ae8e6a0229c0038f2b143f156,CC01000019,男星,白敬亭身上有着一股干劲，他很清楚自己真正想要的是什么。并且还有一中无所畏惧的冲劲，让他在一路上能够勇往直前。@有料,['努力', '白敬亭', '酷帅']
I01240972,自带少年感的男星们,http://wallpaper.cdn.pandora.xiaomi.com/thumbnail/webp/w1080/MiTv/02ce0b5f34fc645171645c83cb0b29eae17c3fd77,CC01000019,男星,胡一天因为《致我们单纯的小美好》而大火，在剧中，很多人都以为他只有18岁，但是其实他现在已经有25岁了，少年感爆棚呀。@今日必看,['胡一天', '娱乐', '艺人']
I01045704,王源,http://wallpaper.cdn.pandora.xiaomi.com/thumbnail/webp/w1080/MiTv/0b75e568e5cb5664175156b3fcfb9a4c1164070ed,CC01000019,男星,2011年，11岁的王源因为兴趣加入时代峰峻公司旗下的明星养成项目TF家族，成为练习生学习唱歌、跳舞。2016年，他成为新浪微博最有人气明星排行榜的第一名。@视觉中国,['牛仔裤', 'TFBOYS', '王源']
I01045706,王源,http://wallpaper.cdn.pandora.xiaomi.com/thumbnail/webp/w1080/MiTv/0375ed58e6c55464605153b3f01b9e4116b19fc7b,CC01000019,男星,细腰宽肩的好身材，棱角分明的脸庞，可萌可帅的王源在镜头前的表现力令人惊艳，既有青春少年感、阳光活力味，又能演绎朋克时尚感、神秘绅士范。@视觉中国,['TFBOYS', '王源']
I01040289,谁人不识周杰伦？,http://wallpaper.cdn.pandora.xiaomi.com/thumbnail/webp/w1080/MiTv/00239488f4b3fcd45e950e19cf53946076b402c48,CC01000019,男星,2000年，周杰伦的首张音乐专辑《Jay》发行，从此开启了周杰伦的音乐时代。专辑里混杂的大量黑人音乐曲风撼动华语乐坛的主流基石，用节奏和旋律重新校准了一首现代歌曲的平衡。@视觉中国,['酷帅', '周杰伦']
I01040291,谁人不识周杰伦？,http://wallpaper.cdn.pandora.xiaomi.com/thumbnail/webp/w1080/MiTv/00239488f4b3fcd455950319c25392607fb402c48,CC01000019,男星,周杰伦改变中文韵脚来适应嘻哈音乐节奏的手法，他将不在重拍下的歌词都变成第四声发音，完全为节奏服务，这种手法克服了华语不适合RAP的一大缺陷。@视觉中国,['围巾', '周杰伦']
I01373535,易烊千玺的奋斗之路,http://wallpaper.cdn.pandora.xiaomi.com/thumbnail/webp/w1350/MiTv/092d218e422004e86a9eb5a048a6382ff584336cd,CC01000019,男星,易烊千玺在参加综艺的时候，他将最真实的自己展现在观众面前，很多人路转粉，上了大学后的他专心学起了表演，并且拍摄了自己的首部电影《少年的你》，赢得了许多人的称赞。@图虫创意,['才华', '酷帅', '易烊千玺']
I01286381,罗云熙坎坷成名史,http://wallpaper.cdn.pandora.xiaomi.com/thumbnail/webp/w1350/MiTv/0664b92db351c40e996c6f97f80511bfde5d16c8f,CC01000019,男星,在大学期间，才华横溢的他让同学望其项背，同样是打游戏，罗弋却不光打游戏，还给游戏配音乐，配的音乐即专业又高级。自己的专业成绩也非常优秀，大二的时候便和一群大四学长学姐拿下荷花杯金奖。当时看来，他的未来肯定是一个优秀的芭蕾舞演员。@好看,['暗色调']
I01088646,刘昊然,http://wallpaper.cdn.pandora.xiaomi.com/thumbnail/webp/w1080/MiTv/0022e65abf19247e42ad26b203d1246fd706840f2,CC01000019,男星,年纪轻轻的刘昊然总是给人一种踏实、沉稳、温暖的感觉。生活的他充满各种想法，常常在上一秒钟萌生出新的想法，下一秒就把喜悦挂在脸上，让人一眼看透。@图虫创意,['刘昊然', '酷帅']
I01373520,阳光大男孩王鹤棣,http://wallpaper.cdn.pandora.xiaomi.com/thumbnail/webp/w1350/MiTv/09ef852ebc8e24a0eb8b206d725671fdc2543c77f,CC01000019,男星,王鹤棣在电视剧《苍兰诀》中，他的表演自然真实，情感细腻，能够很好地抓住角色的内心世界，赢得了很多观众的喜爱和认可。@图虫创意,['绅士', '酷帅', '王鹤棣']
I01300691,你为什么喜欢听周杰伦,http://wallpaper.cdn.pandora.xiaomi.com/thumbnail/webp/w1350/MiTv/0977a382929b647e5b52541b49f1db31402bd7474,CC01000019,男星,天天被催更的不只有作家，还有周杰伦，而周杰伦终究没辜负大家6年的苦等，新专辑《最伟大的作品》也已经上线，不过超乎预料的是，对于这部新专，网友们褒贬不一，尽管如此，这也并不妨碍新专大卖，新专发布一小时后，总销量就突破了1亿。@有料,['回忆', '音乐', '周杰伦', '男明星']
I01088647,刘昊然,http://wallpaper.cdn.pandora.xiaomi.com/thumbnail/webp/w1080/MiTv/0d3a85843e8c855097ea4342f4d190c5a7a42995e,CC01000019,男星,“刘昊然军训”已成为网络热门话题。不管是休息、发呆、聊天的照片都被网友放到网上，引起粉丝们一致的爱慕。@图虫创意,['刘昊然', '酷帅']
I01192643,自律男孩 王子异,http://wallpaper.cdn.pandora.xiaomi.com/thumbnail/webp/w1080/MiTv/0a9fed46d842f4f542306b7823ebbb05ceebdd2cb,CC01000019,男星,王子异很注意身材管理，参加《青春的花路》时，随时带着维生素C片和蛋白粉，每天坚持早起晨跑，队友还在睡觉时，他就已经起来运动了。@图虫创意,['偶像', '酷帅', '王子异', '小米精选']
I01108373,彭昱畅,http://wallpaper.cdn.pandora.xiaomi.com/thumbnail/webp/w1080/MiTv/0e2104533415f67171a175cd5804774436d41d215,CC01000019,男星,在娱乐圈的几年，彭昱畅收获了很多，“前辈是我这段时间里的伯乐，他们鼓励我、支持我，我也偷偷跟他们学了几招。除了常规的演戏磨炼之外，我也跟他们学了演戏的节奏，就是要在什么位置把包袱扔出去。”@图虫创意,['彭昱畅']
I01286401,王俊凯少年初长成,http://wallpaper.cdn.pandora.xiaomi.com/thumbnail/webp/w1350/MiTv/04375a9e1f77e4759b017e6c50dfad0fd4d07b48f,CC01000019,男星,2012年2月，王俊凯翻唱《囚鸟》被搜狐、优酷等网站首页推荐走进大众视野、9月，翻唱《我的歌声里》积累了人气。@视觉中国,['王俊凯', '男明星']
I01074220,吴磊,http://wallpaper.cdn.pandora.xiaomi.com/thumbnail/webp/w1080/MiTv/0aa18851afd404bb71cfc90be19186fc1cb7d7e53,CC01000019,男星,吴磊曾参与了电影《极致追击》，与好莱坞影星奥兰多·布鲁姆合作，坦言期待自己有一天能进军好莱坞：“假如能在好莱坞被观众知道了，也算是为国争光了。”他又笑言自己的英文程度尚算ok：“到了外国，应该饿不死。@图虫创意,['风衣', '吴磊', '酷帅']
I01192644,自律男孩 王子异,http://wallpaper.cdn.pandora.xiaomi.com/thumbnail/webp/w1080/MiTv/0f844052c79994c401aafc04ebfacc62cb3be3f7b,CC01000019,男星,熟悉王子异的人都知道他的时尚感非常好，身高、腿长、比例优越。王子异的好身材跟他本身对身材管理的自律性是分不开的！@图虫创意,['偶像', '酷帅', '王子异', '小米精选']
I01284416,王俊凯新电影杀青,http://wallpaper.cdn.pandora.xiaomi.com/thumbnail/webp/w1350/MiTv/0d13148c454954103983e59dcb3544eea80f96b6d,CC01000019,男星,电影根据郑执小说《仙症》改编，讲述王战团与侄子周正这对怪咖的忘年交故事，他们是俗世中的“异类”，却是彼此眼中的正常人，共同经历了一段独具荒诞色彩的东北往事。@好看,['清爽', '酷帅', '王俊凯', '明星', '男明星', '小米精选']
I01292391,宋威龙复古风西装写真,http://wallpaper.cdn.pandora.xiaomi.com/thumbnail/webp/w1350/MiTv/010eba85f79634cd5bf29f32fca1dacaa3c28720f,CC01000019,男星,在片场，宋威龙勤奋学习演技方面的内容，面对拍摄过程中的难题和疑问，一有机会就会向前辈们学习取经，而他勤奋好学的态度也得到了导演和剧组人员的热烈赞赏。@视觉中国,['酷帅', '男明星', '写真']
I01106551,新晋流量小生哪家强,http://wallpaper.cdn.pandora.xiaomi.com/thumbnail/webp/w1080/MiTv/0e2105533615fd717da17acd5404704438d41d215,CC01000019,男星,有一些观众是通过网剧《上瘾》认识黄景瑜的，也有不少观众是因为《红海行动》这部电影被他圈粉的。他红不仅仅是因为他颜值高，还因为他自身的专业和努力。@有料,['努力', '酷帅', '黄景瑜']
I01113032,年少成名的吴磊,http://wallpaper.cdn.pandora.xiaomi.com/thumbnail/webp/w1080/MiTv/05b5851ef7d43e66f5d462ca0dff1473a6a40ee60,CC01000019,男星,年少成名的吴磊与同龄人过着截然相反的生活。虽然大部分的时间都在拍戏中度过，但他乐在其中，“每个人都有自己独特的人生吧，毕竟拍戏是我喜欢的事情，所以我才乐在其中。”@视觉中国,['吴磊', '酷帅', '小米精选']
I01049527,周杰伦发布新歌,http://wallpaper.cdn.pandora.xiaomi.com/thumbnail/webp/w1080/MiTv/011834524f5483a48cbd3e04ca6a5e72db74215ef,CC01000019,男星,在新歌《不爱我就拉倒》受到一些网友批评后，周杰伦在社交媒体回应，“有教育意义的教科书的我都写过了，为何不能来首轻松的歌呢？难道你们都没胸肌吗？孩子们，我的歌名已经说了：“不爱我就拉倒”。@视觉中国,['周杰伦']
I01287286,胡一天 成为少数派,http://wallpaper.cdn.pandora.xiaomi.com/thumbnail/webp/w1350/MiTv/05de67538dada480e9d1af7af2965e62e2ff7229d,CC01000019,男星,胡一天是一个很有危机感的人，“炒股票时赚到钱的永远都是少数人，所以说当你每一个选择都跟大家是一样的时候，有时候你需要停下来想想自己是不是哪步做错了，所以说我一定要做少数人。”当了演员之后也不敢停，因为“歇久了，我也闲不住。”@好看,['稳重', '胡一天']
I01043332,吴磊,http://wallpaper.cdn.pandora.xiaomi.com/thumbnail/webp/w1080/MiTv/0f95205811b8249c51dbbf67609a48cd77bf9e607,CC01000019,男星,如果说90后出生的明星叫小鲜肉，那99年出生的吴磊呢？他身上虽有小鲜肉的气质，但行为举止却更像老干部。@图虫创意,['吴磊']
I01284415,王俊凯新电影杀青,http://wallpaper.cdn.pandora.xiaomi.com/thumbnail/webp/w1350/MiTv/0316a34ecc8b54f02849aab9fc5cef662e82d40ee,CC01000019,男星,2022年初，由顾长卫执导的电影《刺猬》杀青，发布先导预告及概念海报，首度官宣葛优、王俊凯两位领衔主演。在两人的首次合作中，葛优扮演俗世奇人王战团，首次尝试精神病人角色。王俊凯颠覆形象，扮演自卑口吃的少年周正。@好看,['酷帅', '王俊凯', '明星', '男明星', '小米精选']
I01156003,范丞丞,http://wallpaper.cdn.pandora.xiaomi.com/thumbnail/webp/w1080/MiTv/0d225446a3f1b4b4b225f5348fc5e7762b8333c85,CC01000019,男星,范丞丞坦言，他经常去自己的微博超话逛逛，看看“帅照或者舞台上的视频”，粉丝拍的好看的图，他也会自己保存下来欣赏。@我们的街拍时刻,['长裤', '范丞丞']
I01294531,态度少年张颜齐,http://wallpaper.cdn.pandora.xiaomi.com/thumbnail/webp/w1350/MiTv/0d3f4c72a44874f299843af6c6163fa1fe642239c,CC01000019,男星,张颜齐的性格并不是和外表看起来一样，那么严肃和冷酷，他反而是个很温暖的人，擅长关爱别人，甚至有时候能够发现一些很细微温暖的事。@视觉中国,['大气', '酷帅', '人物图', '写真', '小米精选', '张颜齐']
I01156002,顶着压力成长的范丞丞,http://wallpaper.cdn.pandora.xiaomi.com/thumbnail/webp/w1080/MiTv/052254b6a1f8bbb43d25f9348035e77c293428f74,CC01000019,男星,对于走红之后所带来的压力，范丞丞说那不叫负担。“大家对我的这种喜欢也是督促我变得更好的动力，我就会把这些压力转成动力，给大家看我更多的作品。”@我们的街拍时刻,['墨镜', '范丞丞', '小米精选']
I01185049,李现,http://wallpaper.cdn.pandora.xiaomi.com/thumbnail/webp/w1080/MiTv/0ff2f55ce64cab2876737bd2132daa1597f42e590,CC01000019,男星,不论《法医秦明》还是《河神》，他都是硬汉形象。出演《亲爱的热爱的》对李现来说是一种全新的尝试。@视觉中国,['牛仔衣', '李现', '酷帅']
I01370027,从男团到全能艺人,http://wallpaper.cdn.pandora.xiaomi.com/thumbnail/webp/w1350/MiTv/01ba8a8d5bdff41859b1ba9bc78b7b22bfb99cb1a,CC01000019,男星,14年，侯明昊在选秀比赛中脱颖而出，成为总决赛选拔而出的五位少年之一，同年以“fresh极客少年团”组合成员身份正式出道，发行了出道专辑《UP 4 U》；而16年1月，侯明昊正式宣布单飞，以独立身份发展演艺事业。@品鉴图库,['牛仔裤', '背心', '白背心', '侯明昊']
I01106655,天涯四美,http://wallpaper.cdn.pandora.xiaomi.com/thumbnail/webp/w1080/MiTv/0e2104533e15f1717aa174cd5f047e4433d41d215,CC01000019,男星,严屹宽被誉为“古装第一美男”，这个称呼实在是太适合他了，看他的古装扮相简直就是就是一种享受。虽然现在严屹宽作品越来越少，但戏路越来越宽。@有料,['酷帅', '严屹宽']
I01294532,态度少年张颜齐,http://wallpaper.cdn.pandora.xiaomi.com/thumbnail/webp/w1350/MiTv/01bf7b609bce34f3d86e13b851010765eae8a625f,CC01000019,男星,因为和实际年龄不符的成熟，以及常常会像长辈一样说些大道理，张颜齐被粉丝称为“爹系爱豆”。即使在微博“翻牌”，他也会选择类似“如何更好地度过大学生活”的问题来回答，然后一本正经，分条列点给出真挚建议和“过来人”的经验。@视觉中国,['大气', '短袖', '酷帅', '人物图', '写真', '小米精选', '张颜齐']
I01113033,年少成名的吴磊,http://wallpaper.cdn.pandora.xiaomi.com/thumbnail/webp/w1080/MiTv/05de3443af6ed4e543c7755bfe2dfc2d01b35fcd8,CC01000019,男星,在电影《极致追击》中，吴磊与好莱坞影星奥兰多·布鲁姆合作。他坦言期待进军好莱坞，“假如能在好莱坞被观众知道了，也算是为国争光了。”@视觉中国,['吴磊', '酷帅', '小米精选']
I01106654,天涯四美,http://wallpaper.cdn.pandora.xiaomi.com/thumbnail/webp/w1080/MiTv/0e2104533e15f07170a172cd5d04754433d41d215,CC01000019,男星,钟汉良凭借《逆水寒》中妖孽莫测的玉面修罗顾惜朝入选“天涯四美”，顾惜朝虽滥杀无辜，无恶不作，但看到钟汉良的扮相才发现原来男生留泡面头也可以这么有魅力。@有料,['酷帅', '钟汉良']
I01156004,顶着压力成长的范丞丞,http://wallpaper.cdn.pandora.xiaomi.com/thumbnail/webp/w1080/MiTv/0f0024dd1d2008a8b26197f967322993a3842811f,CC01000019,男星,对于未来影视方面的规划，范丞丞表示想演高冷的霸道总裁。虽然喜剧能给大家带来欢乐，但范丞丞觉得，高冷的形象还是得保住，并强调“再不演高冷就完了”。@我们的街拍时刻,['范丞丞', '小米精选']
I01138484,学霸型男演员陈星旭,http://wallpaper.cdn.pandora.xiaomi.com/thumbnail/webp/w1080/MiTv/02d9cf51b8b204ad30a5c285ca5b7a5a5f94e8fbd,CC01000019,男星,96年出生的陈星旭是名副其实的“鲜肉担当”，他在新版《射雕英雄传》中出演杨康一角，面对压力，他仍能走心地解读角色，将杨康演活了。@有料,['学习', '陈星旭', '小米精选']
I01073534,吴磊,http://wallpaper.cdn.pandora.xiaomi.com/thumbnail/webp/w1080/MiTv/0338e3410a9a44bdb38d5199d7f64f172162bcefe,CC01000019,男星,吴磊个人形象阳光健康、积极向上，在多部影视剧中塑造多个不同的角色形象，在演艺生涯上依靠影视剧和综艺收获观众。@视觉中国,['吴磊', '小鲜肉']
I01370021,王俊凯一点一滴的成长,http://wallpaper.cdn.pandora.xiaomi.com/thumbnail/webp/w1350/MiTv/0a6573256a90d48d9a6848b9208d9cf4aa84b7100,CC01000019,男星,每一次通过表演去“成为”另一个人的经历，就像是王俊凯人生中途经的一个个小路标，可能每一个路标间隔没有很远，但一步一步走下来，正是积累的意义。@视觉中国,['王俊凯', '好奇', '娱乐']
I01065097,张彬彬的演艺之路,http://wallpaper.cdn.pandora.xiaomi.com/thumbnail/webp/w1080/MiTv/0648b54ac448f434009f996ef2c53803629cc4e5d,CC01000019,男星,从剧版《微微一笑很倾城》的KO大神，到职场剧《漂亮的李慧珍》中的林一木，张彬彬的每个角色都给观众们留下了深刻印象。@图虫创意,['酷帅', '张彬彬', '小米精选']
I01138485,学霸型男演员陈星旭,http://wallpaper.cdn.pandora.xiaomi.com/thumbnail/webp/w1080/MiTv/0c04853456a1ea9a48ff46a3a9fb12041c140b6d8,CC01000019,男星,陈星旭曾在知名导演执导的影视剧中参演，如《金婚》和《山楂树之恋》。他三岁时便被星探发掘，小小年纪就有着不同寻常的星路。在2014年的时候，还以专业第一的成绩考入中央戏剧学院。@有料,['努力', '学习', '陈星旭', '小米精选']
I01287237,王一博的纯粹法则,http://wallpaper.cdn.pandora.xiaomi.com/thumbnail/webp/w1350/MiTv/0a74120624b5b4b808ca1a0af2b09c4b33b13f4b6,CC01000019,男星,王一博是一个目标非常明确，踏踏实实，该做的全部都要努力做到最好的艺人。他为什么能吸引那么多关注的目光，不仅仅是因为真实努力不迎合，还因为他是先行开拓者，是自己独特新标签的建立者，使自己成为了走在前沿引导潮流的风向标。@好看,['活力', '王一博', '小米精选']
I01361098,“成长系演员”王俊凯,http://wallpaper.cdn.pandora.xiaomi.com/thumbnail/webp/w1350/MiTv/0445e7fd58ac341eb91d3831061d047101b926f70,CC01000019,男星,在电影《万里归途》中，王俊凯饰演何外交部新人程朗，受命与原常驻外交官宗大伟一起，协助疏散华侨，“这是一个成长型人物，他拥有着清晰完整的人物弧线。”@视觉中国,['酷帅', '王俊凯', '写真']
I01108162,陈晓是一夜爆红吗,http://wallpaper.cdn.pandora.xiaomi.com/thumbnail/webp/w1080/MiTv/05e9f4c59bc1e5bd1620c99f4a4b12a9d1f42fa54,CC01000019,男星,陈晓自2009年从中央戏剧学院毕业之后，所参演的作品，除了2013年的《笑傲江湖》、《陆贞传奇》、《云中歌》和《宫锁沉香》之外，大多是配角。所以，在很多人眼中一夜爆红的陈晓，也经历了从龙套逐步到主角的磨砺。@有料,['陈晓', '酷帅', '小米精选']
I01047368,林更新,http://wallpaper.cdn.pandora.xiaomi.com/thumbnail/webp/w1080/MiTv/084bb445eb842813d3abec000a39e2f0d2f421030,CC01000019,男星,在林更新看来，一个好演员，要对自己的这个演员标签负责任，在作品的好坏上挑剔，同时要足够努力，有职业道德。@图虫创意,['酷帅', '林更新']
I01240969,明星收到的奇葩礼物,http://wallpaper.cdn.pandora.xiaomi.com/thumbnail/webp/w1080/MiTv/00ce0b5f34fc645161645e83cbeb29e2e17ccfd77,CC01000019,男星,王俊凯和刘昊私下是十分好的兄弟。知道王俊凯要高考后，作为过来人的刘昊然便送了他一个贵“重”的礼物——《五年高考，三年模拟》的试题。@今日必看,['礼物', '王俊凯', '娱乐']
I01286363,王一哲少年感胶片写真,http://wallpaper.cdn.pandora.xiaomi.com/thumbnail/webp/w1350/MiTv/0ff63b6265d3f4136bc8bf0e0dce91bb88c13914b,CC01000019,男星,王一哲演技十分出色，在《玉楼春》里是情话大王孙玉楼，在《尚食》里是冷面无情游一帆，每个角色都演绎的很好。@视觉中国,['娱乐', '明星', '男明星']
I01287296,井柏然从不将就,http://wallpaper.cdn.pandora.xiaomi.com/thumbnail/webp/w1350/MiTv/043a2691a0b6d4d119cabfeb818d318bcf3b67c31,CC01000019,男星,井柏然这几年刻意隐藏自己，就如他在节目中说的，自己可以长时间待在家里。他会在熟悉的空间内构建丰富自我意识和灵魂，他说忠于自我就是“不将就”。@视觉中国,['井柏然', '酷帅']
I01058517,逐渐被认可的王鹤棣,http://wallpaper.cdn.pandora.xiaomi.com/thumbnail/webp/w1080/MiTv/02fd541b781b4d2695bb9fc9bed432f70ac436040,CC01000019,男星,王鹤棣凭借自身的外形、实力和努力，获得了越来越多观众的认可与喜爱，在近期的不少数据榜上，这位崭露头角的新人都名列前茅，相信未来的王鹤棣将会带来更多的惊喜。@图虫创意,['牛仔衣', '酷帅', '王鹤棣', '小米精选']
I01370035,我愿为你化身成魔,http://wallpaper.cdn.pandora.xiaomi.com/thumbnail/webp/w1350/MiTv/09bf4745cc59a43fcae967c09efd4d59deb3782f2,CC01000019,男星,《长月烬明》罗云熙的角色特性相当丰富，一会是受尽欺凌，不受待见的质子，一会是处心积虑、毁天灭地的魔神，一会又是霸道总裁范、恋爱脑上头的可爱憨憨。@图虫创意,['清新自然', '电视剧', '酷帅', '罗云熙']
I01058518,逐渐被认可的王鹤棣,http://wallpaper.cdn.pandora.xiaomi.com/thumbnail/webp/w1080/MiTv/02306659e570a47d01debe157bcff7726aafc5ff5,CC01000019,男星,道明寺的扮演者王鹤棣将角色诠释得淋漓尽致，这位新人少年在自己的第一部作品中，除了收获人气与关注以外，更加获得了观众对于其演技的认可。@图虫创意
,['牛仔衣', '王鹤棣', '小米精选']
I01317663,逆袭成演员的费启鸣,http://wallpaper.cdn.pandora.xiaomi.com/thumbnail/webp/w1350/MiTv/0d99493d5f56749feac28dd73feb76d51671cec45,CC01000019,男星,“网红”出身的费启鸣一直对演戏充满热爱，终于，他在《二十不惑2》里证明了自己在表演上的天赋与努力，一大波待播剧也拉满了观众的期待值。@视觉中国,['酷炫', '摩托车', '酷帅', '人物图', '写真', '小米精选', '费启鸣']
I01065098,张彬彬的演艺之路,http://wallpaper.cdn.pandora.xiaomi.com/thumbnail/webp/w1080/MiTv/066c95aacadd2d26a3434121bf5e61a14484293e0,CC01000019,男星,张彬彬虽然年龄不大，但他身上温暖、踏实的气质令《微时代》剧组认定他正是“韩定一”的不二人选，而他深情的眼神和呆萌的表情，也成功诠释了一个痴情又木讷的“极品暖男”。@图虫创意,['酷帅', '张彬彬', '小米精选']
I01316377,王俊凯 少年的成长路,http://wallpaper.cdn.pandora.xiaomi.com/thumbnail/webp/w1350/MiTv/0dcad011e87bd40c8800d1e70a642008ce8fbca3a,CC01000019,男星,王俊凯在《万里归途》中饰演年轻热血的外交官成朗，为了贴近人物状态，他坚持素颜出境，在沙漠中摸爬滚打，没少“吃土”。@有料,['活泼', '酷帅', '王俊凯', '写真']
I01287238,王一博的纯粹法则,http://wallpaper.cdn.pandora.xiaomi.com/thumbnail/webp/w1350/MiTv/069402494123142ce8d1937b060a76b191850b32e,CC01000019,男星,在被问到之后有什么计划的时候，王一博说：“尽自己所能去做，在能力范围内争取做到最好。继续努力，拍好的戏，尝试更多的角色。” 在做好舞者、歌手、演员、主持人身份的同时，王一博也完美肩负起了一个引导正能量的偶像的责任。@好看,['活力', '王一博', '小米精选']
I01284403,罗云熙暖意深冬大片,http://wallpaper.cdn.pandora.xiaomi.com/thumbnail/webp/w1350/MiTv/06b891e01c10248ab92f7947ac5e288626929a549,CC01000019,男星,罗云熙身穿暖棕色系毛衣，光影交错，温暖明媚。这组写真如阳光般，给寒冷的空气增添了无尽暖意。@今日必看,['棕色调', '高龄毛衣', '酷帅', '罗云熙', '小米精选']
I01370013,吴磊继续“飞行”,http://wallpaper.cdn.pandora.xiaomi.com/thumbnail/webp/w1350/MiTv/05e84c70285cf481ab50daee192e323d009be7ed8,CC01000019,男星,好像一个转身的时间，无数观众看着长大的“国民弟弟”，已经褪去稚气，成长为能够释放演技魅力、掌控各类角色的青年演员。@视觉中国,['吴磊', '好奇', '娱乐']
I01058519,王鹤棣,http://wallpaper.cdn.pandora.xiaomi.com/thumbnail/webp/w1080/MiTv/053065a9e07aae7df8deb5157a5ff77f65541fb76,CC01000019,男星,新版《流星花园》的播出已经接近收尾阶段，道明寺与杉菜这段一波三折的爱情可谓是牵动了不少观众的关注，扮演道明寺的王鹤棣同样也得到了越来越多的关注。@图虫创意,['王鹤棣']
I01138486,学霸型男演员陈星旭,http://wallpaper.cdn.pandora.xiaomi.com/thumbnail/webp/w1080/MiTv/0c04853456a1ea9a4aff42a3aefb1c0413140b6d8,CC01000019,男星,备受关注的网剧《东宫》正在热播，主演陈星旭虽然很年轻，但却是可以称为学霸的小戏骨，三岁时便被星探发掘，参演了11部连续剧，4部电影。@有料,['努力', '小米精选']
I01050144,陈伟霆,http://wallpaper.cdn.pandora.xiaomi.com/thumbnail/webp/w1080/MiTv/05a3055d88c774b96388766d853196f8bcf2d27dd,CC01000019,男星,《一笔江湖》是陈伟霆与中国风的音乐碰撞，并与现代风完美融合，用激情泼墨挥毫，与热血相会舞林。@视觉中国,['酷炫', '陈伟霆']
I01286393,冬奥献礼剧里的陈若轩,http://wallpaper.cdn.pandora.xiaomi.com/thumbnail/webp/w1350/MiTv/094991cd63acf413d9149ab44f3f94b96b95acfa3,CC01000019,男星,说到滑雪，若轩叮嘱一定要注意防晒。别看冬季紫外线比夏季弱，在白茫茫的滑雪场里，太阳光打到雪地上，光线就会漫反射到我们的脸上，所以我们更应该注重防晒。@视觉中国,['酷帅', '陈若轩', '男明星']
I01108164,陈晓是一夜爆红吗,http://wallpaper.cdn.pandora.xiaomi.com/thumbnail/webp/w1080/MiTv/01454953a9f6e4e330d9af18dff1cbf73b6be6419,CC01000019,男星,从中央戏剧学院读大三时起，陈晓就在家乡担任艺术学校的表演班代课教师，帮艺术考生补习表演。他能成为偶像中的演技派也不足为奇了。@有料,['陈晓', '酷帅', '小米精选']
I01064406,井柏然,http://wallpaper.cdn.pandora.xiaomi.com/thumbnail/webp/w1080/MiTv/0f6bd52f33855425acd6c7485c06966b296434122,CC01000019,男星,井柏然以品牌挚友身份受邀出席积家展览活动，内敛随性的穿搭十分符合其低调的个性。@图虫创意,['井柏然']
I01225966,井柏然,http://wallpaper.cdn.pandora.xiaomi.com/thumbnail/webp/w1080/MiTv/005d94402063746c836be9ce0c6a730ca7cadf475,CC01000019,男星,在娱乐圈，井柏然作为一个新生代的年轻演员，他有自己应该有的演员态度，一直在踏踏实实磨练自己的演技，兢兢业业地在娱乐圈不断成长。@视觉中国,['井柏然', '娱乐', '明星', '男明星', '人物图', '写真']
I01057438,吴尊,http://wallpaper.cdn.pandora.xiaomi.com/thumbnail/webp/w1080/MiTv/0bc4184b65acb400d112515931fbcacbff0f5ce39,CC01000019,男星,人们都说，“始于颜值，陷于才华，忠于人品”，这句话用来形容吴尊真是再贴切不过了。@图虫创意,['吴尊']
I01040260,刘恺威,http://wallpaper.cdn.pandora.xiaomi.com/thumbnail/webp/w1080/MiTv/037b86401b2b14a9123cde507b756e73161180c60,CC01000019,男星,刘恺威身着一身祖母绿色笔挺西装出席活动，尽显成熟男人的沉稳从容人。@图虫创意,['刘恺威']
I01286409,周奇有多少种可能,http://wallpaper.cdn.pandora.xiaomi.com/thumbnail/webp/w1350/MiTv/014e8cb8d7f9d4fefb63375d7a3f5fc06c681b6e2,CC01000019,男星,周奇对演戏这门手艺始终抠得细，因此荧屏形象不局限。他接的每一个角色都个性鲜明，角色完成质量非常之高。对待演戏，他永远都是“眼里有光，心里有火”。@视觉中国,['酷帅', '男明星', '周奇']
I01218802,陈星旭 优雅少年郎,http://wallpaper.cdn.pandora.xiaomi.com/thumbnail/webp/w1080/MiTv/044225f5ed8e4349c5cf08d4411a171538040c8c6,CC01000019,男星,刺绣衬衫搭配立领马甲，陈星旭似坠入画中，化身翩翩公子，生动演绎“花在石中开，君自画中来”。@我们的街拍时刻,['酷帅', '娱乐', '艺人', '陈星旭', '小米精选']
I01056060,陈奕迅,http://wallpaper.cdn.pandora.xiaomi.com/thumbnail/webp/w1080/MiTv/09c6851c71afec232219095dda969e989a043d54a,CC01000019,男星,这份因极致痴迷而生的认真与专注，令他称霸各大音乐奖项。他极具标识性的个性魅力与现代风格，更是新绅士格调的最佳典范。@图虫创意,['陈奕迅']
I01060503,刘昊然,http://wallpaper.cdn.pandora.xiaomi.com/thumbnail/webp/w1080/MiTv/070ae750a23d046c321db90385a8739d40f077d38,CC01000019,男星,刘昊然身上那种未经打磨的璞玉气质，他饰演的角色都拥有一种天然的魅力。@图虫创意,['刘昊然']
I01059282,井柏然,http://wallpaper.cdn.pandora.xiaomi.com/thumbnail/webp/w1080/MiTv/03908492d3147b902c727a02619cbffc3de409036,CC01000019,男星,井柏然活的明明白白，该做什么该说什么，他心里比谁都清楚。@图虫创意,['井柏然']
I01284382,音乐才子汪苏泷,http://wallpaper.cdn.pandora.xiaomi.com/thumbnail/webp/w1350/MiTv/02ef9f709ab304bbbb57c9210146cbee9a85387e7,CC01000019,男星,真正让汪苏泷爆红的是2011年的《不分手的恋爱》，这首歌一经发行迅速风靡整个网络，成为了人人必唱的歌曲。@视觉中国,['酷帅', '造型', '汪苏泷']
I01361004,在沉淀中成长的杨洋,http://wallpaper.cdn.pandora.xiaomi.com/thumbnail/webp/w1350/MiTv/0744e49bc88dc4b26800131665d1d6187402bb5ca,CC01000019,男星,“角色连上了还挺有意思的。”杨洋对网友的评论饶有兴致，“从肖奈到于途，时间上一定是一个成长的过程，经历上我也确实有所成长。”@视觉中国,['杨洋', '高级', '昏暗', '男明星', '写真']
I01284447,丰富而多元的王嘉尔,http://wallpaper.cdn.pandora.xiaomi.com/thumbnail/webp/w1350/MiTv/037e63fa8561c4279b1a22560068bc782f7c5cc28,CC01000019,男星,虎在中国文化象征着胆识、强壮，正如同王嘉尔一样拥有着敢于开创的勇气，做音乐、做潮牌、做自己MV的导演等，多重身份构筑了一个丰富而多元的他。@视觉中国,['偶像', '酷帅', '王嘉尔', '男明星']
I01286358,许光汉：演员养成记,http://wallpaper.cdn.pandora.xiaomi.com/thumbnail/webp/w1350/MiTv/03a1d8318310547679d8b5b0173bc675a9cfbf1ff,CC01000019,男星,许光汉：“演戏最迷人之处，在于可以在角色扮演中，去做一些平常不一定会做的事，如此躲在角色防护罩同时，又能学习不同的识能，是作为演员最大乐趣之所在。”@视觉中国,['酷帅', '男明星', '许光汉']
I01362297,一直在路上的王俊凯,http://wallpaper.cdn.pandora.xiaomi.com/thumbnail/webp/w1350/MiTv/0d3c04e886bfa47c18d4bacd8235a2fbb0a95272f,CC01000019,男星,舞台之上他感染力十足，总能为观众带来十足惊喜；舞台之下的他无畏挑战，一路披荆斩棘。这样不断努力进阶、释放自我先锋力的王俊凯，谁能不爱呢？@视觉中国,['王俊凯', '人物图', '写真']
I01108163,你以为陈晓是一夜爆红,http://wallpaper.cdn.pandora.xiaomi.com/thumbnail/webp/w1080/MiTv/05e9f4c59bc1e5bd1220c89f4d4b19a9def42fa54,CC01000019,男星,陈晓身上有着与他年龄不符的安静和害羞，是很多人眼中的“乖乖仔”。他不是微博控，不会卖萌卖腐，也很少晒自己的自拍照。@有料,['陈晓', '酷帅']
I01065298,杨洋,http://wallpaper.cdn.pandora.xiaomi.com/thumbnail/webp/w1080/MiTv/066c95aac6dd2226a6434821b85e61a14c84293e0,CC01000019,男星,在“小鲜肉”的浪潮里，杨洋难免会遭到网友和观众的批评甚至抨击。面对这些“谩骂”，杨洋态度有些中立，“如果是纯粹为了无中生有的话，我觉得那个就是不可理喻，真正说到大家都觉得是，我的工作人员和身边人都赞同的一些观点的话，我觉得可以好好吸收的。”@图虫创意,['棒球服', '杨洋']
I01362295,一直在路上的王俊凯,http://wallpaper.cdn.pandora.xiaomi.com/thumbnail/webp/w1350/MiTv/00e5d51b50fac4ba5873ddd3ac7fbff9a62df40ab,CC01000019,男星,网友说：他是全年龄段最“圈粉”的影坛新力量。很难得的是，他一直默默无闻地勇敢逐梦，踏实、稳健、一步一个脚印，低调却很有自己的锋芒。@视觉中国,['王俊凯', '人物图', '写真']
I01108367,陈学冬,http://wallpaper.cdn.pandora.xiaomi.com/thumbnail/webp/w1080/MiTv/072105533d19f471d1a17ecd52f4714e3557504de,CC01000019,男星,陈学冬可以说是郭敬明的御用演员。做一个导演的御用演员，他本人是很适应的，“我会比较喜欢跟自己合作过的导演、合作过的演员拍戏，因为比较熟悉也比较信任。”@图虫创意,['陈学冬', '街头风']
I01286413,张艺兴不谈恋爱的原因,http://wallpaper.cdn.pandora.xiaomi.com/thumbnail/webp/w1350/MiTv/07aba7b40e23a48b48b66b7f38b9dd897fdbcb41f,CC01000019,男星,何炅微笑发问：“张艺兴，感觉你好像是没有办法平衡这个时间，才不去恋爱一样。”没想到张艺兴竟然回答：“是的，就是这个原因，因为我觉得会对不起她。”张艺兴的粉丝听到这里，是不是心碎了一地？@好看,[]
I01150495,一人千面的吴磊,http://wallpaper.cdn.pandora.xiaomi.com/thumbnail/webp/w1080/MiTv/0c7fc5cca798bce6cf66ddc1f2631abf40241c73a,CC01000019,男星,吴磊认为：“好演员最重要的标准是敬业，当然演技也很重要。”对于演员来说，从小在剧组长大，很容易形成一套固定的表演程序，让演戏成为娴熟的技巧而不是真诚的情感流露。吴磊很早就意识到了这一点，有意让自己的表演充满新鲜感，给每一个角色不同的感觉。@图虫创意,['风衣', '吴磊', '酷帅', '小米精选']
I01103077,陈伟霆,http://wallpaper.cdn.pandora.xiaomi.com/thumbnail/webp/w1080/MiTv/08faa55184f35d2abe02f6344b9d218b02842bc90,CC01000019,男星,陈伟霆：“当发现自己开始发霉，因为自己停在安全区停留太久了，勇敢离开Comfort Zone ，你会发现世界原来这么的大，自己有那么多的可能性。”@视觉中国,['酷帅', '陈伟霆']
I01415929,张凌赫 帅气的王子,http://wallpaper.cdn.pandora.xiaomi.com/thumbnail/webp/w1350/MiTv/08a2ac9f8fbc244f0a03614cfb9e04d886b752c26,CC01000019,男星,作为非科班出身的演员，张凌赫在《苍兰诀》中的表现令人惊艳，让人们重新定义了什么是新生代的美男子。@圈子,['领结', '侧脸', '蝴蝶结', '中国演员']
I01103078,陈伟霆,http://wallpaper.cdn.pandora.xiaomi.com/thumbnail/webp/w1080/MiTv/0fec7557d3410b9f0ed26749e65b064b3ca43bc77,CC01000019,男星,陈伟霆：“如果有一件事是我非常想要实现的话，我一定会把它100％做好。”@视觉中国,['酷帅', '陈伟霆']
I01108376,刘昊然,http://wallpaper.cdn.pandora.xiaomi.com/thumbnail/webp/w1080/MiTv/0bf08428453dbbaa857c17c7a760fd21f0642b075,CC01000019,男星,出生于97年的刘昊然，和许多90后一样，对生活有着更多理想化的期待。他拒绝做一个流量明星，而是想成为一个真正的演员。他肯为适应一个角色而改变自己的身材，他认为，“演员的身体是为角色服务的”。@图虫创意,['刘昊然', '酷帅']
I01316538,属于王源的那份成长,http://wallpaper.cdn.pandora.xiaomi.com/thumbnail/webp/w1350/MiTv/05a851e99468e4818b6d8d120f58c0011d2f4d382,CC01000019,男星,怎么定义成熟和稳重？有些人说是时间、经历。王源觉得更重要的是责任，“好多的责任，那么多喜欢并关注你的人，你需要去传递正向的能量、正向的价值观。”@视觉中国,['王源', '昏暗', '男明星', '写真']
I01056056,陈奕迅,http://wallpaper.cdn.pandora.xiaomi.com/thumbnail/webp/w1080/MiTv/09c6851c71afeb232c19055dd1969b9891043d54a,CC01000019,男星,出道至今23年打造无数脍炙人口的经典作品，“歌神”陈奕迅被美国时代杂志形容为影响华语乐坛风格的传奇人物。@图虫创意,['绅士', '陈奕迅']
I01109946,“犬系”男友魏大勋,http://wallpaper.cdn.pandora.xiaomi.com/thumbnail/webp/w1080/MiTv/0d70e65fb11b2404a38e600221500584207a5cff3,CC01000019,男星,作为一个演员，魏大勋塑造了很多角色，他的演技也被大家看好。朴实低调的性格，很受粉丝欢迎。在粉丝眼里，魏大勋就是可爱的“大傻个”。@有料,['低调', '魏大勋', '酷帅']
I01287224,从不停步的王源,http://wallpaper.cdn.pandora.xiaomi.com/thumbnail/webp/w1350/MiTv/018ae72c5f6f74873b94f3727ba2858f6b52d2040,CC01000019,男星,《环球人物》杂志官宣王源作为首位00后专栏作家，开设独家专栏“王源说”。王源持续着每月更新一篇文章，分享着他的见闻与感悟。@视觉中国,['大气', '酷帅', '王源', '人物图', '写真', '小米精选']
I01049793,罗晋,http://wallpaper.cdn.pandora.xiaomi.com/thumbnail/webp/w1080/MiTv/0da304cd88cf79b922887b6d8a2197f7b7843d565,CC01000019,男星,为符合角色藤校精英的身份，罗晋曾多次和身边有留学经历的人探讨交流，在拍摄现场，他还会经常就自己对角色的理解与导演进行沟通，并添加一些自己的东西。而与王志文、史可两位老戏骨搭档，罗晋也坦言受益匪浅。@图虫创意,['酷帅', '罗晋']
I01360868,娱乐圈“清流”陈星旭,http://wallpaper.cdn.pandora.xiaomi.com/thumbnail/webp/w1350/MiTv/00129edd32ee64eb0ae71fd6e255b340675f71c73,CC01000019,男星,一部《星落凝成糖》让不少观众被陈星旭、李兰迪的演技惊艳到，尤其陈星旭，剧中他一人诠释五种性格，仪态贴合，情绪到位，就连原著作者都给了他很高的评价。@视觉中国,['明星', '陈星旭']
I01057541,林更新,http://wallpaper.cdn.pandora.xiaomi.com/thumbnail/webp/w1080/MiTv/0e8e65f8a1fc8a3f950bb9c7ceada704d9543f1b7,CC01000019,男星,作为娱乐圈里最接地气的明星，林更新圈粉的方式完全靠他的个人魅力。热衷美食，喜爱电竞，随处可以偶遇，可谓完全没有大明星的架子。@图虫创意,['林更新']
I01287281,李现 成为创作型演员,http://wallpaper.cdn.pandora.xiaomi.com/thumbnail/webp/w1350/MiTv/0c3453341af344961b39d6f8e12be77fef7ba842e,CC01000019,男星,从《法医秦明》里正义凛然的林涛、到《河神》里玩世不恭的郭得友，再到《亲爱的，热爱的》里热血向上的韩商言，李现塑造过的角色风格各异。他说：“李现不要去演李现，不要老是按照传统认知塑造角色，要尽可能进行表演方式和角色类型的扩充。”@好看,['自信', '李现', '酷帅', '小米精选']
I01150494,一人千面的吴磊,http://wallpaper.cdn.pandora.xiaomi.com/thumbnail/webp/w1080/MiTv/0fee95cfa0068be47621465e2e9a2a74b84421a97,CC01000019,男星,吴磊年纪轻轻，却已经参演了多部影视作品，为观众呈现了许多不一样的他，俨然一个“老戏骨”。只有当人们看到笑容青涩、眼神清亮的吴磊，才会意识到，他还是那个大家喜爱的少年。@图虫创意,['风衣', '吴磊', '酷帅', '小米精选']
I01240968,明星收到的奇葩礼物,http://wallpaper.cdn.pandora.xiaomi.com/thumbnail/webp/w1080/MiTv/0cdb4748ee91846e614da23507669746ffe57672c,CC01000019,男星,张若昀曾在机场收到一位女粉丝送的神秘礼物。外表看着像一束花，但认真一看就是某种零食。随后张若昀在微博上分享：原来那位女粉丝送了他一束“鸡腿花”。@今日必看,['冷色调', '礼物', '张若昀', '娱乐', '小米精选']
I01113140,吴磊,http://wallpaper.cdn.pandora.xiaomi.com/thumbnail/webp/w1080/MiTv/0fb5805efadd346650d46aca0e8f167da14fef3e5,CC01000019,男星,吴磊常年在剧组生活，为人处世要比同龄的孩子更加早熟。他总是调侃自己的心理年龄有35岁，“上到80岁下到5岁，我和任何人沟通都没什么障碍。”@视觉中国,['短发', '吴磊', '酷帅']
I01048511,宋威龙,http://wallpaper.cdn.pandora.xiaomi.com/thumbnail/webp/w1080/MiTv/084bb545eb842713d5abe1000a39e4f0dff421030,CC01000019,男星,出道仅两年多的时间，宋威龙便成为时尚大刊的“话题王”，即便拥有高颜值、大长腿、型男气质，宋威龙私下里仍最爱简单、干净的风格，“比如白T恤。”@我们的街拍时刻,['夹克', '牛仔裤', '街拍', '宋威龙']
I01078187,黄轩,http://wallpaper.cdn.pandora.xiaomi.com/thumbnail/webp/w1080/MiTv/0613c508b78b712cf64b94a60f70d0e07fe4167d9,CC01000019,男星,黄轩曾出演《女医明妃传》里的朱祁钰，前期的风格是情话boy，到了后期迫于外界的压力迅速黑化。很多来试镜的演员看到招人恨的人设大都选择了敬而远之，但黄轩却不在乎，他觉得这样立体的角色才有演头儿。@图虫创意,['黄轩', '小白鞋']
I01284500,龚俊的蜕变轨迹,http://wallpaper.cdn.pandora.xiaomi.com/thumbnail/webp/w1350/MiTv/014296f8158cf4d5ea158586b94cc90c9729d0e3f,CC01000019,男星,龚俊在工作的时候绝对认真，守时，有契约精神，在私下里很真实，会照顾别人的情绪，真的好难得看到这样真实的明星。@视觉中国,['酷帅', '造型', '龚俊']
I01051887,王子异,http://wallpaper.cdn.pandora.xiaomi.com/thumbnail/webp/w1080/MiTv/0f414154d374647a401755cbad043706e48dc03e5,CC01000019,男星,王子异这个LOOK细腻的剪裁优雅而考究，跳脱的色彩搭配更具时尚感。@图虫创意,['偶像', '酷帅', '男团', 'NINE PERCENT', '王子异']
I01408016,白敬亭 健身健将,http://wallpaper.cdn.pandora.xiaomi.com/thumbnail/webp/w1350/MiTv/084c3a21703284d38961bfcd09d60f143045e4d65,CC01000019,男星,白敬亭曾经也是一个瘦弱体型群体中的一员。他曾经因为肠胃吸收弱而无法留住营养，导致身材干瘪。通过坚持不懈的健身和努力锻炼，他成功地增重并塑造了自己的身材。如今他已经成为了一个真正的健身健将。@圈子,['手链', '中国演员']
I01101377,霸道总裁张翰,http://wallpaper.cdn.pandora.xiaomi.com/thumbnail/webp/w1080/MiTv/0f9005100e89d973bcf593721803ccf6a2e4025a5,CC01000019,男星,说起张翰，大家首先被他吸引的应该是他那又高又帅的颜值吧！他总是给人一种霸道总裁的模样，和他在一起的女生总是有一种被宠爱的样子。@有料,['张翰', '酷帅']
I01094324,王凯,http://wallpaper.cdn.pandora.xiaomi.com/thumbnail/webp/w1080/MiTv/01b9065deab7f4a14355b3c43ed03daaf89368d65,CC01000019,男星,早在05年的时候，王凯就和“老搭档”王子文一同出演了《寒秋》，08年出演《丑女无敌》，饰演了“娘娘腔”陈家明。可惜这俩部剧，都没有让这个男人走进观众的心里。@图虫创意,['王凯']
I01101378,霸道总裁张翰,http://wallpaper.cdn.pandora.xiaomi.com/thumbnail/webp/w1080/MiTv/049005500e8ed473a0f5987215a3cafaa19bb062f,CC01000019,男星,除了演霸道总裁，其实近几年张翰在演艺事业上有了很大的突破，不再仅限于一些单一的角色。对于张翰在《战狼2》中的表现，很多人都表示对他的演技都有了新的认识。@有料,['张翰', '酷帅']
I01108366,陈学冬,http://wallpaper.cdn.pandora.xiaomi.com/thumbnail/webp/w1080/MiTv/072105533d19f471d1a173cd52d4714c3557004de,CC01000019,男星,生活里的陈学冬是个不怎么爱卖萌的人，基本上，他都冷着一张脸，包括说笑话的时候，这让他从上到下散发着一种怎么也养不熟的气质。有时，这种气质是明星气质里最吸引人的，因为有某种拒绝，又有某种冷冽。@图虫创意,['陈学冬', '街头', '酷帅']
I01227462,陈最 随性穿搭,http://wallpaper.cdn.pandora.xiaomi.com/thumbnail/webp/w1080/MiTv/06a7742c61d76321b62ea39c1d6c30a365a420467,CC01000019,男星,简单的白色背心、黑色运动短裤，加以金色项链，既有少年气也有舞者的潇洒。@我们的街拍时刻,['娱乐', '艺人', '穿搭']
I01126948,万年痴情男神茅子俊,http://wallpaper.cdn.pandora.xiaomi.com/thumbnail/webp/w1080/MiTv/016eb56f82762f11ad4567f4137df9e31ff418efe,CC01000019,男星,在剧中，到底茅子俊与聂远谁是棋子，谁是执棋者，或许只有等剧播出后才能知晓了。我们一起期待，他为我们带来的精彩演绎吧！@有料,['酷帅', '皓镧传']
I01240970,明星收到的奇葩礼物,http://wallpaper.cdn.pandora.xiaomi.com/thumbnail/webp/w1080/MiTv/07ce051f3cf76651c6645b83c3fb29edec4417b9b,CC01000019,男星,王嘉尔的粉丝对爱豆可以说是很走心了，竟然还有人送上锦旗！这面送的锦旗，上面写着：“敬赠：王歌手人美歌甜，德艺双馨，爱你一万年——粉丝之一恭送。”不得不说这届粉丝也太可爱了。@今日必看,['礼物', '酷帅', '王嘉尔', '娱乐', '艺人', '小米精选']
I01126946,万年痴情男神茅子俊,http://wallpaper.cdn.pandora.xiaomi.com/thumbnail/webp/w1080/MiTv/0da8fd5df4ab94492303ed8dfc14554fb0d699fd1,CC01000019,男星,茅子俊出道10年来，有不少作品，但大多数都是爱而不得的虐心角色。如今《皓镧传》开播，不知这一次出演男一的他又会为我们带来怎样的故事？@有料,['酷帅', '皓镧传']
I01287214,带你了解王源,http://wallpaper.cdn.pandora.xiaomi.com/thumbnail/webp/w1350/MiTv/017b4bb38bc914897930f881ebdd572881e3f0251,CC01000019,男星,王源说不清为什么，就会对这一类事情尤为感兴趣。他不愿仅停留在事物的表面，他想一层一层揭开，探索那些“不被看见但需要被看见的部分”。@视觉中国,['海边', '酷帅', '王源']
I01353308,鹿晗光影氛围大片,http://wallpaper.cdn.pandora.xiaomi.com/thumbnail/webp/w1350/MiTv/0b96a1e9b25c543f4a9e6248ff3fa9a2f30bd5c59,CC01000019,男星,鹿晗身穿黑色翻领白西装，新浪漫主义的精致耳钉点缀，蕴含浓厚的英伦绅士风度，犹如精致贵气的小王子，满满的秋日氛围感帅气满分。@品鉴图库,['鹿晗', '正装', '休闲西装']
I01126947,万年痴情男神茅子俊,http://wallpaper.cdn.pandora.xiaomi.com/thumbnail/webp/w1080/MiTv/03a8fd5df4ab94492303ec8dfcf45548b0d659fd1,CC01000019,男星,《皓镧传》的故事发生在东周战国晚期，茅子俊饰演的赢异人和吴谨言饰演的皓镧，以及聂远饰演的吕不韦，三人在乱世中上演了一场爱恨情仇的历史大剧。@有料,['酷帅', '皓镧传']
I01316304,探索演员之路的翟潇闻,http://wallpaper.cdn.pandora.xiaomi.com/thumbnail/webp/w1350/MiTv/0942147c2509548fda5512ee30dc922b050345bf3,CC01000019,男星,潇闻并不觉得作为演员，哪怕是新人演员，有哪一种类型的戏是他不能够挑战的。“你如果有这个想法的话，我觉得就是错的，你就已经把自己给限制了。”@视觉中国,['人物图', '写真']
I01287720,日系氛围感男星,http://wallpaper.cdn.pandora.xiaomi.com/thumbnail/webp/w1350/MiTv/0d123b3e499974c5493cddb0822f57a074ee4e3e8,CC01000019,男星,胡先煦自从减肥成功后就引起了粉丝的“不满”，许多妈妈粉瞬间变成女友粉，此前可爱的邻家男孩形象不复存在，瘦身后直接化身日系男偶像，怪不得很多粉丝调侃胡先煦为在每一个年龄阶段都会喜欢上的男星。@锐景,['大气', '酷帅', '胡先煦', '日系']
I01100631,冯绍峰,http://wallpaper.cdn.pandora.xiaomi.com/thumbnail/webp/w1080/MiTv/0cfc74367c46002f0a3ae97eecf46456ebb40df99,CC01000019,男星,冯绍峰在《那片星空那片海》中饰演了“禁欲系”的人鱼，所以在演绎这个角色时，他更多地做减法。他不去做“太多肢体语言和情绪上的表演”，而是让大家能够感觉到他心里边的一种状态。@图虫创意,['冯绍峰']
I01108661,吴磊,http://wallpaper.cdn.pandora.xiaomi.com/thumbnail/webp/w1080/MiTv/05e9f5c59cc1e7bd1920c29f4a4b10a9d1f42fa54,CC01000019,男星,吴磊表示，华表奖是一次向前辈学习的好机会，作为二十一世纪的新青年，为拥有当下的生活环境感到非常幸福，之后也会好好学习积极进取。@视觉中国,['吴磊', '小鲜肉', '酷帅']
I01284439,王嘉尔卡地亚写真,http://wallpaper.cdn.pandora.xiaomi.com/thumbnail/webp/w1350/MiTv/0d08b39af0e2c42648914c43ea03560e46aaed87e,CC01000019,男星,王嘉尔是在韩国发展的中国香港籍男艺人，男子演唱团体GOT7成员。在中韩两国都有着超高的人气。@视觉中国,['酷帅', '王嘉尔', '娱乐', '男明星']
I01093476,陈奕迅,http://wallpaper.cdn.pandora.xiaomi.com/thumbnail/webp/w1080/MiTv/06be24b72121552bb52dc5d0255e2cbb863428101,CC01000019,男星,陈奕迅：“活像个孤独患者，自我拉扯，外向的孤独患者，需要认可。”@视觉中国,['陈奕迅']
I01138447,明星赛车手,http://wallpaper.cdn.pandora.xiaomi.com/thumbnail/webp/w1080/MiTv/045c3e418b4c243fe1eebe2543bb98041027ef8d6,CC01000019,男星,说到娱乐圈中的赛车好手，通常想到的都是林志颖。玩车十多年的他，保有许多冠军头衔及赛场纪录，是台湾首位国际方程式车手。@视觉中国,['英俊', '快乐', '年轻', '酷帅', '林志颖 ', '艺人']
I01152997,听五月天 满满的感动,http://wallpaper.cdn.pandora.xiaomi.com/thumbnail/webp/w1080/MiTv/0e3d555fdda1f68ea965ea8e3c137098db3428978,CC01000019,男星,如果说了后悔，是不是一切就能倒退。回忆多么美，活着多么狼狈。为什么这个世界，总要叫人尝伤悲，我不能了解，也不想了解。——《疯狂世界》@视觉中国,['台湾', '酷帅', '乐团', '五月天']
I01218803,陈星旭 优雅少年郎,http://wallpaper.cdn.pandora.xiaomi.com/thumbnail/webp/w1080/MiTv/08422655e08d444940cf06d4483a1c173fec915c4,CC01000019,男星,花在石中开，妙手写君，皎如玉树临风前。陈星旭如风姿优雅少年郎，鲜衣怒马，意气风发，营造飞花梦境。@我们的街拍时刻,['酷帅', '娱乐', '艺人', '陈星旭', '小米精选']
I01287228,从不停步的王源,http://wallpaper.cdn.pandora.xiaomi.com/thumbnail/webp/w1350/MiTv/08539062a4e734240ac308b81749fbead5e155630,CC01000019,男星,作为一位演员，王源参演了众多影视作品，认真对待每一份付出，用认真的态度诠释着每一位角色。同时他也在不断突破自己，拓展宽度不设限制为观众带来优秀的作品。王源称他将坚持自己，有梦就追的人，做自己，就足够灿烂。@视觉中国,['酷帅', '王源', '人物图', '写真', '小米精选']
I01088623,林一,http://wallpaper.cdn.pandora.xiaomi.com/thumbnail/webp/w1080/MiTv/0d3a8e543a84845022ea4e42f9d195c8a8c97d59d,CC01000019,男星,作为《美少年学社》固定嘉宾，林一的一颦一笑都洋溢着青春的气息，胶原蛋白简直要溢出整个屏幕，嫩得都可以掐出水的感觉。@图虫创意,['西裤', '林一']
I01108269,“交际花”魏大勋,http://wallpaper.cdn.pandora.xiaomi.com/thumbnail/webp/w1080/MiTv/06bb945a3838c44e83ad4b8529fcc6b59689fc2c0,CC01000019,男星,大家对魏大勋的第一印象就是他是个笑得很傻很温柔的邻家男孩。然而，魏大勋不但是一名当红演员，而且还扮演着一个“交际花”的角色，有网友戏称他继承了谢娜的衣钵。@有料,['努力', '魏大勋', '酷帅']
I01091330,朱亚文,http://wallpaper.cdn.pandora.xiaomi.com/thumbnail/webp/w1080/MiTv/08c6d4d19ac7d4193e71d04529726ca251f40aab5,CC01000019,男星,关于表演，朱亚文信奉的都是角色第一，“可以没有朱亚文，但决不可没有角色。”每一部作品的呈现，成功之处在于观众能记住这个角色。@视觉中国,['灰色调', '眼镜', '领带', '朱亚文', '长裤']
I01317665,逆袭成演员的费启鸣,http://wallpaper.cdn.pandora.xiaomi.com/thumbnail/webp/w1350/MiTv/05740efa63d814dc89028d32a18b0b5946ebfb6b9,CC01000019,男星,与荧幕上的“职场小太阳”形象相符合，现实中的他也是个多才多艺的大男孩。不仅精通弹唱，还写得一手好字，是一个人帅字好，还会唱歌演戏的小哥哥。@视觉中国,['机车', '酷帅', '人物图', '写真', '小米精选', '费启鸣']
I01112116,“减龄式演技”王凯,http://wallpaper.cdn.pandora.xiaomi.com/thumbnail/webp/w1080/MiTv/07b5805efade3466a0d462ca0e5f167fa14f5f3e5,CC01000019,男星,2018年，在致敬改革开放四十周年的电视剧《大江大河》中，王凯饰演了宋运辉这个角色，让观众眼前一亮。@有料,['王凯', '酷帅', '小米精选']
I01052830,许魏洲,http://wallpaper.cdn.pandora.xiaomi.com/thumbnail/webp/w1080/MiTv/09ec651b7a6c722295e2eec1cc0a5a522fe414423,CC01000019,男星,喜欢唱歌，喜欢跳舞，这样的许魏洲像是为舞台而生。他坦言：“站在舞台上的我是最势不可挡的，狂放的，有张力的，不放弃的摇滚精神就是音乐带给我的力量。摇滚是我的情怀，我也想这份热情一直延续下去。”@图虫创意,['街拍', '许魏洲']
I01413405,周翊然 稳重冷静的探索者,http://wallpaper.cdn.pandora.xiaomi.com/thumbnail/webp/w1350/MiTv/0853fccdf72b44dafb076a3b50487fe162ba579be,CC01000019,男星,周翊然有一种超脱于23岁年纪的稳重和冷静，他以平和的心态面对外界，向内求索、镇定自若，展现出一种独特的魅力。@圈子,['暗色调', '写真', '中国演员', '周翊然']
I01284405,罗云熙暖意深冬大片,http://wallpaper.cdn.pandora.xiaomi.com/thumbnail/webp/w1350/MiTv/0583244d73ecb4e5181e933eb7f326e87045d6c9b,CC01000019,男星,高领简约塑造温柔氛围，利落隽秀装点沉着风度，与罗云熙一起来邂逅暖意深冬。@今日必看,['温暖', '棕色调', '高领毛衣', '酷帅', '罗云熙', '小米精选']
I01221287,李泽锋 雅痞绅士,http://wallpaper.cdn.pandora.xiaomi.com/thumbnail/webp/w1080/MiTv/047d7530c788098d0c846f6796889db3e86423585,CC01000019,男星,无论是日常休闲还是商务出行，一袭轻简装傍身，线条简约，潇洒而自在。@我们的街拍时刻,['李泽锋', '娱乐', '艺人']
I01109949,“胡八一”蔡珩,http://wallpaper.cdn.pandora.xiaomi.com/thumbnail/webp/w1080/MiTv/08e7d14cc992c411022b7973f683e5d4584d33bf5,CC01000019,男星,关于新演员，《云南虫谷》的导演非行不吝赞美。对于饰演胡八一的蔡珩，他表示：“摄像机前的他给人以灵魂出窍的感觉，完全进入了角色。”@图虫创意,['酷帅', '蔡珩', '小米精选']
I01056482,朱亚文,http://wallpaper.cdn.pandora.xiaomi.com/thumbnail/webp/w1080/MiTv/0f78446c7387782067715b718f52532cc8d4360a5,CC01000019,男星,在《闯关东》的乱世中生活的年轻一代朱传武，是老朱家三个孩子中唯一不能读写，却能打打拳脚的；是唯一敢于对抗父母，也是唯一敢爱敢恨、敢作敢当的，表现这个角色，朱亚文拿掉了声音里所谓的涵养和知识属性，弱化胸腔的共鸣，把整部戏的气息都往上提。@视觉中国,['朱亚文']
I01420267,许凯 保持热爱,http://wallpaper.cdn.pandora.xiaomi.com/thumbnail/webp/w1350/MiTv/0d29ac3bdff57402fbd3add5e8da1c05b1b5f7524,CC01000019,男星,之所以选择进入演艺圈，许凯坦言是因为对表演的好奇和热爱，他觉得演戏是一件很有趣的事情，可以去体验不同角色的人生；而在不断的尝试和努力中，许凯对表演从最初的兴趣逐渐转化为对艺术的热爱和追求。@品鉴图库,['许凯']
I01287282,李现 成为创作型演员,http://wallpaper.cdn.pandora.xiaomi.com/thumbnail/webp/w1350/MiTv/0f2216cffbb184c47aa9e4fba3ebb81e556866e4c,CC01000019,男星,挑战性是李现当下接戏的一大考量。研究角色，参透角色，更是他的必备功课。李现强调人物的生动性要从细节做起，会赋予角色独有的设计。在这个大男孩的世界里，想法很简单，就是喜欢去做创作型的演员，为了更好地塑造角色，每一次都可以拼尽全力。@好看,['自信', '李现', '酷帅', '小米精选']
I01093478,陈奕迅,http://wallpaper.cdn.pandora.xiaomi.com/thumbnail/webp/w1080/MiTv/036a405508f9b48a6027a60a5262a794d4df170d9,CC01000019,男星,陈奕迅：“成千上万个门口，总有一个人要先走。”@视觉中国,['陈奕迅']
I01102628,“谋男郎”窦骁,http://wallpaper.cdn.pandora.xiaomi.com/thumbnail/webp/w1080/MiTv/0aec7747da47049fd3d26749ecdb074b351065bbf,CC01000019,男星,自从《山楂树之恋》出道以来，窦骁演得了腹黑皇子，演得了商业精英，形象出众，态度谦和，爱好体育运动，洁身自好，几乎没有任何黑点。@有料,['窦骁', '酷帅']
I01196522,真性情大男孩刘宪华,http://wallpaper.cdn.pandora.xiaomi.com/thumbnail/webp/w1080/MiTv/08d635b59fe366bca33356a2b47c1cab6c440831d,CC01000019,男星,刘宪华的反应能力非常灵活，只要有有他在，就不用担心冷场，因为他总能够抛出各种梗，也能够接得住别人抛出的梗，从来不冷落任何一位嘉宾。热心、热情、体贴或许都是这个大男孩隐藏的优点。@图虫创意,['刘宪华']
I01362376,从未见过的王俊凯,http://wallpaper.cdn.pandora.xiaomi.com/thumbnail/webp/w1350/MiTv/0671a08c376704301866ab3c35d876a4339b9d530,CC01000019,男星,王俊凯熟练地修着小货车的轮胎，钻到车下修理底盘，在车上电焊。让李玉导演感叹，“我好像真的找了一个修车工”，也让监制方励感言。@视觉中国,['王俊凯', '好奇', '男明星']
I01064459,赵又廷,http://wallpaper.cdn.pandora.xiaomi.com/thumbnail/webp/w1080/MiTv/0f6bd42f38855b25afd6cb485906976b2f6434122,CC01000019,男星,蒂芙尼携手赵又廷演绎Tiffany T系列作品，用镜头将他们的人生故事照进我们的现实生活，诠释力量与信仰。@图虫创意,['蒂芙尼', '赵又廷']
I01108287,“璞玉”刘恺威,http://wallpaper.cdn.pandora.xiaomi.com/thumbnail/webp/w1080/MiTv/02bb945a383ac44e13ad4285291cc6ba9689ec2c0,CC01000019,男星,从《欢喜婆婆》到《国色天香》再到《千山暮雪》……大家猛然惊醒。这个可以帅气、可以忧郁、可以天真、可以腹黑、又可以虐心的男人，原来叫刘恺威。

@有料,['刘恺威', '酷帅']
I01052829,许魏洲,http://wallpaper.cdn.pandora.xiaomi.com/thumbnail/webp/w1080/MiTv/0ce13417cfad13434e0722877ca64ac8afa4395ff,CC01000019,男星,《新舞林大会》让观众们都看到了许魏洲的“舞技”。他透露，自己从小就学拉丁舞，而当初学舞的理由很简单，只是因为看上了一双亮晶晶的舞鞋。@图虫创意,['许魏洲', '酷帅']
I01229100,温柔男生井柏然,http://wallpaper.cdn.pandora.xiaomi.com/thumbnail/webp/w1080/MiTv/04a7774c6ad66421722ea79c140c36a0627be6306,CC01000019,男星,时间是最好的修炼，至少在井柏然的身上，那些因为工作产生的起伏不定的涟漪，终究会风平浪静。@视觉中国,['井柏然', '酷帅']
I01354429,许凯崭露头角,http://wallpaper.cdn.pandora.xiaomi.com/thumbnail/webp/w1350/MiTv/0db747a7dcee74d36a44a46728c97c32f3864d131,CC01000019,男星,回顾许凯出演的作品，《招摇》《烈火军校》《骊歌行》《千古玦尘》等，可以说大部分以古装为主，无论接戏频率还是类型都比较稳定。@视觉中国,['好奇', '许凯', '娱乐']
I01094326,王凯,http://wallpaper.cdn.pandora.xiaomi.com/thumbnail/webp/w1080/MiTv/0cbe2157232f542bd22dcad021ce20b18b1be5b86,CC01000019,男星,其实王凯不仅是手好看，颜值与身材也是非常出众的呢，精致的五官是棱角分明的那种，深邃的眼眸也很标致，身材也很棒，各种服装都能驾驭的他。@图虫创意,['王凯', '银色调']
I01218811,官鸿 中式古风感穿搭,http://wallpaper.cdn.pandora.xiaomi.com/thumbnail/webp/w1080/MiTv/01422655e08d444970cf0cd4488a1c1c3fec115c4,CC01000019,男星,藏蓝色连体裤打底体现质感，长款风衣走起路上如风自在，编织背包的加入瞬间提升了时尚感，并和小白鞋相互呼应，是不是超级帅气呢！@我们的街拍时刻,['官鸿', '娱乐', '艺人']
I01109948,“胡八一”蔡珩,http://wallpaper.cdn.pandora.xiaomi.com/thumbnail/webp/w1080/MiTv/0770e65fb11b2404338e690221000581207a1cff3,CC01000019,男星,在《云南虫谷》中，蔡珩首度接触盗墓题材。他坦言自己与胡八一在面对困难执着勇敢、永不言败这一点上十分契合，对角色进行诠释的同时，也是对自我情感的表达，令人颇为期待。@图虫创意,['毛衣', '酷帅', '蔡珩', '小米精选']
I01351294,独立又清醒的王俊凯,http://wallpaper.cdn.pandora.xiaomi.com/thumbnail/webp/w1350/MiTv/06b349e6799284158ad6d6ae3954cdc9d8c440cf4,CC01000019,男星,聊起天来，他彬彬有礼、绅士得体，时而热情饱满，时而欲言又止，偶尔的片刻沉默后，又不忘奉上开心的笑容。@视觉中国,['大气', '酷帅', '王俊凯', '人物图', '写真']
I01219503,于朦胧 摩登风穿搭,http://wallpaper.cdn.pandora.xiaomi.com/thumbnail/webp/w1080/MiTv/0a6531484cc3a42112cb510bddfb3d2e66664342a,CC01000019,男星,踏足绿地，跟随于朦胧感受惬意时光，印花衬衫似从大自然中汲取灵感，流露文艺又无拘的一面，阔腿裤兼顾了型格与舒适，释放出慵懒气息，针织上衣柔软清透，挥洒自由灵魂，今天的他是不是依旧捕获了你的心呢。@我们的街拍时刻,['于朦胧', '娱乐', '艺人']
I01347672,龚俊雪景大片治愈感满满,http://wallpaper.cdn.pandora.xiaomi.com/thumbnail/webp/w1350/MiTv/012d5be4a2de5435881ca4f711be2eed68af3bb15,CC01000019,男星,龚俊工作室分享一组长白山浮云大片，照片中龚俊身穿深色大衣漫步于山脚下的雪地中，伫足看望远方，慵懒随性，与自然风景融为一体，氛围感拉满。@品鉴图库,['大衣', '雪景', '廓形大衣', '龚俊']
I01287211,带你了解王源,http://wallpaper.cdn.pandora.xiaomi.com/thumbnail/webp/w1350/MiTv/0840e913e7e6f4849b85ec63b99b3c5ce8bfd32fa,CC01000019,男星,王源常常会表情严肃地应对一切，但偶尔，也会像个夏日里放假的男孩，用好奇心“触碰”身边的人。身处他这样的年纪，对别人的兴趣大过对自己的兴趣。@视觉中国,['休闲', '海边', '酷帅', '王源']
I01286325,朱一龙 逆风翻盘,http://wallpaper.cdn.pandora.xiaomi.com/thumbnail/webp/w1350/MiTv/0a7ddb2cb97dd444db87653d02ec2e53fd5f26bf4,CC01000019,男星,“逆风翻盘”四个字，正适合形容朱一龙。北影科班出身，入行十年，朱一龙拍过大大小小作品几十部，却总被划进“颜值高演技佳但就是不红”的行列。可能是和慢热的性格有关，朱一龙对于名气这件事也比较淡然，更看重自己的业务能力。@好看,['儒雅', '淡然', '朱一龙']
I01221286,李泽锋 雅痞绅士,http://wallpaper.cdn.pandora.xiaomi.com/thumbnail/webp/w1080/MiTv/035d94402063746ca36befce0c4a730ea7ca2f475,CC01000019,男星,夏末秋初时节，西装衬衫的搭配依旧是不会出错的存在，蓝色系的清爽不负夏日的最后时光，搭配皮质手袋和德比鞋，轻松塑造绅士型格。@我们的街拍时刻,['李泽锋', '娱乐', '艺人']
I01219505,于朦胧 摩登风穿搭,http://wallpaper.cdn.pandora.xiaomi.com/thumbnail/webp/w1080/MiTv/026531484cc3a42132cb550bdd5b3d2c6666e342a,CC01000019,男星,军绿色带帽夹克搭配军绿色男士七分裤，棕白混色椰子木珠项链、皮革手袋、黑色苏格兰薄棉袜等饰物的加持给整套LOOK增添了亮点，今日份的于朦胧超帅气。@我们的街拍时刻,['于朦胧', '娱乐', '艺人']
I01154116,吴青峰,http://wallpaper.cdn.pandora.xiaomi.com/thumbnail/webp/w1080/MiTv/07dc7a403db2646572360061b9c72deeda9081727,CC01000019,男星,吴青峰的才华早已受到乐坛大咖们的赏识，包括摇滚天后杨乃文的歌曲《女爵》，就是由吴青峰为她量身打造的作品，还有刘若英的《没道理》、潘玮柏的《不同》等等。@图虫创意,['吴青峰']
I01061574,王子异,http://wallpaper.cdn.pandora.xiaomi.com/thumbnail/webp/w1080/MiTv/01512b4725ac4464c26fdbce16e87a1712c2a55b2,CC01000019,男星,王子异深蓝色连体裤转变成为街头风格，个性穿法尽显真我。@图虫创意,['街拍', '王子异']
I01064392,肖大千,http://wallpaper.cdn.pandora.xiaomi.com/thumbnail/webp/w1080/MiTv/00eb744a6e7a53f701085ceaf96fa7bd4e742e7cd,CC01000019,男星,肖大千身穿灰色衬衫系上一条黑色领带彰显绅士品格，灰色西装裤勾勒出修长腿型，展现完美身材比例。,[]
I01078188,黄轩,http://wallpaper.cdn.pandora.xiaomi.com/thumbnail/webp/w1080/MiTv/0013c958be87742c314b9ba60740ddeb70bfb7066,CC01000019,男星,黄轩凭借电影《推拿》获得了柏林电影节金熊奖的提名，让他一度成为“文艺男神”。再到后来的“国民初恋”、“情话boy”，他身上的标签随着角色的不同而不断更替。对于外界赋予他的印象，黄轩不介意，可他也不会为自己划定什么界限。@图虫创意,['魅力', '黄轩']
I01040262,刘恺威,http://wallpaper.cdn.pandora.xiaomi.com/thumbnail/webp/w1080/MiTv/09239848fbb7f4d450950419cce39464783515020,CC01000019,男星,嘴边微笑温暖迷人，刘恺威戴上黑边圆框眼镜更显斯文气质。@图虫创意,['眼镜', '刘恺威']
I01059286,汪东城,http://wallpaper.cdn.pandora.xiaomi.com/thumbnail/webp/w1080/MiTv/08ca4d402f68b447d3b6567a1f11dcc68b09ba758,CC01000019,男星,8月24日是汪东城的生日，在他生日当天曝光了一组最新写真。@图虫创意,['汪东城']
I01112119,“减龄式演技”王凯,http://wallpaper.cdn.pandora.xiaomi.com/thumbnail/webp/w1080/MiTv/08de3513a66bdee531c7725bf7fdf92c0ff43dec4,CC01000019,男星,以36岁的年龄饰演18岁的宋运辉，王凯却表现得毫无违和感。他一出场，就凭着消瘦的身材和清澈的眼神立住了这个不通世事的农村少年的形象。@有料,['王凯', '酷帅', '小米精选']
I01108368,陈学冬,http://wallpaper.cdn.pandora.xiaomi.com/thumbnail/webp/w1080/MiTv/082105533d19f471d1a178cd5274714b3557704de,CC01000019,男星,陈学冬这些年，真人秀、电影、电视也都密密接个不停，毕竟，演一部戏的时间要比导演构建一部戏要少得多。对于忙碌的明星生活，他惟一的抱怨就是忙，“干不动了，真的是太累了。没有时间睡觉。”@图虫创意,['陈学冬', '酷帅']
I01126921,陈学冬,http://wallpaper.cdn.pandora.xiaomi.com/thumbnail/webp/w1080/MiTv/01a8f50dfcad95496103e08df494534fb2443dc5d,CC01000019,男星,亮相巴黎时装周的陈学冬，身穿中式风格的深色套装内搭绿色卫衣，尽显东方男性独特的绅士魅力。@图虫创意,['陈学冬', '套装']
I01108271,“交际花”魏大勋,http://wallpaper.cdn.pandora.xiaomi.com/thumbnail/webp/w1080/MiTv/094544b3a5f6e0e3b5d9a418db61cdf4359401fb9,CC01000019,男星,最近魏大勋在微博中宣布了件喜事——他的微博粉丝已经达到2000万！虽然不是公布恋情，但是粉丝们都是真心为他开心的。
@有料,['努力', '魏大勋', '酷帅']
I01171603,黄宥明,http://wallpaper.cdn.pandora.xiaomi.com/thumbnail/webp/w1080/MiTv/084a3419429936997846bdcbc5667f43ecc409fc2,CC01000019,男星,对于“戏红人不红”，黄宥明如此看待：我觉得我就是认认真真演好我每一部戏，角色能得到观众们的认可，这就是做演员最大的欣慰。@视觉中国,['酷帅', '黄宥明']
I01415813,张新成 从容前行,http://wallpaper.cdn.pandora.xiaomi.com/thumbnail/webp/w1350/MiTv/0df8c19fc08fb4c65b6bcad1f56613d2d32ef80c5,CC01000019,男星,张新成分享了他所愿的2024年，他希望能努力改正自己的缺陷，成为一个更好的自己。@圈子,['侧脸', '牛仔衣', '牛仔', '张新成']
I01094327,王凯,http://wallpaper.cdn.pandora.xiaomi.com/thumbnail/webp/w1080/MiTv/01b9065deab7f4a16355bec43ee03da3f89378d65,CC01000019,男星,王凯凭借着演技，受到了很多观众的喜爱与支持，所以人气一直都很高，也是经常参加各种活动！王凯的身材好，穿着银色的西装超亮眼，内里搭配的高领毛衣也是银色的，特别的帅酷。西服裤子是黑色的，展现了长腿，王凯原来不仅手好看，腿也那么好看！@图虫创意,['王凯', '银色调']
I01061577,王子异,http://wallpaper.cdn.pandora.xiaomi.com/thumbnail/webp/w1080/MiTv/004dec5debade40201f205ef03411a7eb8733b11f,CC01000019,男星,王子异衬衣搭配运动背心长裤，青春活力，完美演绎复古运动混搭风。@图虫创意 
,['街拍', '王子异']
I01052159,彭于晏,http://wallpaper.cdn.pandora.xiaomi.com/thumbnail/webp/w1080/MiTv/0283c459796696304db2860830f44ed4b85411732,CC01000019,男星,彭于晏觉得自己在姜文面前像个孩子。他毫不掩饰自己对姜文的崇拜。@图虫创意,['彭于晏', '酷帅']
I01051759,陈伟霆,http://wallpaper.cdn.pandora.xiaomi.com/thumbnail/webp/w1080/MiTv/0c414144d378647ab01756cbad24370ce48dc03e5,CC01000019,男星,陈伟霆“ 六向成就”立地成我走进奇幻的热血江湖为一首带着强烈中国风的舞曲， MV以舞为中心外剧情亦见深度，以立地成我为概念，通过向孤独、向苦难、向君王、向佛陀、向众生、向自己六个部分的内容层层递进， 传述人物不同心境。@视觉中国,['街舞', '酷帅', '陈伟霆']
I01409483,始终向前的曾舜晞,http://wallpaper.cdn.pandora.xiaomi.com/thumbnail/webp/w1350/MiTv/06328c389d8f6495fb04f4945c881580d54403b57,CC01000019,男星,从2016年第一次接触到演戏开始，曾舜晞带着初次尝试的那股新鲜劲儿，开始为“成为一名演员“付诸于更长久的行动；于是，在接下来的时间里，他成为了张无忌、吴邪，成了让观众们偏爱的“方小宝”。@品鉴图库,['曾舜晞']
I01209931,李现街头写真,http://wallpaper.cdn.pandora.xiaomi.com/thumbnail/webp/w1080/MiTv/08060247f8e144b2b2ffe81d0c12ddec4dec60cf7,CC01000019,男星,他不需要什么“高知”、学霸人设，解一道二元一次方程就能放放夏洛克的bgm。读书、观影是他的生活，亦是他的工作。@视觉中国,['街头', '李现', '酷帅']
I01414793,张艺兴 航向前方,http://wallpaper.cdn.pandora.xiaomi.com/thumbnail/webp/w1350/MiTv/0df823f569dd2480ca227862a62a3b9e6c55c1239,CC01000019,男星,鲜少会有艺人像张艺兴这般，心中笃定，对自己的目标明确，带着些许执着且；对张艺兴而言，尽管人生之路上有许多变数，他信的是“勤能补拙”，也带着一点点堂吉柯德式的孤勇，在人生之路上披荆斩棘、勇往直前。@品鉴图库,['张艺兴']
I01088651,汪东城,http://wallpaper.cdn.pandora.xiaomi.com/thumbnail/webp/w1080/MiTv/013a8e543a8f845002ea4742f9c195cca8c96d59d,CC01000019,男星,出道13年，汪东城好像已经成为一批80后90后朋友的“青春回忆”。被问到感受时，大东除了感慨时间过得快之外，还很欣慰自己参演的作品可以在一代人心里根深蒂固。他说：“我还是蛮开心的，至少陪大家一起成长。”@图虫创意,['迷彩服', '汪东城']
I01158733,陈星旭,http://wallpaper.cdn.pandora.xiaomi.com/thumbnail/webp/w1080/MiTv/06e47587c14400566722f25120e470210d0429b9d,CC01000019,男星,你心目中的完美男友是什么模样呢？深邃的眼眸、高挺的鼻梁，身处复古画室中，身穿亮色衬衫搭配马丁靴，帅气又有点叛逆……@我们的街拍时刻,['楼梯', '陈星旭']
I01098645,谢霆锋,http://wallpaper.cdn.pandora.xiaomi.com/thumbnail/webp/w1080/MiTv/04b93c47c3a9e4b0c3e54984553317979c6dfcb10,CC01000019,男星,谢霆锋有着常人不可比拟的先天条件，长相、人脉、天赋，也有着处女座自身对工作的完美主义和变态般的努力。谢霆锋说：“我一定要没有什么东西有后悔，我能够跟我自己很诚恳地说，这十年我过得值得，但是我一直会提醒我自己，高处未算高，低处未算低。”@视觉中国,['谢霆锋']
I01335586,许凯沉迷于拍戏,http://wallpaper.cdn.pandora.xiaomi.com/thumbnail/webp/w1350/MiTv/004174c9d8b064593b669508749b933c8cb4f1192,CC01000019,男星,出道五年多，许凯觉得自己仿佛练就一副“金刚不坏之身”，内心有如一汪平静的湖水，在挫折与争议面前得以安之若素。@视觉中国,['好奇', '许凯', '娱乐', '男明星']
I01185024,白宇,http://wallpaper.cdn.pandora.xiaomi.com/thumbnail/webp/w1080/MiTv/06f2f04cef4fa428027374d215ada91095c7f25ef,CC01000019,男星,目前为止他饰演的剧没有局限的一个类型，奇幻、偶像、青春、历史、悬疑均有涉猎。@视觉中国,['酷帅', '白宇']
I01065311,李治廷,http://wallpaper.cdn.pandora.xiaomi.com/thumbnail/webp/w1080/MiTv/0d48b42acc49f634ce9f956ef945350e6e4405285,CC01000019,男星,李治廷凭借俊俏阳光的外形、精通多种乐器音乐创作天分，在演艺圈展露头角大放异彩。@图虫创意,['李治廷', '黑衣']
I01420901,发现檀健次的更多面,http://wallpaper.cdn.pandora.xiaomi.com/thumbnail/webp/w1350/MiTv/06748cf9dd41e420c96da6dcf0733697572ad3253,CC01000019,男星,从2009年的电影《秘岸》，再到热播剧《长相思》，檀健次如同他饰演的第一个角色少年小川那样走出迷惘，在烟波重重的江边完成了蜕变，摇身一变俊美近妖的古装剧角色，那个令大荒内众多世家、氏族忌惮的九头妖王相柳。@品鉴图库,['檀健次', '休闲西装']
I01351313,许凯奔赴热爱,http://wallpaper.cdn.pandora.xiaomi.com/thumbnail/webp/w1350/MiTv/054a65cf92bfd43d0a4ca32f5f23fa8a4a5fd204c,CC01000019,男星,“作为一个演员应该将生活和工作抽离开的，我也在努力尝试做到这一点。在剧中的时候许凯是角色的投影，现实中做回自己去观察和聆听。”他说道。@视觉中国,['好奇', '许凯', '男明星']
I01196517,刘宪华的音乐才华,http://wallpaper.cdn.pandora.xiaomi.com/thumbnail/webp/w1080/MiTv/087824b5220f65a5d42f318b2f027811be643a337,CC01000019,男星,刘宪华拥有一路开挂的音乐学习经历。5岁开始学古典小提琴，6岁开始学习钢琴，11岁开始学芭蕾舞，15岁又学习了电子小提琴。16岁时在加拿大皇家音乐学院小提琴10级考试中获得银质奖章表彰。@图虫创意,['刘宪华']
I01221289,李泽锋 雅痞绅士,http://wallpaper.cdn.pandora.xiaomi.com/thumbnail/webp/w1080/MiTv/047d7530c7880a8d08846d67908893b3e76423585,CC01000019,男星,印花针织衫、黑色休闲长裤、黑色乐福鞋，用最简单的单品搭出最舒适的一套LOOK，简单却不简易。@我们的街拍时刻,['李泽锋', '娱乐', '艺人']
I01091331,朱亚文,http://wallpaper.cdn.pandora.xiaomi.com/thumbnail/webp/w1080/MiTv/00d539502cce54dda279c49f49f9fd234fa09f479,CC01000019,男星,在朱亚文的认知里，演员要学会和角色相处，“我是为了这个角色而生的。”@视觉中国,['眼镜', '领带', '朱亚文']
I01126923,王凯 另一个宋运辉,http://wallpaper.cdn.pandora.xiaomi.com/thumbnail/webp/w1080/MiTv/0e6ebe5f8f772411014563f41e7dffef166a37381,CC01000019,男星,王凯当初选择接下《大江大河》这个剧本，是因为角色宋运辉和他很像，甚至连喜好都相似。“人民日报是宋运辉崇拜的媒体，也是我很尊敬的媒体。”在接受采访时，他甚至还能背出《人民日报》的文章。@图虫创意,['王凯', '酷帅']
I01416107,成毅的坚守与成长,http://wallpaper.cdn.pandora.xiaomi.com/thumbnail/webp/w1350/MiTv/0d5420821714243bbbd9fc8af622be064fd3e42f4,CC01000019,男星,在娱乐圈的浪潮中，成毅始终坚守着自己的初心，珍惜每一个角色，用本本分分的态度去诠释每一个角色的灵魂。@圈子,['领带', '侧脸', '手表', '白衬衫', '成毅', '小米精选']
I01108288,“璞玉”刘恺威,http://wallpaper.cdn.pandora.xiaomi.com/thumbnail/webp/w1080/MiTv/00bb956a3a38c24e9ead478529ccc4b295843c964,CC01000019,男星,刘恺威，曾经有人说他看似一块璞玉，演起戏来却是块石头。于是入行多年的他，就把自己当做一块石头一样踏踏实实、一点一滴、不骄不躁的打磨。@有料,['刘恺威', '努力', '酷帅']
I01108270,“交际花”魏大勋,http://wallpaper.cdn.pandora.xiaomi.com/thumbnail/webp/w1080/MiTv/094544b3a5f6e0e3b2d9a418d861c0f4389401fb9,CC01000019,男星,其实魏大勋的演艺道路走得并不顺遂，他曾为了留在北京，一口气考了七所大学。他认为每个在外闯荡的人，想在陌生的城市站稳脚，就要不辜负父母满心的期待。
@有料,['努力', '魏大勋', '酷帅']
I01362171,真诚有趣的王鹤棣,http://wallpaper.cdn.pandora.xiaomi.com/thumbnail/webp/w1350/MiTv/04be4a472d0a543ba9c7d033464ecede3f11d33eb,CC01000019,男星,网友考古王鹤棣，发现在那一堆“笑料”的背后，是一个真挚热忱的大男孩：他从不避讳自己的出身与学历。@视觉中国,['王鹤棣', '人物图', '写真']
I01360950,时尚界宠儿龚俊,http://wallpaper.cdn.pandora.xiaomi.com/thumbnail/webp/w1350/MiTv/05c66528aca4d441d9682f4d1c2b072e402b2281c,CC01000019,男星,不仅是在电视剧方面，龚俊在时尚圈也是混的风生水起。这才一个季度，龚俊就轻松解锁了时下五大主流男刊的杂志封面。@视觉中国,['酷帅', '明星', '龚俊']
I01098599,谢霆锋,http://wallpaper.cdn.pandora.xiaomi.com/thumbnail/webp/w1080/MiTv/00b934c7c9a6ecb0dde5438451c3159b9d343157c,CC01000019,男星,10年前，谢霆锋是人人皆知的叛逆星二代，对骂狗仔，演唱会摔吉他，现在潜心研究美食变得沉静、内敛，成为80后一代的偶像典范。@视觉中国,['酷帅', '谢霆锋']
I01108289,“璞玉”刘恺威,http://wallpaper.cdn.pandora.xiaomi.com/thumbnail/webp/w1080/MiTv/094544b3a4f6eae3bed9a218dc61cdf43a9401fb9,CC01000019,男星,娱乐圈中注定有一批人，在圈里摸爬滚多年，却鲜有人知道他们的存在。往往是命运要将一块美玉经过时间和经历的打磨，才能从不起眼的石头中脱透出来。

@有料,['刘恺威', '酷帅']
