I01179096,如果阳光,http://wallpaper.cdn.pandora.xiaomi.com/thumbnail/webp/w1080/MiTv/0e6a159ad96c0f8160722f17d436f23728f40454c,CC01000022,美女,当初相遇时回头在笑，望着笑脸感觉像似首诗，每次见他将心意合成字句，偷偷Say Hello。@米拍\小清新王子 Marinayuer
,['清新自然', '校园']
I01190868,粉红色的时光之旅,http://wallpaper.cdn.pandora.xiaomi.com/thumbnail/webp/w1080/MiTv/09469c43ead42497620682389af4d5b973332002e,CC01000022,美女,粉红是一种多维的、含义变化多端的色彩，它不只是适合少女的愚蠢粉色，而是兼具两性的、既酷且潮又反叛的粉色，是各种更复杂想法的一种表达。@图虫创意,[]
I01254500,90后脱发的自救指南,http://wallpaper.cdn.pandora.xiaomi.com/thumbnail/webp/w1350/MiTv/0ca4cd27d28a848928e7de91e80e397e1407e1649,CC01000022,美女,不知何时起，90后成为了脱发的主力军，在镜子前检查一下自己的发际线，已然成了90后每日的必修。工作的压力、饮食不规律以及经常熬夜都会影响体内生长激素的水平，较低的生长激素可能导致许多问题，比如秃头！@锐景/悠然Hime,['紫色调', '衬衫穿搭']
I01135702,刘海怎么剪才好看,http://wallpaper.cdn.pandora.xiaomi.com/thumbnail/webp/w1080/MiTv/0bd9cf41b8b704adf0a5c285ca1b7a5b5f9408fbd,CC01000022,美女,二次元刘海非常适合圆脸的女孩子。这款刘海给人的第一感觉就是萌萌哒，能让你看起来青春有活力，更加可爱。@图虫创意,['室内', '清新自然', '毯子', '长袖']
I01141509,女生扎马尾的小心机,http://wallpaper.cdn.pandora.xiaomi.com/thumbnail/webp/w1080/MiTv/0ecc24f5e9de60ac65038a34f8477196b2d406639,CC01000022,美女,女生可以用梳子梳完头发后，再用手抓着绑出一个马尾，缔造一些蓬松感。这样不仅能看起来更自然，还能显高显脸小，减龄效果也是棒棒的！@图虫创意,['短裤', 'T恤', '清纯', '小米精选']
I01107802,念念不忘的校园爱情,http://wallpaper.cdn.pandora.xiaomi.com/thumbnail/webp/w1080/MiTv/0e2105533515f97176a177cd5204774436d41d215,CC01000022,美女,学生时代的校园爱情，并不只是每天黏在一起风花雪月。它是一种强大的精神动力，支撑着彼此在学业中一路走下去。@图虫创意,['清新自然', '马尾辫']
I01260540,哪些星座的占有欲很强,http://wallpaper.cdn.pandora.xiaomi.com/thumbnail/webp/w1350/MiTv/0d375d604fc2149c68ba2c72cfb46b1041cc21689,CC01000022,美女,狮子座的占有欲是与生俱来的，他们一旦确认了自己的心意，就会将另一半划入自己的所有物当中，恨不得在对方的身上贴上自己的专属标签。@圈子,['吊带裙', '长卷发', '狮子座', '小米精选']
I01190865,粉红色的时光之旅,http://wallpaper.cdn.pandora.xiaomi.com/thumbnail/webp/w1080/MiTv/01469c43ead42497620683389a54d5bb73335002e,CC01000022,美女,在今天，粉红色已经有了较为明确和固定的文化意义，代表芭比、少女、浪漫，还有一部分少数人群的意味。@图虫创意,[]
I01155539,日本女孩校服的故事,http://wallpaper.cdn.pandora.xiaomi.com/thumbnail/webp/w1080/MiTv/0cdc7a503db26465a2360961b9172de5da90a1727,CC01000022,美女,虽然英国是世界上第一个有校服的国家，但真正把校服时尚做到极致的，一定是日本。日本的校服有两种，一种是水手服，源于英国海军。另一种是西服校服，源于正统的英式校服。@图虫创意,['短袖', '清新自然', '树叶']
I01135701,刘海怎么剪才好看,http://wallpaper.cdn.pandora.xiaomi.com/thumbnail/webp/w1080/MiTv/0cd9cf41b8b704adf0a5cb85caab7a5a5f94a8fbd,CC01000022,美女,如果你剪了短发造型的话，你可以选择一款空气刘海。空气刘海能很好地修饰你的发际线和额头。@图虫创意,['室内', '清新自然', '长袖']
I01237755,短发少女的清纯时刻,http://wallpaper.cdn.pandora.xiaomi.com/thumbnail/webp/w1080/MiTv/0fc8958ec11f9763979e3971b383f14cd87415d1b,CC01000022,美女,少女极致干净的面庞让人恍惚，就像是天使来到了这个世间，为了在这里播撒爱和温暖。@圈子,['清纯', '芭蕾舞鞋']
I01254501,90后脱发的自救指南,http://wallpaper.cdn.pandora.xiaomi.com/thumbnail/webp/w1350/MiTv/0de9098f5a24041e49a56e4943c234cb16146e5a5,CC01000022,美女,除了压力原因外，90后的小可爱们为了响应潮流的变化，走在时尚的前沿，染发烫发不在少数。但是染发剂中都含有化学物质，频繁使用会对头发造成损伤，影响头发的结构，导致头发干枯断裂，所以发质本身就不是很好的小伙伴就更容易变秃了。@锐景/悠然Hime,['紫色调']
I01179098,如果阳光,http://wallpaper.cdn.pandora.xiaomi.com/thumbnail/webp/w1080/MiTv/0cbc1422c6f00819cda0f85675386c7e3274000b3,CC01000022,美女,她的脸上有一双带着稚气的，被长长的睫毛装饰起来的眼睛，就像两颗水晶葡萄。@米拍\小清新王子 Marinayuer
,['清新自然', '校园', '教室']
I01190867,粉红色的时光之旅,http://wallpaper.cdn.pandora.xiaomi.com/thumbnail/webp/w1080/MiTv/00469c43ead42497620685389aa4d5b573337002e,CC01000022,美女,如果要用一种色彩来代表少女，那一定就是粉红色。在时光的调色板上， 甜美的粉色，最能勾勒女人可爱、纯真、善良的一面。@图虫创意,[]
I01149975,少女最爱的萌系发型,http://wallpaper.cdn.pandora.xiaomi.com/thumbnail/webp/w1080/MiTv/0fee94cfa6068de47121405e249a2c74b44421a97,CC01000022,美女,一款中分的蓬松双马尾辫子发型，配上黄栗色的染发色之后，使这位女生个性十足。白色的校服上衣为她增加几分小清新的味道，格子短裙使她活泼又不失性感。@图虫创意,['清新自然']
I01174178,桃花仙,http://wallpaper.cdn.pandora.xiaomi.com/thumbnail/webp/w1080/MiTv/0dfba14641f4f47423720d8f7367f56f2b88994f9,CC01000022,美女,桃花谷里桃花仙，身披轻纱白衣，青丝披落只点缀一支发簪。清雅脱俗，不为尘世所染。峨眉含春，只是一个回眸便让你甘愿将一生倾付。@锐景/蘭高定,['跳舞', '古风', '桃花']
I01254514,鲜花物语,http://wallpaper.cdn.pandora.xiaomi.com/thumbnail/webp/w1350/MiTv/0c083845b41d84ee80b774e750510f8bbdf0376ac,CC01000022,美女,一望无际的花海中满是盛开的美景，白裙少女驻足在花朵旁，白色的长发乖巧的搭在肩头，清亮的眸子看着前方。@圈子,['纱裙', '优美']
I01257577,日系妆容特点,http://wallpaper.cdn.pandora.xiaomi.com/thumbnail/webp/w1350/MiTv/004df15c772dd40a725880a25aa24155a7b8af837,CC01000022,美女,日系妆容的眼妆中几乎不会有很明显的眼线，所以眼睛看上去会比较圆润。眼线部分的重点就是填满内眼线，眼尾自然拉长。这样才能在不经意间放大双眼，打造素颜的感觉。@米拍/大千Gz,['摄影', '刘海']
I01135700,刘海怎么剪才好看,http://wallpaper.cdn.pandora.xiaomi.com/thumbnail/webp/w1080/MiTv/0ed9cf41b8b704adf0a5c685cadb7a505f9408fbd,CC01000022,美女,如果你的额头过宽的话，你可以选择C字刘海。C字刘海可以很好地修饰你的脸型，让你看上去脸更小。@图虫创意,['室内', '清新自然', '毯子', '布娃娃']
I01237260,可爱的女孩子 一笑就超甜,http://wallpaper.cdn.pandora.xiaomi.com/thumbnail/webp/w1080/MiTv/0b5e1451ead0745360e462e4fe67453396dd6f755,CC01000022,美女,可爱的女孩子有三个重点：第一是性格上很可爱，第二是模样也可爱，第三是要很年轻，只有符合这三点的才是宅男们认可的可爱女孩，因为还有一个群体叫做“可爱女人”，那又是成熟一些的男性朋友很喜欢的类型了。@图虫创意,['吊带裙', '清纯', '清凉', '吊带']
I01221593,你的TA是“高口碑恋人”吗？,http://wallpaper.cdn.pandora.xiaomi.com/thumbnail/webp/w1080/MiTv/039d14b6086aecd9ccd0aa8a8275f1e05b8436508,CC01000022,美女,巨蟹座：敏感细腻，性格温柔。巨蟹座天生脾气好，性格温柔，大方体贴，是很多人心中完美的恋爱对象。巨蟹座的人心思敏感细腻，很容易察觉到对方的微小情绪。这样一来，他们就更容易照顾到对方，也能秒懂对方的心思。@图虫创意,['冷酷', '制服', 'JK制服', '日系']
I01138350,星座中最傻的是谁,http://wallpaper.cdn.pandora.xiaomi.com/thumbnail/webp/w1080/MiTv/025c3e518b46243fc1eeb02543eb980f1027df8d6,CC01000022,美女,双鱼座女生虽然算不上很傻，但是她们傻的有特点。遇到事情的时候，她们那种装傻卖萌的能力就会显露无疑，的的确确的“傻白甜”。@图虫创意,['短袖', '清新自然']
I01206116,小个子女生夏季如何穿搭？,http://wallpaper.cdn.pandora.xiaomi.com/thumbnail/webp/w1080/MiTv/01e4a75cf02ad47f13e29cd981839b53547bb8917,CC01000022,美女,小个子女生尽量不要选择泡泡袖、荷叶边等连衣裙，这样会视觉上让你更臃肿，所以不是所有的流行元素都要盲目尝试，适合自己的最重要。一件贴身的迷你款式的连衣裙更适合小个子女生。@图虫创意,['发带', '制服', '回眸', 'JK制服', '格子裙']
I01135704,刘海怎么剪才好看,http://wallpaper.cdn.pandora.xiaomi.com/thumbnail/webp/w1080/MiTv/0dd9c4f1b7b90fad48a5c785c08b7b5f5c840baaf,CC01000022,美女,如果你的脸型比较小的话，还可以剪一款高过眉毛的刘海。这样更能凸显出你的五官，让你看起来清爽干净又利落。@图虫创意,['室内', '清新自然', '长袖']
I01141512,女生扎马尾的小心机,http://wallpaper.cdn.pandora.xiaomi.com/thumbnail/webp/w1080/MiTv/0e8344cc1cfeaf69b72d0ddaa5b0d916aa24056b5,CC01000022,美女,想让你的马尾看起来在人群中更有特色，那么发饰便是一个很好的选择。无论是发带还是金属发饰，都可以让你更突出。@图虫创意,['短裤', 'T恤', '清纯', '小米精选']
I01151782,情绪容易外露的星座,http://wallpaper.cdn.pandora.xiaomi.com/thumbnail/webp/w1080/MiTv/0d9f34202b9a383f8b3e032df86a35732fd43a9ac,CC01000022,美女,天秤座总是会因为敏感而给自己招来很多心事。而他们又不是那种擅长把快乐或烦恼放在心里的星座，于是，总也藏不住心事。@有料,['温柔', '星座']
I01264582,教你如何拍好人像照,http://wallpaper.cdn.pandora.xiaomi.com/thumbnail/webp/w1350/MiTv/08971d4d458d54b4e9d4c98226214c62b854eb757,CC01000022,美女,首先人物的造型就非常重要，想要照片看起来舒服耐看，可以穿个白色衬衫加牛仔裤，别看它简单，在镜头下的呈现效果可是非常不错的，还能让整体画面变得通透又干净。这样就不能表现出照片所谓的“轻松感”。@米拍/姗不来迟,['短发', '摄影', '小米精选']
I01242931,谁是她的时光守护者？,http://wallpaper.cdn.pandora.xiaomi.com/thumbnail/webp/w1080/MiTv/0abe5144fee4a4e7d114f6572eca1764a20783280,CC01000022,美女,为着一直以来的约定，少女坐在这冰冷的椅子上，等待着那个说要一直守护她的人。@圈子,['科幻', '王者荣耀', 'cosplay']
I01242932,谁是她的时光守护者？,http://wallpaper.cdn.pandora.xiaomi.com/thumbnail/webp/w1080/MiTv/03e374594bf6f481c12fdf805942577c49e8b620f,CC01000022,美女,时间是一条逆流的河，少女渴望能够在这涛涛河水中，找到那个她心中久久牵挂的人。@圈子,['王者荣耀', 'cosplay']
I01138352,星座中最傻的是谁,http://wallpaper.cdn.pandora.xiaomi.com/thumbnail/webp/w1080/MiTv/045c3e518b46243fd1eebd25431b980910274f8d6,CC01000022,美女,天秤座女生在外表现出来的永远都是一副高情商的样子，非常的正经，不会让人感得不适，但是在熟人面前，她们便会暴露本质，开始走向“二”的道路了。@图虫创意,['T恤', '淑女']
I01173859,空谷有佳人,http://wallpaper.cdn.pandora.xiaomi.com/thumbnail/webp/w1080/MiTv/0543ab56f08d34d0a2f3bf2bbf0c5e1a0f8a02292,CC01000022,美女,灯笼微明，花下美人，闲静似娇花胧月。独坐月下，夜深人静，好一个绝色佳人，幽居在空谷，不为世俗知。仪态绰约，轻盈不自持。@锐景/蘭高定,['灯笼', '古风', '桃花']
I01155293,古代美女的多种叫法,http://wallpaper.cdn.pandora.xiaomi.com/thumbnail/webp/w1080/MiTv/07dc74a03db96b6501360861b81726e7d0d4229da,CC01000022,美女,古往今来，文人们对美女的咏颂，是一个亘古不变的主题。就像今天人们称美女为“女神”、“小仙女”一样，古代文人笔下的“美女”，大多运用借代的手法，从而古代美女也就有多种叫法。@图虫创意,['率性']
I01141090,最深情的三大星座,http://wallpaper.cdn.pandora.xiaomi.com/thumbnail/webp/w1080/MiTv/0d9f3c402d9a343f733e002df9ea3a7622a8a63ad,CC01000022,美女,处女座的女生虽然对什么事情都追求完美，但是一旦遇到了爱情，她们就会乱了方寸。她们不会再在乎对方是不是十分完美，而是真心想为对方付出。@有料,['清纯', '处女座', '星座']
I01242319,未来少女,http://wallpaper.cdn.pandora.xiaomi.com/thumbnail/webp/w1080/MiTv/063c455a60dc7ae4d899478ce1077d1b454405aa5,CC01000022,美女,骇客很酷，心灵很美，像少女这样就是又酷又美，光彩夺目，在人群中脱颖而出。@圈子,['未来感', '王者荣耀', 'cosplay']
I01239037,是你喜欢的阳光少女吗？,http://wallpaper.cdn.pandora.xiaomi.com/thumbnail/webp/w1080/MiTv/0d8d0858e266b450f3c847fb7cc3799e89dedbe40,CC01000022,美女,撑开这把小洋伞，就像是撑开了一整个的夏天，把夏日所有的心情都藏在了伞中，于秋日里盛开。@圈子,['公主裙', '清纯', '制服', '公主鞋']
I01174177,桃花仙,http://wallpaper.cdn.pandora.xiaomi.com/thumbnail/webp/w1080/MiTv/07fba14641f4f4742372038f7387f5692b88994f9,CC01000022,美女,桃花谷里桃花仙，粉衣广袖轻轻舞，纷飞落花无数。人比花娇，超凡独立不问世俗。如此倾城姿，无需施粉黛，便胜过那瑶台殿前的月下神女。@锐景/蘭高定,['舞蹈', '古风', '桃花']
I01181470,硬核汉服拍照指南,http://wallpaper.cdn.pandora.xiaomi.com/thumbnail/webp/w1080/MiTv/0c503a59c0d3c43df010be69097c68fddf137825b,CC01000022,美女,拿出和罩衣同款的浅色纱伞，撑开至头顶，半举放在身后，轻踏脚尖，眼眸向前看，动作虽然简单，但是非常有感觉。@有料/北川婠婠,['清爽', '清纯', '油纸伞', '汉服']
I01374012,女生婉拒你的表现,http://wallpaper.cdn.pandora.xiaomi.com/thumbnail/webp/w1350/MiTv/03c894ea460884bf59fcd81bb6644cf4b17f8a33f,CC01000022,美女,冷漠无视。当你向女生表白或者表示出你的喜欢的时候，如果女生表现出冷漠或者无视的态度，那么很可能她已经拒绝了你。女生这种拒绝方式的原因可能有很多，比如说她对你没有感觉，或者已经有了其他的男生在追求她。@有料,['魅力', '漂亮', '情感', '穿搭', '写真']
I01147001,青春有你,http://wallpaper.cdn.pandora.xiaomi.com/thumbnail/webp/w1080/MiTv/042c274f204fb44261bd1b1a21aa16d0a721421a5,CC01000022,美女,青春是短暂的，同时也是美好的。青春是珍贵的，珍惜你的大好年华吧。@图虫创意,['皮鞋', '短袖', '清新自然', '袜子']
I01257583,哪些星座是不婚主义者,http://wallpaper.cdn.pandora.xiaomi.com/thumbnail/webp/w1350/MiTv/01433d4169c7b4a360e689498f8c1a45bc6fe1965,CC01000022,美女,从懂得谈情说爱的第一步开始，水瓶座就从来没有把“结婚”当作是自己生涯规划的一部份。水瓶座认为谈恋爱两个人开开心心的就应该满足，享受生活、认真工作才是人生应该有的态度。至于结婚不结婚，真的不是他们最关心的事情。@有料/无同复古,['优美', '抹胸裙', '迷人', '抹胸礼服', '长卷发', '星座', '水瓶座', '写真']
I01147000,青春有你,http://wallpaper.cdn.pandora.xiaomi.com/thumbnail/webp/w1080/MiTv/012c274f204fb44261bd181a216a16dda721321a5,CC01000022,美女,年少的爱情，赌上的是青春，赔上的是一去不返的时光。就像着美丽的气泡，美丽但短暂。@图虫创意,['短袖', '清新自然', '蝴蝶结']
I01244730,猫影幻舞,http://wallpaper.cdn.pandora.xiaomi.com/thumbnail/webp/w1080/MiTv/05b55c4d9a4944e9a3b3f4242479532a4da2881de,CC01000022,美女,就让少女也随着这风起舞，在这光影之间舞上一曲世间最美的舞蹈，做世上最美的女郎。@圈子,['美艳', '王者荣耀', 'cosplay', '貂蝉']
I01199369,你真的会忘记初恋吗,http://wallpaper.cdn.pandora.xiaomi.com/thumbnail/webp/w1080/MiTv/009855c4354aead9d10f62317e591f433ea435a25,CC01000022,美女,白羊座的这个心态还是蛮好的，对于初恋过去了就是过去了，没必要再纠结，也没必要紧追着不放，即使再遇见，白羊座也能平静的应对。@有料,['优美', '迷人', '温柔', '吊带裙', '清纯', '星座', '白羊座']
I01138344,最适合谈恋爱的星座女,http://wallpaper.cdn.pandora.xiaomi.com/thumbnail/webp/w1080/MiTv/02bdc75df3e2d4f183d1cab11ea55962584e34d0d,CC01000022,美女,双鱼女凡事都为别人着想，是一个温柔可人的女生。她们从不无理取闹，反而还很体贴，能够为恋人默默无闻地做许多事情，值得男生去珍惜。@图虫创意,['勺子', '吊带裙', '西瓜']
I01181469,硬核汉服拍照指南,http://wallpaper.cdn.pandora.xiaomi.com/thumbnail/webp/w1080/MiTv/0dd1fe45b1ebf4d342fd4fe4995e43e4864f43645,CC01000022,美女,戴上装酷利器折扇，来一张假意吟诗作赋图，将折扇置于手边，鬓角长发在微风中凌乱，直视镜头，极度美丽。@有料/北川婠婠,['清爽', '清纯', '汉服', '折扇']
I01267417,如何拍仙气满满的古风,http://wallpaper.cdn.pandora.xiaomi.com/thumbnail/webp/w1350/MiTv/0f4920141401c4cf7ae1fe559b35b7af2fba5b556,CC01000022,美女,拍摄近景时，不仅脸部要有所表情，手部也要有所动作。如果身边没有什么道具可以使用，可以比起兰花指，再配合上若有所思的表情，画面也很朴素典雅，有韵味。@图虫创意,['优美', '荷花', '汉服', '摄影']
I01227006,哪些男生谈恋爱从不吵架？,http://wallpaper.cdn.pandora.xiaomi.com/thumbnail/webp/w1080/MiTv/08ee2546296d54a011491180fdf829ed4c10eb391,CC01000022,美女,摩羯座在生活中最讨厌跟人掰扯和解释一些什么，尤其是对自己的恋人。不管发生了什么事情，一旦掰扯过多，都会影响感情。感情和这件事情的清白哪个更重要，他们也清楚。他们处事原则很淡定，什么都是你说了对，是我的错。@图虫创意,['优美', '清纯', '白色连衣裙']
I01163527,校园恋爱有多甜,http://wallpaper.cdn.pandora.xiaomi.com/thumbnail/webp/w1080/MiTv/0fb50d4e5f2a94616217fd847f98a0e48d1d33f15,CC01000022,美女,毕业后才会发现，一辈子很难再遇见一个人，见证你的青春年少。@图虫创意,['清新自然']
I01248548,花海+人像拍摄秘籍,http://wallpaper.cdn.pandora.xiaomi.com/thumbnail/webp/w1350/MiTv/05734507da46d74576f80d8195567fb7aa3420d68,CC01000022,美女,拍摄正面照时，如果人物比较紧张、尴尬，就可以让其拿束花在手上，再自然地看向镜头，配合上光透光帽子在脸上制造出的阴暗两面，既能分散注意力和紧张感，也很自然好看。@图虫创意,['制服', '学生制服']
I01254515,鲜花物语,http://wallpaper.cdn.pandora.xiaomi.com/thumbnail/webp/w1350/MiTv/0ac5b5b1b27eb1e78a619c88cec73bf3e1a415acc,CC01000022,美女,鲜花盛开的花海中，少女有着白色的秀发，低掩的双眸正斜视着身旁的风景。@圈子,['优美', 'cosplay']
I01178904,异性都愿意宠的星座,http://wallpaper.cdn.pandora.xiaomi.com/thumbnail/webp/w1080/MiTv/006a1c5adf600481e0722817d536f43829c61374e,CC01000022,美女,双鱼很娇气，在与别人相处的时候会向对方表现自己的软弱，希望得到身边人的帮助。同时她们也有着一颗善解人意的心，在与别人相处时，她们能够很好地拿捏分寸，让人在看到她们渴求帮助的眼神之后就再也不能拒绝她们的要求。@有料/无同复古,['吊带裙']
I01163664,后天美女养成记,http://wallpaper.cdn.pandora.xiaomi.com/thumbnail/webp/w1080/MiTv/01a464d8ba0b866fc2f3729bc4c19ab4890427122,CC01000022,美女,你要更好地认识自己，了解先天差异，对症下药。选择合适自己的护肤品，是提高颜值的战略性选择第一步。@图虫创意,['蕾丝', '发卡', '清纯']
I01184632,活出你自己,http://wallpaper.cdn.pandora.xiaomi.com/thumbnail/webp/w1080/MiTv/0e9a9d45bb5f04b9d37036431872363a7a94d48e5,CC01000022,美女,每一个华丽的转身，背后都有不为人知的心酸，外表的光鲜亮丽，背后辛勤汗水与辛劳付出，一分耕耘，一分收获，羡慕别人！不如战胜自己。@有料/yurisa,['清新自然', '海边']
I01149980,颇具明星气质的星座女,http://wallpaper.cdn.pandora.xiaomi.com/thumbnail/webp/w1080/MiTv/0cd30e5d74ca24e8b169753ae60c5f7003cddc20e,CC01000022,美女,双鱼座的女孩子柔和温顺，魅力超凡，跟异性交流从来都是点到为止。她们既有着漂亮的外表，又颇具“高不可攀”的明星气场。@图虫创意,['清新自然']
I01173389,等待,http://wallpaper.cdn.pandora.xiaomi.com/thumbnail/webp/w1080/MiTv/09fba4b647f8f0748572058f7197f8642d143f351,CC01000022,美女,等待的过程是焦心难耐的，可是有了等待才会有期待。日复一日，年复一年，你会在哪个季节从边疆回来？又下雪了，今天你会回来吗？@锐景/蘭高定,['雪花', '冬天', '等待', '古风']
I01200262,哄女友开心的三个方法,http://wallpaper.cdn.pandora.xiaomi.com/thumbnail/webp/w1080/MiTv/08782755260a64a5732f3c8b23e27318bbfd401a8,CC01000022,美女,很多男生在哄女朋友的时候，都是把她当成宠物去哄。而聪明的男人会选择站在对方角度，用一种关切、平等、尊重对方的态度去和对方沟通，不会想当然的认为女生的吵闹都是小事。@图虫创意,['纱裙', '草帽', '田园风']
I01249744,甜蜜的笑涌进心窝,http://wallpaper.cdn.pandora.xiaomi.com/thumbnail/webp/w1350/MiTv/0e126560b3fea46e8a4607bc2b784b0bd824ea98e,CC01000022,美女,女孩那完美的四十五度侧脸上正散发着迷人的微笑，那是诗的笑画的笑滋润着我的心田。@圈子,['温暖', '短袖', '明媚', '学生']
I01296305,夏日随性穿搭,http://wallpaper.cdn.pandora.xiaomi.com/thumbnail/webp/w1350/MiTv/0c3910bea7e094b2badf8e73babae5d000d00d1db,CC01000022,美女,夏天选衣服要更注重衣服的材质，不管选择衣服还是裤子，材质都要有质感，而且要透气，因为在夏天还是要穿的清凉才舒服，穿的太厚实容易显得臃肿，还容易闷热。@今日必看,['抹胸裙', '清凉', '碎花裙']
I01147002,青春有你,http://wallpaper.cdn.pandora.xiaomi.com/thumbnail/webp/w1080/MiTv/052c247f2f42b64215bd101a252a1fd1af041a167,CC01000022,美女,青春像是一个五光十色、充满能量的大魔方，不断吸引着你去探寻。你的未来不可限量，你优秀是因为你自信。@图虫创意,['短袖', '卷发', '背包']
I01155541,日本女孩校服的故事,http://wallpaper.cdn.pandora.xiaomi.com/thumbnail/webp/w1080/MiTv/07dc75a032b9696500360761b1172ae7d3d4229da,CC01000022,美女,日本校服是学生纯自费，纯自愿购买。一套校服分春夏秋冬四个季节。冷一点的时候，校服的样式就是厚衬衫加毛衣和百褶裙，而夏天则是水手服。@图虫创意,['清新自然', '树叶']
I01107803,念念不忘的校园爱情,http://wallpaper.cdn.pandora.xiaomi.com/thumbnail/webp/w1080/MiTv/0e2105533515f97173a17fcd5b04744431d41d215,CC01000022,美女,学生时代的爱情，同样教会了我们怎么敞开心扉拥抱这个世界，怎么爱人，怎么成长。@图虫创意,['清新自然', '吊带裙', '清纯', '西瓜', '校园']
I01239102,是谁在记录这一刻？,http://wallpaper.cdn.pandora.xiaomi.com/thumbnail/webp/w1080/MiTv/008d0598e86db650ecc845fb74b37d9e872434c98,CC01000022,美女,少女一袭蓝色水手服，蹦蹦跳跳在石块间穿梭，还真像是一位灵巧的航海记录家。@圈子,['清纯', '制服', 'JK制服', '双马尾', '水手服']
I01237643,大学生如何正确谈恋爱,http://wallpaper.cdn.pandora.xiaomi.com/thumbnail/webp/w1080/MiTv/0735f5fd0d6c4c3460548021475be81977e42f3c6,CC01000022,美女,作为大学生而言，应该摆正恋爱与学习的关系，学生还是应该以学业为主，一定要让学校成为学习的场所，当然就是以学业为第一位，为了恋爱荒废学业，那是不可取的。@米拍/晓荷    ,['摄影', '校园', 'JK制服']
I01235214,她是你的甜心小白兔吗？,http://wallpaper.cdn.pandora.xiaomi.com/thumbnail/webp/w1080/MiTv/0b39b492d93d88e019fc7d3f63bc0643954438e7d,CC01000022,美女,美丽的白裙随风飘飘，一只可爱的小兔子玩偶被一位可爱的少女拉着，少女奶黄的发丝被黑色的蝴蝶结装点了，显得格外温柔。@圈子
,['清纯', 'cosplay']
I01237757,短发少女的清纯时刻,http://wallpaper.cdn.pandora.xiaomi.com/thumbnail/webp/w1080/MiTv/008d0498e16db950e7c840fb7fb3759e872434c98,CC01000022,美女,纯白的窗帘挡住了外界的繁琐，少女带着属于她这个年纪的一份青涩与美好想要探寻这个世界。@圈子
,['短发', '公主裙', '清纯']
I01236657,白羊女让人着迷的特质,http://wallpaper.cdn.pandora.xiaomi.com/thumbnail/webp/w1080/MiTv/055e1561e7dd7e53d0e46be4f1f747379ba405e54,CC01000022,美女,活力四射：白羊女的精力是很旺盛的，不管你提出什么要求，只要是体力上的，她们都可以轻而易举地满足。她们随时随地都很活泼，像一个光芒四射的小太阳一样，和她们在一起感觉生活每天都充满着希望。@图虫创意,['草帽', '清纯', '白色连衣裙', '小米精选']
I01254521,女孩与花海,http://wallpaper.cdn.pandora.xiaomi.com/thumbnail/webp/w1350/MiTv/0e3a05538b3764ade125b0d4e3d97b88b8daae06c,CC01000022,美女,美丽的花海间，迎面走来一位美丽的短发女孩，百花争艳间，她比百花还娇艳。@圈子,['纱裙', '优美', '娇美', '美艳']
I01298443,八月星座运势,http://wallpaper.cdn.pandora.xiaomi.com/thumbnail/webp/w1350/MiTv/05b01dd5654c04ef89c8dff48955c18956de3e895,CC01000022,美女,狮子本月运势非常好，会有很强的忧患意识，不会盲目乐观，反而能够客观地去看待每一件事情，拥有更加清醒且深刻的认知。且狮子座本月财富运势有所走高，不会像以往那样大手大脚的花钱。@圈子/Deer书,['头纱', '漂亮', '造型']
I01237449,坠落凡间的天使,http://wallpaper.cdn.pandora.xiaomi.com/thumbnail/webp/w1080/MiTv/0c5e1451eadd7453c0e461e4fef7453696ddff755,CC01000022,美女,少女的面庞就像是天使一般，纯洁得让人不敢直视，她的眼里就好像装满了星辰大海。@圈子,['婚纱', '清纯', '仙气', '白纱裙']
I01373661,今年夏天流行多巴胺风,http://wallpaper.cdn.pandora.xiaomi.com/thumbnail/webp/w1350/MiTv/040a2a278cc77420d8d283d21bc7a476ebc367703,CC01000022,美女,闷热的夏季，色彩鲜艳、明亮的服饰可以轻松提高整体穿搭的活力，让你在人群中脱颖而出，最近被形容成打翻调色盘的“多巴胺风”就遵循了亮色系的搭配理念，是凸显个性、提升情绪的穿搭法宝。@米拍/若魔绫,['清纯', '穿搭', '写真']
I01150022,这四个星座只想要自由,http://wallpaper.cdn.pandora.xiaomi.com/thumbnail/webp/w1080/MiTv/0c7fc4ccaf98bce6ca66d9c1f96316bf43241c73a,CC01000022,美女,水瓶座女生比较开放，特别追求自由。她们喜欢按照自己的意愿来做事，并且还非常喜欢创新，头脑里总能蹦出来一些新奇有趣的想法。@图虫创意,['清新自然', '睡衣', '玩偶']
I01234936,女生最可爱的瞬间有哪些？,http://wallpaper.cdn.pandora.xiaomi.com/thumbnail/webp/w1080/MiTv/0984bd4d9a42648a429d5a64ace0eb7dc7979ed05,CC01000022,美女,有些男生特别喜欢自己女友平时打喷嚏时发出可爱的“哈啾！”声，他们会觉得女生这时特别的迷人及可爱！@图虫创意,['草帽', '清纯']
I01241780,如何让爱情主动敲门,http://wallpaper.cdn.pandora.xiaomi.com/thumbnail/webp/w1080/MiTv/0e288504ea7ef60e8f0bd95deeb76acc99b408dba,CC01000022,美女,多运动。运动可以提升气质。因为运动可以让你的气色看起来更好，身体也会更加健康，毕竟一个瘦弱的人总是让人没有安全感。所以如果你想要离爱情更进一步，那么从现在开始就多多运动吧。@米拍/白兔糖写真馆 ,['摄影', 'JK制服', '小米精选']
I01129446,盘点最值得深交的星座,http://wallpaper.cdn.pandora.xiaomi.com/thumbnail/webp/w1080/MiTv/070214a4d53fb7d1458208c63c33ab9276a410acc,CC01000022,美女,狮子座的义气完全是出自于他们的强势，狮子座好强，每件事都要做到最好，爱逞能爱做老大，所以朋友有困难的时候，他们一定会伸出援手。@有料,['星座', '狮子座']
I01181468,硬核汉服拍照指南,http://wallpaper.cdn.pandora.xiaomi.com/thumbnail/webp/w1080/MiTv/0d503a59c0d3c43dc010b469091c68f3df137825b,CC01000022,美女,首先选取一棵开花的树，随便什么树都可以，以树为背景，迎着阳光让花影落在你的脸上，轻抬手臂，微闭双眸，你就是那个万花丛中最弱柳扶风的美人儿了。@有料/北川婠婠,['清爽', '花园', '清纯']
I01249763,你见过这样的女子吗,http://wallpaper.cdn.pandora.xiaomi.com/thumbnail/webp/w1350/MiTv/0a040ce2ce08b4038b81bed0b463a3ef0833f5d08,CC01000022,美女,紫色的小花依偎在女子的身旁，耳边顽皮的发丝摇曳在风中，蹲在路边也掩盖不了她婀娜的身姿。@圈子,['花海', '汉服', '紫色', '温婉', '依偎']
I01134386,最“海纳百川”的星座,http://wallpaper.cdn.pandora.xiaomi.com/thumbnail/webp/w1080/MiTv/0629f4ac9e28514768346db3fdb462f13d44332b6,CC01000022,美女,金牛座是一个踏踏实实的星座，做什么事都很有条理。只要不是大是大非上，金牛们都可以忍受，并且会积极地去处理相互之间的矛盾。@有料,['侧颜', '金牛座']
I01176947,星座里的焦点人物,http://wallpaper.cdn.pandora.xiaomi.com/thumbnail/webp/w1080/MiTv/079465af74d716ed93e1fea31938992463041e0de,CC01000022,美女,天秤座的女生人美心善，是校园里“叱咤风云”的人物，因为外表出众而总是被人注意到，而且越接触越能被她们迷人的性格特点所吸引。@有料,['清新自然', '吊带裙', '漂亮', '星座', '天秤']
I01257584,哪些星座是不婚主义者,http://wallpaper.cdn.pandora.xiaomi.com/thumbnail/webp/w1350/MiTv/054334c164c6baa3fde683498e1c1949b89406fad,CC01000022,美女,双子座害怕孤单，他们喜欢结交朋友、喜欢没有压力的谈天说地。情人或是伴侣对双子座来说，就是一种最亲密的好朋友。关于不想结婚的主张，双子座自己有一套理由与想法，他们认为“这种无话不谈的朋友关系”不是很幸福吗，干嘛还要结婚找麻烦。@有料/无同复古,['优美', '抹胸裙', '迷人', '抹胸礼服', '双子座', '抹胸', '长卷发', '星座', '写真']
I01129447,盘点最值得深交的星座,http://wallpaper.cdn.pandora.xiaomi.com/thumbnail/webp/w1080/MiTv/027da4b9ad1c97129ca63a569ca74c21e01410582,CC01000022,美女,射手座看起来总是什么都无所谓的样子，但私底下却十分在意别人的感受。他们一腔热情，愿意为他人着想，而且为朋友付出也觉得心甘情愿。@有料,['星座', '射手座']
I01273973,将日子过得浪漫一点,http://wallpaper.cdn.pandora.xiaomi.com/thumbnail/webp/w1350/MiTv/066a7865cf2e64e558f9e839e1ac3c6ff78093e6b,CC01000022,美女,当日子过得浪漫起来的时候，人们会发觉生活处处都是惊喜，生活也就变得没有那么平淡。@圈子,[]
I01218753,画画的女生有气质,http://wallpaper.cdn.pandora.xiaomi.com/thumbnail/webp/w1080/MiTv/0f09fb42e0d6346093549bc9cc0c09cbc762cb692,CC01000022,美女,画画是增加女生气质的最佳方式之一，它能赋予一种神韵、一种魅力，一种气质、一种品位、一种灵性。其实，画画不止是明星的专属爱好，也是每个人可以拥有的、拿得出手的特长。@米拍/winson神少爷,['女神', '摄影', '画画', '小米精选']
I01190891,难以忘怀初恋脸,http://wallpaper.cdn.pandora.xiaomi.com/thumbnail/webp/w1080/MiTv/0be824dd7773f513c46b16c2c9c50a4cd51410e07,CC01000022,美女,在绝大多数人眼中，初恋脸都是最受欢迎的。给人一种天真烂漫的无邪感，让人一下子就回忆起了自己美好的初恋，楚楚动人，难以忘怀。@锐景/马大兴BossMa,['清新自然', '天真']
I01223756,谁的女神范儿最足,http://wallpaper.cdn.pandora.xiaomi.com/thumbnail/webp/w1080/MiTv/0c5b8527f881bf04d96b3942c658d8afbf440738a,CC01000022,美女,狮子座女生永远都有着女王范儿，更有着成为女神的潜质。对于恋爱，她们从不会娇羞，有爱就会直接说出来。@图虫创意,['清新自然', '摄影']
I01239039,是你喜欢的阳光少女吗？,http://wallpaper.cdn.pandora.xiaomi.com/thumbnail/webp/w1080/MiTv/0bdd8437f4a2828fff2764021b79dcc604042316b,CC01000022,美女,这样好的时光里，少女躺在竹椅上，她利落的短发和干净的面庞，让人看见了自己年少的模样。@圈子,['短发', '清新自然', '毛衣', '清纯']
I01237578,人品巨好的星座女,http://wallpaper.cdn.pandora.xiaomi.com/thumbnail/webp/w1080/MiTv/0fe9864b442524aa038c92c1fe7343c18a19915cc,CC01000022,美女,天蝎座。很多人对天蝎座的第一印象就是高冷，若你跟天蝎座接触了之后会发现，天蝎座的性格很好，人品也不错，懂得为他人着想，也会为人付出，默默的倾听别人的烦恼，还能给个意见，而且，天蝎座会帮朋友保守秘密。@米拍/然冬君n  ,['摄影', '吊带']
I01176941,衣品最好的星座,http://wallpaper.cdn.pandora.xiaomi.com/thumbnail/webp/w1080/MiTv/0f946e5f70d414ed91e1fba310989d2b6a79c34e7,CC01000022,美女,狮子座的女生天生就有一种发掘美的眼光，她们特别注意自己的外在形象，对“时尚”有一定的追求。@有料,['清新自然', '短裙', '紫色', '星座', '狮子座']
I01156843,成熟又自信的星座女,http://wallpaper.cdn.pandora.xiaomi.com/thumbnail/webp/w1080/MiTv/052254b6adf8b5b43b25f6348235eb7c203428f74,CC01000022,美女,摩羯座的女生，她们是天生的女王，无论什么事情在她们面前，她都能够很好的解决。而且她们对于自己的要求也是非常高的，会严格控制自己的思想，努力让自己做一个完美的人。@图虫创意,[]
I01220529,减龄又可爱的双马尾女生,http://wallpaper.cdn.pandora.xiaomi.com/thumbnail/webp/w1080/MiTv/0baa4a535c7c6405639768186abfc94a5e0a95ef8,CC01000022,美女,女孩子扎起双马尾的样子，真的是萌的不要不要的。无论是直发还是卷发都是适合双马尾的，或者说，比较适合年龄大一点的女孩子。因为卷发加双马尾更能卖萌哦。@图虫创意,['制服', 'JK制服', '双马尾']
I01241191,穿过时空的想念,http://wallpaper.cdn.pandora.xiaomi.com/thumbnail/webp/w1080/MiTv/0b288a54eb7bf40ed00bdd5dedf76bc890e83bc8e,CC01000022,美女,少女的眼中总是装载了许多美好，就像天际的星星一般，有着那么耀眼的光芒。@圈子,['短裙', 'cosplay', '格子裙']
I01230775,你的夏天是什么味道？,http://wallpaper.cdn.pandora.xiaomi.com/thumbnail/webp/w1080/MiTv/05107e541d55243e907c974cfd021fd6e2de0faf6,CC01000022,美女,学生时代夏天最讨厌的事情，可能就是要时时刻刻拿东西，压住自己即将要飞的试卷吧。夏天的风吹起学姐的长发，草地上很多人在拍毕业纪念照，这就是学生时代的夏天吧。@图虫创意,['夏天', '清纯', '白色连衣裙', '小米精选']
I01181374,古装人像这样拍,http://wallpaper.cdn.pandora.xiaomi.com/thumbnail/webp/w1080/MiTv/0cbc1522c2f00619cfa0f2567538607e3974000b3,CC01000022,美女,在动作上，静静站立或是眺望远方都是不错的选择。假装不经意间的回眸和轻轻转圈，都可以出来古风的惊艳感和契合感。@有料/北川婠婠,['清新自然', '清爽']
I01284030,少女约会小“心机”,http://wallpaper.cdn.pandora.xiaomi.com/thumbnail/webp/w1350/MiTv/076c1bfc65ca54422a673ef67eb695ab87af360e9,CC01000022,美女,一个熟知约会法则的女生，一定不会错过把自己白皙的脖颈展示给男生。千万别小看脖子对男生的吸引力，脖子作为女性最为敏感的一个部位对于男性的吸引力是致命的，所以在穿搭上，尽可能让自己的脖子露在外面。@锐景/悠然Hime,['雨伞', '惬意']
I01155280,原来这才是巨蟹女,http://wallpaper.cdn.pandora.xiaomi.com/thumbnail/webp/w1080/MiTv/054ea948e711d4916013e0ebbc03d3e9d0269950f,CC01000022,美女,巨蟹女内心对自己的想法极为坚持，当要做决定时，她们不会受到外界的干扰和影响，而是会一直坚持自己的想法和选择。@图虫创意,['清新自然']
I01124818,做个迷人的女生也不难,http://wallpaper.cdn.pandora.xiaomi.com/thumbnail/webp/w1080/MiTv/0bec32468586a4d8b013d91ff09e759afe6641346,CC01000022,美女,做个迷人的女生也不难，女生在与人交谈中可以多用一些敬语和谦语，这样能体现一个人的文化素养和尊重他人的良好品德。@图虫创意,['清新自然']
I01239066,她的微笑像阳光,http://wallpaper.cdn.pandora.xiaomi.com/thumbnail/webp/w1080/MiTv/0f8d0858e260b450d3c84cfb7cc3799989defbe40,CC01000022,美女,拿起话筒，少女便是最棒的那位歌手，她有着天使般的嗓音，更有着天使般的容颜。@圈子,['清纯', '萝莉', '日系', '洛丽塔']
I01141089,最深情的三大星座,http://wallpaper.cdn.pandora.xiaomi.com/thumbnail/webp/w1080/MiTv/059f3c402d9a343f733e042df99a3a7222a8563ad,CC01000022,美女,狮子座的女生对于爱情是非常执着的。她们一旦认准了自己想要追求的人，就不会轻易听取身边人的意见，而会一直深爱到底，不会放手。@有料,['温柔', '星座', '狮子座']
I01185657,你笑起来真好看,http://wallpaper.cdn.pandora.xiaomi.com/thumbnail/webp/w1080/MiTv/060c8b42fc47d417821214a6e20e9d017a2737d38,CC01000022,美女,可爱的软妹子，连吃东西都是萌萌哒。微微一笑，透露的是正值花季的少女心，不谙世事，满心欢喜。心情很美，连阳光都甜甜的。@锐景/悠然Hime,['清新自然', '活泼', '清纯', '糕点', '甜食']
I01232512,女生最好的生活状态,http://wallpaper.cdn.pandora.xiaomi.com/thumbnail/webp/w1080/MiTv/0f7ea5be1f0c4c6312b3236ce83ede9954641b75e,CC01000022,美女,自信的女人，不一定说要长得多么漂亮，但是因为那份自信，她们瞬间便变得光彩耀人，淡雅高贵。在任何场合，她们都是最耀眼的焦点，而且永远不会担心容颜的衰老而失去魅力。@米拍/凯凯00,['摄影']
I01233807,总是赚不到大钱的星座,http://wallpaper.cdn.pandora.xiaomi.com/thumbnail/webp/w1080/MiTv/0735f5fd0f6c4b346f548e21445bec1978e42f3c6,CC01000022,美女,白羊座是属于那种很难赚得到大钱的人，因为他们总是在关键时刻犹豫不决。明明机会都已经放在他们面前了，但是白羊座总是想要等到最完美的时候再下手。但是机会往往是不等人的，如果你不抓住了，有很多人就会比你更快的把握时机。@图虫创意,['忧郁', '冷艳']
I01221304,有个“戏精”女友是什么感觉？,http://wallpaper.cdn.pandora.xiaomi.com/thumbnail/webp/w1080/MiTv/047d7530c2880a8d0e846c679c8899b3e36423585,CC01000022,美女,在感情中的“戏精”，是一个褒义词，就是平常情侣之间的小打小闹，一些甜蜜的互动。如果有人找你抱怨说，被一个戏精喜欢，感觉一点都不好，那么这时候你应该这么说：这么好的女朋友，你不想要，给我吧，我很爱“演”，可以陪她一起“演”。@图虫创意,['清纯', '制服', 'JK制服', '日系']
I01181445,女生的流行发型,http://wallpaper.cdn.pandora.xiaomi.com/thumbnail/webp/w1080/MiTv/0cbc1522ccf00219cfa0fd567e38647e3174000b3,CC01000022,美女,如果想要让自己打扮出邻家少女的可爱俏皮感，不妨试试用卷发棒把麻花辫的发尾卷一卷，像极了初恋里女友。@有料/黄汝佳,['清新自然', '清纯']
I01176946,星座里的焦点人物,http://wallpaper.cdn.pandora.xiaomi.com/thumbnail/webp/w1080/MiTv/05946e5f70d414ed61e1fda310589d216a79d34e7,CC01000022,美女,水瓶座的女孩非常的有个性，她们不管在什么环境下都能活出自己的精彩，再加上她们身上自带的气质让见过她们的异性都拜倒在她们的石榴裙之下。@有料,['清新自然', '吊带裙', '干花', '水瓶座']
I01251894,哪些星座的占有欲很强,http://wallpaper.cdn.pandora.xiaomi.com/thumbnail/webp/w1350/MiTv/0efa3f02795c84a0188278011ab5b7d91e8640d0c,CC01000022,美女,金牛座占有欲强的原因是因为，他们在谈恋爱的时候，总是会缺乏安全感，这也就导致了他们占有欲的产生。@圈子,['雪花', '围巾', '端庄', '星座', '小米精选']
I01257600,如何克服社交恐惧心理,http://wallpaper.cdn.pandora.xiaomi.com/thumbnail/webp/w1350/MiTv/016cc59e25146901e7936098cc720acd451405477,CC01000022,美女,享受倾听。社交除了说的一方，还有倾听的一方，如果不知道说些什么，可以在社交中做一名很好的倾听者。作为社交倾听者，有一个很重要的点，就是共情。共情很简单，就是感受对方的感情，有一种自己也感同身受情感。@有料/无同复古,['妩媚', '淑女']
I01178906,初恋短发,http://wallpaper.cdn.pandora.xiaomi.com/thumbnail/webp/w1080/MiTv/0510642577933aae2684a3a53bf9fc8b2c0425db1,CC01000022,美女,带有斜度的短发，发尾剪翠十分灵动，在嘴唇两边位置的头发逐渐变短，打理出层次感，稍微凌乱的刘海有一点慵懒的感觉。@有料/无同复古,['短发', '吊带裙']
I01287632,白羊座5月运势,http://wallpaper.cdn.pandora.xiaomi.com/thumbnail/webp/w1350/MiTv/012f2d39c65734c30943dea947c86e159b4680260,CC01000022,美女,5月来临，白羊们的事业会蒸蒸日上。部分白羊有机会接触到新客户，或者被分配新工作的机会哦。@圈子/桐桐oop_,['室内', '悠闲', '惬意', '质感']
I01173390,等待,http://wallpaper.cdn.pandora.xiaomi.com/thumbnail/webp/w1080/MiTv/09fba4b647f8f1748b720e8f7597fb642a143f351,CC01000022,美女,见到你的一刹那，感觉自己这些年的难熬的等待与孤独的生活都变得微不足道了，剩下的只有满心欢喜。等的那个人终于回来了，心中愁苦哀怨都烟消云散了。@锐景/蘭高定,['雪景', '等待', '古风']
I01221468,有这些特征的女生自带“仙气”,http://wallpaper.cdn.pandora.xiaomi.com/thumbnail/webp/w1080/MiTv/055d94702c6c706ca46bebce07fa7704a70437c34,CC01000022,美女,皮肤白皙的女孩子看起来给人的感觉总是有丢丢小高冷，特别是脸部皮肤又白又水润的女孩子更是如此，有种不食人间烟火的气质包含在里面。@图虫创意,['仙气', '白色连衣裙', '小白裙']
I01235386,可爱的水手服少女,http://wallpaper.cdn.pandora.xiaomi.com/thumbnail/webp/w1080/MiTv/0f916756f6d2e4ea0186d425dee5da95bf8b61659,CC01000022,美女,从前在夏日的下午，放学回家的路上总会买上一听雪碧，炎炎的夏日被清凉的雪碧冲散，好像空气都是柠檬味的。@圈子,['清纯', '制服', 'JK制服', '水手服']
I01223504,这样的男生最没有“女人缘”,http://wallpaper.cdn.pandora.xiaomi.com/thumbnail/webp/w1080/MiTv/0ca6050d45178dccddafa912bc06e792051413dc9,CC01000022,美女,真正能赢得女生好感的，永远都是那些温文尔雅的温柔的男士，而不是那些无理搅三分靠声音大的男人。如果一个男生无法控制自己的情绪，遇到一点事情就暴跳如雷，那么本质上就是不成熟的。@图虫创意,['室内', '清纯']
I01223080,会撒娇的女孩最可爱,http://wallpaper.cdn.pandora.xiaomi.com/thumbnail/webp/w1080/MiTv/049524d7a780b4fd9360ca8d2ac6383f946425fc3,CC01000022,美女,小孩子都爱撒娇，当女生撒娇时会给男生一种童真的感觉，男生会觉得自己面对的是一个楚楚可人的小女孩，会让男生心生怜惜之情，激起男生的保护欲，让男生觉得自己得保护好眼前的这个女生。@米拍/冉阿小,['摄影']
I01267418,如何拍仙气满满的古风,http://wallpaper.cdn.pandora.xiaomi.com/thumbnail/webp/w1350/MiTv/07fc836d8ff8045a0b7a2ba1728c009ca30953609,CC01000022,美女,拍摄古风的摄影题材，道具肯定是少不了的。如果是拍外景，和外景搭配的道具也很重要。借助道具不仅可以互动，缓解手部的尴尬，还能提升画面的整体表现力，也很有古风的韵味。@图虫创意,['优美', '荷花', '汉服', '摄影']
I01233545,没错！她们就是戏精本精了,http://wallpaper.cdn.pandora.xiaomi.com/thumbnail/webp/w1080/MiTv/09d98c5b25ebf40001669cc4f0b6f3294282de12e,CC01000022,美女,金牛座的人生都在塑造自己的面瘫人设，别指望他们将自己的真实心意表达出来。时时刻刻都是一副冷淡的模样，就算心里早就惊叫声不断也绝对不松口。金牛座在维持面瘫人设的这条路上，绝对是敬业的影帝影后。@图虫创意,['清纯', '制服', '日系', '格子裙', '水手服']
I01179732,温润如玉,http://wallpaper.cdn.pandora.xiaomi.com/thumbnail/webp/w1080/MiTv/051065257a9332ae2584a9a538f9ff8b2f0425db1,CC01000022,美女,一种女子，书香浸润，沉淀古书的墨香气息，寂静的世界独自清寒美丽、温润如玉。冬天寒风凛冽的季节，依然可以从容微笑，有着自顾自的美丽。@锐景/籣高定,['雪景', '温婉']
I01129602,最配校服的发型,http://wallpaper.cdn.pandora.xiaomi.com/thumbnail/webp/w1080/MiTv/047da259a116941221a6365695f74823ebc96a102,CC01000022,美女,波波头是校服搭配的经典发型。长度到下巴处的内扣波波头还很遮肉。你再剪一个略带空气感的齐刘海，有助增加你的可爱气质。@图虫创意,['草坪', '清新自然']
I01200882,她最像什么动物,http://wallpaper.cdn.pandora.xiaomi.com/thumbnail/webp/w1080/MiTv/0ce5b5062ca2bf2d816fd6af38a2377fcc8433da8,CC01000022,美女,巨蟹小朋友就像是可爱的海獭，毛茸茸，超可爱，人缘超级好，性格也温顺，看上去绝对是天然无公害，但是千万不要肆无忌惮！人家脾气好不代表不会生气，我们真的不高兴的时候，可是超凶的！@有料,['迷人', '俏皮', '毛衣', '开朗', '星座', '巨蟹座']
I01249524,天气明媚,http://wallpaper.cdn.pandora.xiaomi.com/thumbnail/webp/w1350/MiTv/08ab85c2039f6612b3e9081563957f3676f42f554,CC01000022,美女,阳光明媚的午后，少女身着洁白的衬衣，深蓝色的小马甲和格子裙，白嫩手抚摸着细软的短发。@圈子,['JK制服']
I01232505,女生该有哪些优秀习惯,http://wallpaper.cdn.pandora.xiaomi.com/thumbnail/webp/w1080/MiTv/057eae5e160f4463d1b3216ce79ed59b5bc1939bf,CC01000022,美女,坚持看书。 我始终相信看书的女生和不看书的女生是不一样的，哪怕是发个朋友圈也能显示出来。 现在的人不管是相亲还是面试，大多数都会加个微信好友，那么朋友圈自然而然就成为了一张很直接的名片。@米拍/南药,['长椅', '摄影', '校园']
I01200319,堪称猫系少女的星座女,http://wallpaper.cdn.pandora.xiaomi.com/thumbnail/webp/w1080/MiTv/006fb54ddcb3d45b51517cd67987d70d4127e0e29,CC01000022,美女,水瓶女的个性是非常猫系的，安静孤独，自我随性，猫不会像狗一样忠诚，她们是很有想法的女孩子，任何男人也无法掌控她们。@有料,['草坪', '迷人', '治愈', '开朗', '制服', '星座', '水瓶座', 'JK制服']
I01264583,教你如何拍好人像照,http://wallpaper.cdn.pandora.xiaomi.com/thumbnail/webp/w1350/MiTv/0383c2ebe56cc4eec9f8cc455b1a8e05e26d680f9,CC01000022,美女,除了人物的造型，场景选择也是非常重要，我们需要遵守一个概念：越干净越好！干净的背景能让人物突显得非常明显。可以找一处干净整洁的树荫为背景，再将镜头的光圈开到最大，以顺光的方式进行拍摄，这样背景自动就会虚化成非常好看的光圈了。@米拍/姗不来迟,['短发', '摄影', '小米精选']
I01242680,你猜女生想要什么礼物,http://wallpaper.cdn.pandora.xiaomi.com/thumbnail/webp/w1080/MiTv/063c445a60dc7be4d999438cef07781b474405aa5,CC01000022,美女,这两年很多人被洗脑了，送女生一定要送口红，但是如果送的色号不适合简直就是灾难，再转送给别人吧，又不好，色号不适合，放着又心疼。所以如果要送，一定一定要选对色号，实在不行就问其他的女性朋友。@米拍/然冬君n,['摄影', 'JK制服']
I01224233,这才是真正的水瓶座,http://wallpaper.cdn.pandora.xiaomi.com/thumbnail/webp/w1080/MiTv/055d94702b6c776cac6be3ce03fa7104a30437c34,CC01000022,美女,水瓶座对友情总是有着不一样的理解。她们需要对方陪伴在自己身边，但是比这一切更重要的是，对方需要足够理解自己。@图虫创意,['优美']
I01184633,活出你自己,http://wallpaper.cdn.pandora.xiaomi.com/thumbnail/webp/w1080/MiTv/079a9d45bb5f04b903703f43180236347a94348e5,CC01000022,美女,成功的道路也许就是这样，需要经历太多的挫折与磨难，而其中的磨难与艰辛，恐怕永远只有经历过的人自己才知道。@有料/yurisa,['清新自然', '海边', '清纯', '海水', '海面']
I01130409,毛衣如何选择,http://wallpaper.cdn.pandora.xiaomi.com/thumbnail/webp/w1080/MiTv/070215a4d73fbfd1418200c63533ab927ea410acc,CC01000022,美女,挑选毛衣时，你要注意领型的变化，V型款式一般适合比较成熟的女生，而圆型的款式适合各种年龄阶段。@图虫创意,['清新自然', '毛衣', '画板']
I01199700,她们仿佛会读心术,http://wallpaper.cdn.pandora.xiaomi.com/thumbnail/webp/w1080/MiTv/0036215f2b7f04a3e0c4f49ae2086b32aac995a4e,CC01000022,美女,虽然处女座的人比较闷骚，但是不代表直觉不灵，她们只是不喜欢说出来罢了。恋爱中的她们心细如发，心思细腻而敏感，对方对自己的态度如何，处女座女生感受得出来，一个语气的不同，她们会灵敏地发觉不对，再进一步追究，最终水落石出。@有料,['领结', '迷人', '百褶裙', '温柔', '处女座', '制服', '文静', '星座']
I01232517,不发动态的女生怎么追,http://wallpaper.cdn.pandora.xiaomi.com/thumbnail/webp/w1080/MiTv/0b3f5579ef77d6bf12a510b88a4c78a614842e025,CC01000022,美女,追这种女孩子，男孩子们需要多些耐心和真诚，需要用时间让她从对你的小心翼翼变成什么都想要跟你分享的小女孩姿态，如果她慢慢从不发动态到只跟你分享她每天的动态，那么你差不多就成功了一大半。@米拍/晓荷   ,['摄影', '锻炼']
I01156352,古代女子的别称,http://wallpaper.cdn.pandora.xiaomi.com/thumbnail/webp/w1080/MiTv/0f4ea508e612dd916013eaebb293d3e5d67400c39,CC01000022,美女,巾帼，本指妇女的头巾和发饰，后成为智慧出众的妇女的代称。如清代湘灵子《轩亭冤·赏花》中所用：“新世界，旧乾坤，巾帼英雄叫九阍。”@图虫创意,['佩剑', '英气']
I01190892,难以忘怀初恋脸,http://wallpaper.cdn.pandora.xiaomi.com/thumbnail/webp/w1080/MiTv/07e8274d7177f413616b1bc2cee50049dd3c9cc0b,CC01000022,美女,初恋，或许是很多人心目中最美好的存在。白皙的皮肤，会给人一种清新和自然感，显得人清纯又有活力，让人想起初恋般的懵懂和青涩。@锐景/马大兴BossMa,['纯洁', '洁白']
I01181446,女生的流行发型,http://wallpaper.cdn.pandora.xiaomi.com/thumbnail/webp/w1080/MiTv/0b5034f9c9d1c83d3d10bd69088c60f2de040598a,CC01000022,美女,如果还想要酷一点，带有俏皮的感觉，可将编发的位置上移，然后在发尾处尽量多留辫子，少留头发，这样会更显灵动。@有料/黄汝佳,['清新自然', '清纯']
I01298699,港风美人是怎样炼成的,http://wallpaper.cdn.pandora.xiaomi.com/thumbnail/webp/w1350/MiTv/046a1c7681a234f5d838fdb92facca2041d198dae,CC01000022,美女,头发浓密的基础上，眉毛相应也是原生的自然黑眉。仔细观察我们可以发现，以前港星的眉毛没有千篇一律的一字眉，都是根据自己脸部特点画出自己适合的眉毛。有些五官本身深刻立体的话，画粗眉也非常精神。@锐景/呆呆起飞啦,['清新自然', '海边', '惬意']
I01151053,最难追到手的星座女,http://wallpaper.cdn.pandora.xiaomi.com/thumbnail/webp/w1080/MiTv/0fee95cfab0683e47b21415e239a2674b64421a97,CC01000022,美女,处女座女生是典型的完美主义者。当你追求她们时，可能会经常遭遇她们的“挑三拣四”。其实她们也并非故意为之，而是性格使然，所以你要做好心理准备。@图虫创意,['清新自然', '矿泉水']
I01295374,留白式穿搭,http://wallpaper.cdn.pandora.xiaomi.com/thumbnail/webp/w1350/MiTv/0d63fa21f890646b08a780f6fddbafee8a9388729,CC01000022,美女,将手臂漏出来不仅能降低上半身着装的沉闷感，看着也更加清爽。对于手臂纤细的人来说，吊带和无袖上衣绝对是最佳选择；而手臂上有“拜拜肉”的女生，建议穿着当下比较流行的泡泡半袖服装。@米拍/Regulul,['清纯', '穿搭', '写真']
I01232543,哪个星座最有艺术天赋,http://wallpaper.cdn.pandora.xiaomi.com/thumbnail/webp/w1080/MiTv/083f5559e876d4bf52a512b880cc72a81771f46eb,CC01000022,美女,爱幻想的双鱼座，心中总有着天马行空的想象力。而同样的，浪漫主义的双鱼座，在心中也有着关于艺术的一杆标尺。无论是摄影还是绘画，音乐还是电影，双鱼座的艺术细胞都能让他们得心应手，不愧为十二星座中最具艺术天赋的星座之一。@米拍/UncleD   ,['短发', '清纯', '芭蕾舞', '摄影']
I01183766,古装美女怎样拍照好看,http://wallpaper.cdn.pandora.xiaomi.com/thumbnail/webp/w1080/MiTv/0e4b9579480f2926e7e185b39b9a81d7ab641b621,CC01000022,美女,整体的服饰造型很重要，合适的妆容也很重要！一定要选择和自己的服饰相匹配的妆容，这样整体的感觉才不会显得很突兀。任意的造型就可以成为一幅美丽的画。@锐景/悠然Hime,['端庄', '汉服', '古风', '文静', '齐胸襦裙']
I01285190,不如与自己和解,http://wallpaper.cdn.pandora.xiaomi.com/thumbnail/webp/w1350/MiTv/0d57ba0a342ae40cd826f95df434b5e88c1333831,CC01000022,美女,其实，大多数成长的“名场面”都是在与自己“沟通”的时候出现的，所以，独处并没有什么不好。@圈子/河豚抚子,[]
I01374006,为何恋爱容易感到焦虑,http://wallpaper.cdn.pandora.xiaomi.com/thumbnail/webp/w1350/MiTv/020df777c882844b694f395d674d06ab4b5c49ae6,CC01000022,美女,那些性格老实，不善于沟通交流，彼此之间不进行情感互动的人，往往容易患上焦虑症。比如有时候对方心情不好，说话声音大了点，你总会在心里犯嘀咕，害怕是因为自己哪里做错了，越想越焦虑。@米拍/苏蓝sherry98,['情感', '清纯', '写真', '小米精选']
I01183732,冬日里的一缕阳光,http://wallpaper.cdn.pandora.xiaomi.com/thumbnail/webp/w1080/MiTv/070006508de8545f6046b1851bcd414f5e6025c96,CC01000022,美女,如果说世界万物都有自己的专属味道，你闻过阳光的味道吗？冬天里的阳光总是让人倍感舒服，站在窗户旁，呼吸着来自冬天阳光的味道。@锐景/悠然Hime,['清新自然', '冬天']
I01181368,追女生要聊什么,http://wallpaper.cdn.pandora.xiaomi.com/thumbnail/webp/w1080/MiTv/05d1f465bce4f1d3f9fd45e4913e48e68f142493e,CC01000022,美女,在和女孩子聊天的时候，话题必须是女孩子感兴趣的内容，你可以去寻找一些她比较感兴趣的话题，然后尝试着往这些话题上面靠，因为只有这样，才能够确保她与你聊天的兴致。@有料/黄汝佳,['球场', '长椅', '运动服', '漂亮', '清纯']
I01261217,恋爱中不能触碰的红线,http://wallpaper.cdn.pandora.xiaomi.com/thumbnail/webp/w1350/MiTv/085533f62fcb1440ab552e124ffbe84426e07a675,CC01000022,美女,不论是男人还是女人，总有一些是不羁放纵爱自由的，如果在恋爱关系中，一方的过于粘腻与缠人，终将会导致另一方的厌恶与反感。热恋初期，总觉得一天不见对方就心慌，恨不得天天都呆在一起。殊不知，距离产生美。@图虫创意,['穿搭']
I01184341,温婉可爱的JK制服,http://wallpaper.cdn.pandora.xiaomi.com/thumbnail/webp/w1080/MiTv/0d9a9d55bb5604b953703743180236397a94f48e5,CC01000022,美女,JK制服特点青春可人，会为穿上它的女孩子增添温婉的气质和一丝俏皮可爱，因此穿JK制服的女孩成了少年情窦初开时心里暗恋的白月光。@锐景/马大兴BossMa,['清新自然', '雪景', '冬天', '制服']
I01237640,拖延症最严重的星座,http://wallpaper.cdn.pandora.xiaomi.com/thumbnail/webp/w1080/MiTv/02916756f6d6e4eae186d025deb5da99bf8b61659,CC01000022,美女,天秤座是个选择困难患者，她们遇到什么事情都会犹豫，特别是在做一些决定的时候。如果她们做不了决定，就会把这件事情放在一边，发现这个事情不能再拖了，她们才会着急的去做，虽然事情最后都会被完成，可是质量就差了很多。@米拍/双子恒画摄影   ,['摄影', '双马尾']
I01237684,酷酷的机车女孩,http://wallpaper.cdn.pandora.xiaomi.com/thumbnail/webp/w1080/MiTv/0735f5fd0a6c4834645483214f5beb1974e42f3c6,CC01000022,美女,会骑摩托车的女孩一般都会特别独立能吃苦，不会过度依赖男人。她们身上没有公主病，不娇气。会骑摩托车的女孩特别好哄，本来她的阴晴都摆在面部表情上，只要说一句，走，我们跑起来，她就会破涕而笑。@米拍/WhiteWater白水   ,['机车', '摄影']
I01296953,裙装穿搭法则,http://wallpaper.cdn.pandora.xiaomi.com/thumbnail/webp/w1350/MiTv/009dd0d826f074517b73799d1e8c7c553c6db980b,CC01000022,美女,现在正值夏季，穿搭时难免会露出皮肤，亮色系裙子虽然很有夏天的感觉，但对黄黑皮并不友好，建议冷白皮穿着；而颜色较为暗沉的裙子却能起到衬托皮肤的作用，为了避免沉闷，可以选择亮色系的单品进行点缀。@米拍/辛,['清纯', '穿搭']
I01296595,青春活力的JK制服,http://wallpaper.cdn.pandora.xiaomi.com/thumbnail/webp/w1350/MiTv/0f630d09ff706493db000b7428e25dbdcddef2c37,CC01000022,美女,基础款的JK制服，除了黑白配色外，还会采用其他配色，例如蓝色、深蓝色、暗红色等。@圈子/河豚抚子,['书包', '街道', '皮包', 'JK制服', '双马尾']
I01176298,最佳闺蜜星座组合,http://wallpaper.cdn.pandora.xiaomi.com/thumbnail/webp/w1080/MiTv/0e6a149ad76c028166722c17d836f8372df40454c,CC01000022,美女,双子座VS水瓶座，双子座灵气十足，可以说很古怪，水瓶座的想法漫无边目天马行空。她们价值观非常的相同，很有默契，只有她们想不到的，没有她们做不到的。@有料/无同复古,['双子座', '闺蜜', '星座', '默契', '水瓶座']
I01141091,最深情的三大星座,http://wallpaper.cdn.pandora.xiaomi.com/thumbnail/webp/w1080/MiTv/099f3c402d9a343f733e012df91a3a7522a8763ad,CC01000022,美女,天蝎座的女生在表达自己感情的时候，有些神秘。她们表面上可能会表现出冷静的一面，但其实私底下，她们那份执着的感情才是真心想要表达出来的。@有料,['温柔', '星座', '天蝎座']
I01176943,衣品最好的星座,http://wallpaper.cdn.pandora.xiaomi.com/thumbnail/webp/w1080/MiTv/056a1c4adf6d0481a0722a17d546f43929c66374e,CC01000022,美女,日积月累，她们对穿衣服也就产生了自己的搭配方式，不管怎么穿在别人看来都很漂亮，因此，狮子座也成为了他人选衣服时的重要参考和询问对象。@有料,['清新自然', '格子', '短裙', '紫色', '星座', '狮子座']
I01178902,异性都愿意宠的星座,http://wallpaper.cdn.pandora.xiaomi.com/thumbnail/webp/w1080/MiTv/0a106145709734ae9284a4a53db9fb8e22321fb55,CC01000022,美女,水瓶活得比较自我，她们会让身边的每一个人都感受到这一点，而在与别人相处的时候他们也会提出一些不一样的要求，面对这样的水瓶时，不少人会认为这就是她们身上独有的魅力，然后被她吸引。@有料/无同复古,['纱裙', '星座', '水瓶座']
I01157445,古代女子“上书进谏”,http://wallpaper.cdn.pandora.xiaomi.com/thumbnail/webp/w1080/MiTv/0e002f5d182604a8626197f961b22199ad0b8338f,CC01000022,美女,王昭君出塞嫁给呼韩邪单于，呼韩邪单于死后其子想要娶王昭君为妻，王昭君上书给汉成帝请求回到汉朝。但结果，汉成帝下令让王昭君顺从胡人的风俗，嫁给了新单于复株累大单于为妻。@图虫创意,['潇洒', '竹林', '斗笠']
I01249527,暖洋洋的午后,http://wallpaper.cdn.pandora.xiaomi.com/thumbnail/webp/w1350/MiTv/0b2194a3965e12a52211da9e54c15d2564d4025cb,CC01000022,美女,少女身着深色厚外套，洁白的领口上戴着暗红色的蝴蝶结领带，斜挎着深蓝色的书包，肤白胜雪。@圈子,['优美', 'JK制服']
I01257602,谁会为工作疯为事业狂,http://wallpaper.cdn.pandora.xiaomi.com/thumbnail/webp/w1080/MiTv/016cc49e29146a01ef936a98c1720ccd4a1405477,CC01000022,美女,你以为白羊座就是一个吊儿郎当的星座？那你错了，他们在事业上有着超强的拼劲儿，而且想要实现的目标就一定能达成，绝对会不惜一切代价去完成自己的梦想，为工作事业而发疯发狂都太正常了。
@有料/无同复古,['妩媚', '星座', '白羊座']
I01184674,满满少女心星座,http://wallpaper.cdn.pandora.xiaomi.com/thumbnail/webp/w1080/MiTv/0b275c486ddfd48620adaa8df2056565108052686,CC01000022,美女,射手座的人看起来永远像是一匹脱缰的小野马。积极、乐观的心态是她们最突出的标签。即使难过也永远是一副笑嘻嘻的模样，经常给身边的人带来快乐，有很强的感染力。@有料/摄影师王志辉,[]
I01181370,追女生要聊什么,http://wallpaper.cdn.pandora.xiaomi.com/thumbnail/webp/w1080/MiTv/02d1fe45b1ecf4d322fd4ae4991e43e9864f83645,CC01000022,美女,多收集一些聊天的话题，可以是发生在自己身上的，或者是别人身上的，你的一些想法或者灵感，都可以和女孩在聊天的过程中与她分享，让她感受到你的心意。@有料/黄汝佳,['网球拍', '清新自然', '网球', '运动服', '清纯']
I01289464,最上镜的夏日妆容教程,http://wallpaper.cdn.pandora.xiaomi.com/thumbnail/webp/w1350/MiTv/08287118164b24f28aae2c5adfec5b6f91a98853e,CC01000022,美女,夏日妆容的突出特点就是两个字——清透，所以在底妆上建议使用轻薄的粉底液，才不会显得整个妆容很厚重。上妆手法也需要格外注意，可以少量多次，再重点按压额头、下巴等部位。干净的底妆可以在镜头面前达到伪素颜的效果。@锐景/兜兜_Lucia,['清新自然', '紫色调', '惬意']
I01155246,校园里最受欢迎的星座,http://wallpaper.cdn.pandora.xiaomi.com/thumbnail/webp/w1080/MiTv/0e3d555fdba1fe8ea965e28e35137898d03428978,CC01000022,美女,天秤女很会说话，她们给人的第一印象都是很不错的。天秤女的时间观念很好，生活规律，知道怎么把握人际关系，不会得理不饶人。这样的天枰女，人缘自然好得没话说。@图虫创意,['清新自然', '短裙']
I01233107,你看重颜值还是才华,http://wallpaper.cdn.pandora.xiaomi.com/thumbnail/webp/w1080/MiTv/0ed9842b28e8ff002e669fc4fbe6f4214c541203c,CC01000022,美女,处女希望找到一位心灵伴侣。反正几十年后大家都会变老变丑的，找个天仙一般的女生最后也会变成黄脸婆，倒不如跟有学识有才华的女子在一起呢！至少这几十年不会相处得太无趣。@有料,['迷人', '温柔', '吊带裙', '清纯', '处女座', '星座', '小白裙']
I01250282,窗边的风景,http://wallpaper.cdn.pandora.xiaomi.com/thumbnail/webp/w1350/MiTv/0967f410d29da1b637f19f36b56d70785ca424046,CC01000022,美女,坐在窗边静静发呆的女孩，月牙般弯的睫毛，高挺的鼻梁，小巧的鼻子，此刻任何的一句多余的话都会惊动她的美丽。@圈子,['优美', '娇美', '美艳', 'JK制服']
I01268269,御姐的时尚哲学,http://wallpaper.cdn.pandora.xiaomi.com/thumbnail/webp/w1350/MiTv/0afc59d863af24a48ba61cd0f33b204a1672e4f19,CC01000022,美女,选择大气简约的颜色。一般来说，想要打造御姐风，就一定要选择最基础款颜色，这样的颜色会使得整个人看起来时尚高级，但又不失气质。@米拍/摄影师梵川,['大气', '中长发', '摄影']
I01223760,谁的女神范儿最足,http://wallpaper.cdn.pandora.xiaomi.com/thumbnail/webp/w1080/MiTv/04952347a68eb4fd1260c78d2fe63c329d09dcf54,CC01000022,美女,天蝎座女生里最容易出女神。她们大多面容姣好，多情且神秘，对于男生极具吸引力。并且天蝎座的女生最会销售自己，自己的优点都一清二楚，会使长处更长。@图虫创意,['俏皮', '拍照', '大方']
I01124821,做个迷人的女生也不难,http://wallpaper.cdn.pandora.xiaomi.com/thumbnail/webp/w1080/MiTv/01aedd4eda1c9454e2ee32f69d3401e013b3350c8,CC01000022,美女,声音柔和且懂得倾听的女生尤其吸引人，她们即使不大声说话，也能让对方听清楚。这种女生通常以微笑回应他人，不会随意打断别人说话，柔和美妙的讲话声音总让人感到愉悦。@图虫创意,['清新自然', '睡衣']
I01296716,下半年顺风顺水的星座,http://wallpaper.cdn.pandora.xiaomi.com/thumbnail/webp/w1350/MiTv/0beaf295a312f411e928cd2c66418fc43f75ddb21,CC01000022,美女,今年年中开始，木星在双鱼座的二宫白羊座运行，直到10月底会回到双鱼座。由于二宫是传统意义上的福禄宫，也是财帛宫，掌握着财运和福气。下半年双鱼的财运会越来越好，只要你们在工作上能够脚踏实地，升职加薪的机会自然而然来到面前。@有料/无同复古,['温柔', '清纯', '星座', '双鱼座']
I01252412,美妙的丛林时光,http://wallpaper.cdn.pandora.xiaomi.com/thumbnail/webp/w1350/MiTv/0b9435335b5b84bb9bcaaf3d9b54c9345a37a611a,CC01000022,美女,一石一苔痕，一溪一丽人，苍翠欲滴的丛林小溪与清新可爱的美丽女孩真的很搭配。@圈子,['优美', '活泼', '丛林', '绿树', '青苔']
I01184634,活出你自己,http://wallpaper.cdn.pandora.xiaomi.com/thumbnail/webp/w1080/MiTv/059a94a5bf5901b94a7035431042373879b43e86d,CC01000022,美女,每一个清晨，记得鼓励自己。没有奇迹，只有你努力的轨迹；没有运气，只有你坚持的勇气！每一份坚持都是成功的累积，只要相信自己，总会遇到惊喜！@有料/yurisa,['清纯', '糕点', '甜食']
I01221500,要爱就爱一辈子,http://wallpaper.cdn.pandora.xiaomi.com/thumbnail/webp/w1080/MiTv/045d9440206e746ce36beece0c5a7300a7ca2f475,CC01000022,美女,很多人认为射手座是很花心的，其实并不是，射手座一直很认真的追求属于他自己的真爱，哪怕会被别人误解是在玩弄感情，一旦他们找到了属于自己的真爱，他们就会一心一意的对对方好，非常专情。@有料/无同复古,['短发', '俏皮', '星座', '射手座']
I01157419,遇见从容不迫的自己,http://wallpaper.cdn.pandora.xiaomi.com/thumbnail/webp/w1080/MiTv/06dfe94775ac44e290862e2a30e7a1f78a982855a,CC01000022,美女,一刻也不要停止努力，在不懈努力和坚强勇敢中保持从容不迫的姿态，相信所有失去的都会以另一种形式回到你身边。@图虫创意,['T恤']
I01178934,女生是否喜欢你从这看,http://wallpaper.cdn.pandora.xiaomi.com/thumbnail/webp/w1080/MiTv/0e6a159ada6c08816b722117db36fc3720f40454c,CC01000022,美女,她会抓住每一个时机去看你，就算在人群中，她抬头，眼睛里只会有你一个人的身影。@有料/无同复古,['婚纱', '干花', '大方']
I01237261,可爱的女孩子 一笑就超甜,http://wallpaper.cdn.pandora.xiaomi.com/thumbnail/webp/w1080/MiTv/0b5e1451ead0745370e460e4fee7453096dd8f755,CC01000022,美女,可爱和性感是美丽圆环上的两个组成部分，两者并没有什么对立，一个性感的女人会对自己心爱的男人展现出可爱的一面，同样一个可爱女生也会在喜欢的男生面前展露性感的一面，只不过这样的机会只有极个别男生能够看见。@图虫创意,['清纯', '白衬衫', '制服', '格子裙']
I01222339,清纯女生独有的特征,http://wallpaper.cdn.pandora.xiaomi.com/thumbnail/webp/w1080/MiTv/055d9570226c766ca36be9ce0cfa7a04ab0437c34,CC01000022,美女,头发干净清爽，干净的女人会精心地打扮自己的头发，会把头发洗得干净顺滑，不爱干净的女生则显得非常油腻。长发飘飘的女生都显得很有气质，走在路上一阵微风吹起，露出一张可爱的脸庞，分分钟撩到人。@图虫创意,['清新自然', '活力', '清纯', '单车', '小米精选']
I01222340,清纯女生独有的特征,http://wallpaper.cdn.pandora.xiaomi.com/thumbnail/webp/w1080/MiTv/02abbb4bcfdc4440314eb33c24854ea3015d3f609,CC01000022,美女,娇小的体型是萌妹子、萝莉的一个特征，当然清纯的妹子也离不开娇小身躯这样的特征啦。骨架要小，脸上可以有一点点的婴儿肥，这样的话清纯和你就是非常搭边的一个形容了。@图虫创意,['清新自然', '清纯', '小米精选']
I01314409,恋爱真的会降智吗,http://wallpaper.cdn.pandora.xiaomi.com/thumbnail/webp/w1350/MiTv/0aa23177669fe4377807b4870690d8de2d25d3321,CC01000022,美女,一心动就上头，一恋爱就降智。为什么谈恋爱会让人“变傻”？从生物学的角度来说，其实是生理激素在“作祟”。恋爱时分泌的生理激素只会刺激大脑，带来心动浪漫的感觉，从而只能看到与对方产生的粉红泡泡，看不到对方的缺点。@有料,['优美', '清新自然', '长腿', '马甲', '靓丽', '写真']
I01175294,回眸一笑,http://wallpaper.cdn.pandora.xiaomi.com/thumbnail/webp/w1080/MiTv/0072fd4b286eb4c080a07287eb3c1f8154906b424,CC01000022,美女,女孩的回眸带着少女特有的思绪，娇羞的笑容，舒展的眉头，美的浑然天成，笑颜如同桃花一样绽放，即便有三千烦恼丝也抵不过少女这盈盈微笑。@锐景/蘭高定,['微笑', '回眸']
I01232524,渣男最害怕哪种女生,http://wallpaper.cdn.pandora.xiaomi.com/thumbnail/webp/w1080/MiTv/01107e541d56243ec07c994cfd021fd1e2de3faf6,CC01000022,美女,渣男是非常的害怕麻烦的，如果是渣男在想要摆脱一个女生的时候，对方是一个死缠烂打，怎么甩都甩不掉的女生，渣男应该是非常的崩溃的，所以男人是不想要很麻烦的女人，在结尾的时候不好聚好散的女人。@米拍/双子恒画摄影,['摄影']
I01300410,阴天版“小清新”,http://wallpaper.cdn.pandora.xiaomi.com/thumbnail/webp/w1350/MiTv/0a45e22c1c6f14132b13f1f94721edf58da1bd6c7,CC01000022,美女,虽然阴天没有太阳光照射出来，但是可以选择在一天之中光线最强烈的时候出门，比如中午12点到下午3点这段时间，这样即使没有光线照射，仍然能拍出较为明亮的画面，保证照片的光感。@米拍/冉阿小,['清新自然', '清纯', 'JK制服']
I01147678,最治愈系的星座女,http://wallpaper.cdn.pandora.xiaomi.com/thumbnail/webp/w1080/MiTv/058bed480cbfd43d325e2a5cb206c5260547f7983,CC01000022,美女,“暖”就一个字，可以多说几次。巨蟹女懂得照顾人，是温柔的小姐姐。她会尽力满足你的要求，需要你帮忙的时候，她们会有些不好意思，但却会把你的好记着，找时间回报。@图虫创意,['清新自然', '毛衣']
I01223766,自带仙气的星座女,http://wallpaper.cdn.pandora.xiaomi.com/thumbnail/webp/w1080/MiTv/035b8a57f488b404906b3242c3b8d8a6b21d05f7c,CC01000022,美女,双鱼MM性子十分温和，大多数时间都比较安静。她们很喜欢把自己打扮得清纯又雅致，待人也非常斯文有礼。因为多愁善感又幻想多多，她们谈吐十分文雅，文艺范儿十足。那种与生俱来梦幻的迷离气质，仿佛是自带仙气。 @米拍/子羲_,['海边']
I01146016,最美驼色系搭配,http://wallpaper.cdn.pandora.xiaomi.com/thumbnail/webp/w1080/MiTv/0758c551850fb6d65dac5edd6eef54e881840f8a8,CC01000022,美女,假如衣柜里只能有一件毛衣的话，这件毛衣必须是最为温柔百搭的驼色毛衣。驼色毛衣的颜色和质感简直就是温柔小女人的绝配。@图虫创意,['清新自然', '毛衣', '室外', '贝雷帽']
I01295834,毫不费力地优雅,http://wallpaper.cdn.pandora.xiaomi.com/thumbnail/webp/w1350/MiTv/0d0d6ef05a4b0428ea8c83d05cba72a537f1c46ba,CC01000022,美女,法式风穿搭既能展现出女性身材的曲线，又可以恰到好处地隐藏身材缺点。无论是上半身偏胖还是下半身偏胖的女孩，法式风连衣裙绝对是你的不二选择，泡泡袖款式遮手臂，长款裙子又能遮住小粗腿，不要太合适。@米拍/荒桥,['清纯', '穿搭']
I01178903,异性都愿意宠的星座,http://wallpaper.cdn.pandora.xiaomi.com/thumbnail/webp/w1080/MiTv/0510642577933aae2984a0a53bf9f78b250425db1,CC01000022,美女,射手自由快乐，她们对人生充满了豁达与自信，无论会遇到什么事情，她们都尽可能的坦然面对。她们的这种心态也会感染到别人，虽然有时会有一些无理取闹，但是比起性格上的优点，很多人认为这些是射手们本身的魅力表现。@有料/无同复古,['纱裙', '星座', '射手座']
I01318864,穿汉服的好处,http://wallpaper.cdn.pandora.xiaomi.com/thumbnail/webp/w1350/MiTv/0e9ea1eb14a3046c38916fa0c12de5c3d5f36d242,CC01000022,美女,古装能很好地修饰体型，其宽大的款式能遮挡住身材上不足，加上细节之处的美感，完全不用担心整体造型看着很拖沓，这对于微胖、腿粗、苹果型、梨型等身材都是很友好的。@米拍/荒桥,['清纯', '古风', '小米精选']
I01184629,女孩对你的中意点在这,http://wallpaper.cdn.pandora.xiaomi.com/thumbnail/webp/w1080/MiTv/059a94a5be590cb94770364317423a3871b43e86d,CC01000022,美女,要有魅力，这样的男生不管在什么时候都是最受女生欢迎的，成熟稳重，又或者是乖巧听话，不管是哪一种，你只要能保持自己的个人魅力，给女生一种特别的感觉，追她你就容易了。@有料/黄汝佳,['清纯', '芭蕾']
I01230506,芭蕾舞形体训练的好处,http://wallpaper.cdn.pandora.xiaomi.com/thumbnail/webp/w1080/MiTv/07ee2556296b54a011491f80fd8829ef4c10bb391,CC01000022,美女,现在很多都市人都是坐办公室工作，很少接触运动，长期这样一来又怕长胖，而芭蕾的基本动作中有不少肩背和手臂的动作，特别适合办公室的白领来拉伸，松弛紧张的肩背。@米拍/Aceacechen   ,['芭蕾舞', '摄影']
I01239841,花间仙女的春日时光,http://wallpaper.cdn.pandora.xiaomi.com/thumbnail/webp/w1080/MiTv/00ce0b4f34fc645101645783cb8b29e9e17cdfd77,CC01000022,美女,少女在哪里，光芒便在哪里，光追随着她的足迹，陪她去到任何想去的地方，一直为她照耀。@圈子,['清纯', 'cosplay']
I01181444,女生的流行发型,http://wallpaper.cdn.pandora.xiaomi.com/thumbnail/webp/w1080/MiTv/0b5034f9c8d1c73d3210bd69038c64f2d0040598a,CC01000022,美女,麻花辫给人的初印象就是清纯小学妹的形象，梳起麻花辫的女生明亮动人，尤其是搭配上清新气质的校服，更显可爱。@有料/黄汝佳,['清新自然', '清纯']
I01168032,读懂水瓶女的内心世界,http://wallpaper.cdn.pandora.xiaomi.com/thumbnail/webp/w1080/MiTv/0ce69f55399004bd3373f89aee954713e768e61d8,CC01000022,美女,有人说，水瓶座是天生思想灵活的孤独患者。水瓶座女生聪明知性，对很多事情都能理智对待，但同时又十分倔强。@图虫创意,['纱裙', '优美', '清纯', '小米精选']
I01268363,谁是你的“守护天使”,http://wallpaper.cdn.pandora.xiaomi.com/thumbnail/webp/w1350/MiTv/0cf6b316207f9481eb5ed6f7c8b45843b1681f349,CC01000022,美女,白羊座守护天使：天秤座。这是一对相刑的星座，冥冥中自有一份吸引力。然而白羊座的性格鲁莽，和天秤座做恋人成功的机率并不高。但是这并不会妨碍天秤会一直陪伴在白羊的身边，做她失意时的安慰剂，寂寞时的“好哥哥”。@有料/子渔子渔,['优美', '天使之翼', '温柔', '天使', '清纯', '星座', '白羊座', '天秤座']
I01215653,夏日知性女人穿搭术,http://wallpaper.cdn.pandora.xiaomi.com/thumbnail/webp/w1080/MiTv/083e5579c2b1a45430b1c7554564680431c41f8c1,CC01000022,美女,想要打造知性风，就要抛弃那些甜美幼稚的裙装，无论是连衣裙还是半裙长度最好盖过膝盖，版型简洁不花哨，蓬度也不要过大。可以选择经典吊带V领长裙，性感又不失稳重，白色还能轻松打造优雅的法式风情。@有料/无同复古,['知性', '迷人', '吊带裙']
I01233808,总是赚不到大钱的星座,http://wallpaper.cdn.pandora.xiaomi.com/thumbnail/webp/w1080/MiTv/0f35f65d0e6f4434c2548c2143cbec127fc6a59f7,CC01000022,美女,巨蟹座身上缺少那种说一不二，果断出手的魄力。他们虽然头脑很聪明，看待事情也很准确，但就是没有那种担当，所以总是很容易错失机会。但凡他们果敢一点，有破釜沉舟的精神，都能帮助他们很快的发家致富。@图虫创意,['忧郁', '冷艳']
I01183768,古装美女怎样拍照好看,http://wallpaper.cdn.pandora.xiaomi.com/thumbnail/webp/w1080/MiTv/04275c486dd7d486e0ada68df2956564108082686,CC01000022,美女,想要拍摄出来的照片很自然，这就需要我们很好的投入角色。当我们抛开现代感的时候，这样才能深度挖掘自己古典的一面，配上道具，这样拍的照片才更好看！@锐景/悠然Hime,['端庄', '莲藕', '汉服', '齐胸襦裙']
I01254536,气质美女养成记,http://wallpaper.cdn.pandora.xiaomi.com/thumbnail/webp/w1350/MiTv/0afe15dbe72484f018df12ff5a07eee36f9fcea0e,CC01000022,美女,说话有礼貌。当一个女人有气质的时候，最能直接表现的就是从她的说话中感受出来，任何人和她说话时，都能倍感温馨，觉得对方说话很有礼貌。@米拍/荒桥  ,['摄影', '小米精选']
I01260368,拍摄东方古典美的诀窍,http://wallpaper.cdn.pandora.xiaomi.com/thumbnail/webp/w1350/MiTv/0ca8afd818d7a4951af13e5638043667b9bebf35a,CC01000022,美女,在拍摄的时候我们最好也是选择背景淡雅的庭院，以白墙黑瓦为最佳，同时在给模特准备一把白色的油纸伞，以远景和近景的方式构图，将背景和模特同时框在画面中。在古风写真中这也是被应用的最为广泛的构图方式。@米拍/刘艺,['汉服', '摄影']
I01233151,最具忧郁气质的星座女,http://wallpaper.cdn.pandora.xiaomi.com/thumbnail/webp/w1080/MiTv/0735f5fd066c4f34635480214a5be81977e42f3c6,CC01000022,美女,摩羯座的忧郁好像就是天生自带的，他们看起来都跟别人不一样，总是特别的深沉。他们不会整天跟别的星座一样，大大咧咧，永远都洋溢着笑容。摩羯很难做到这一点。@图虫创意,['忧郁', '冷艳', '吊带裙', '小米精选']
I01163680,和巨蟹座女生恋爱,http://wallpaper.cdn.pandora.xiaomi.com/thumbnail/webp/w1080/MiTv/05b504de57219661d517f3847638adef83f421f0d,CC01000022,美女,细心又体贴，随和又不记仇，和巨蟹座女生恋爱的感觉是甜甜的。@图虫创意,['清新自然']
I01341318,水瓶女考验你的表现,http://wallpaper.cdn.pandora.xiaomi.com/thumbnail/webp/w1350/MiTv/04345d7d6dec94a7780602caad8ddf8e0dafb1e4b,CC01000022,美女,水瓶女三分钟热度，如果她们对你失去了兴趣，玩腻了的话，会在短时间内告诉你，直接和你好聚好散。她们不喜欢耽误别人，没有感情了就直接说，不会出轨或者找各种借口来脱身。@有料,['治愈', '穿搭']
I01350033,如何做氛围感美人,http://wallpaper.cdn.pandora.xiaomi.com/thumbnail/webp/w1350/MiTv/024fe16d2bca54e0d88af74c1a8a2cb3e09d21b68,CC01000022,美女,生动的表情，是达成氛围美人的关键。无论是韩剧女主角，还是靓丽女明星，自身的氛围感，都不是光靠发型和衣着就能实现的，她的表情一定是灵动又有辨识度的。生动的表情可以让整个人的五官都“活起来”。有了自己独特的风格，整个人看起来会更有吸引力。@有料,['写真', '纯欲']
I01215303,宝剑配美人,http://wallpaper.cdn.pandora.xiaomi.com/thumbnail/webp/w1080/MiTv/0a3e5159ccbaa45421b1ce5548b46c093713a64f8,CC01000022,美女,她缓缓的抽出宝剑，空气中的紧张一触即发，忽然，倾世容颜露出一抹浅笑，醉了天地迷了双眼，所有人都恍惚在这瞬间。@米拍/堂七,['酷帅', '摄影', '刀剑']
I01232504,女生该有哪些优秀习惯,http://wallpaper.cdn.pandora.xiaomi.com/thumbnail/webp/w1080/MiTv/057eae5e160f4463e1b3216ce70ed5965bc1c39bf,CC01000022,美女,并不是说一定要让你瘦成筷子腿，也不是要求你一定要有A4腰。坚持运动的最初目的是身体健康，不要自己生病。但在自己能力范围内，一定要最大程度上管理身材。@米拍/南药,['白衬衫', '摄影', '校园']
I01222590,为什么爱笑的女生运气好？,http://wallpaper.cdn.pandora.xiaomi.com/thumbnail/webp/w1080/MiTv/055d9570206c776ca76befce06fa7e04a80437c34,CC01000022,美女,拿破仑·希尔曾经这样说：“真诚的微笑，其效用如同神奇的按钮，能立即接通他人友善的感情，因为它在告诉对方：我喜欢你，我愿意做你的朋友。同时也在说：我认为你也会喜欢我的。”@图虫创意,['微笑', '胶片', '日系']
I01183767,古装美女怎样拍照好看,http://wallpaper.cdn.pandora.xiaomi.com/thumbnail/webp/w1080/MiTv/0e4b9579480f2a26eee180b39c9a86d7a8641b621,CC01000022,美女,在拍摄古装的时候，我们要做到自然得体，不要太过于刻意注重自己的整体形象。要适当地释放自己的天性，手上拿出一把蒲扇，慢慢向远处望去，仿佛在等待着谁！@锐景/悠然Hime,['端庄', '扇子', '汉服', '齐胸襦裙']
I01250265,绿草茵茵,http://wallpaper.cdn.pandora.xiaomi.com/thumbnail/webp/w1350/MiTv/0867f650da9ea4b6f2f19136b0bd747551d3c6849,CC01000022,美女,少女眼眸低垂，半躺在草地上，卷发随着侧头的动作散落在身旁，高挺小巧的鼻子上有一颗可爱的小痣。@圈子,['优美', '和服', '娇美', '美艳']
I01151980,女生夏季必备单品,http://wallpaper.cdn.pandora.xiaomi.com/thumbnail/webp/w1080/MiTv/0ff1e64b10c3640432f494f8d4efa5d939d2325f0,CC01000022,美女,夏天女生一般穿浅色系衣服，所以搭配的包包也要简单点。女生可以选择一款卡其色单肩皮包，它看起来略显小清新，怎么搭配都好看。@图虫创意,['清新自然', '皮包']
I01374280,夏天必备的白色系穿搭,http://wallpaper.cdn.pandora.xiaomi.com/thumbnail/webp/w1350/MiTv/0fbf30b95d4d049c9a3ef95db6866d4032d2e5787,CC01000022,美女,大面积的白色能营造出明亮氛围，保证整体造型的简约高级感。穿搭就像化妆一样，一个干净无暇的底妆，能让后续的穿搭步骤宛如在白纸上作画，更容易打造出出彩造型。@米拍/珊珊不来迟,['治愈', '清纯', '写真']
I01317892,最有悟性的星座,http://wallpaper.cdn.pandora.xiaomi.com/thumbnail/webp/w1350/MiTv/01bf6d27f7fb04c608a6546156bf706668fd2e3ea,CC01000022,美女,双子座的人们大多非常聪明，他们在很多事情上都很有天赋，而且一点就通，非常有悟性。@圈子/奉谷谷,['清新自然', '精美', '质感']
I01235246,如何看待古风文化,http://wallpaper.cdn.pandora.xiaomi.com/thumbnail/webp/w1080/MiTv/0584b47d9049688a759d5964a0e0eb7dc1a420cbd,CC01000022,美女,“古风文化”正满足了这一需求，人们开始拾起传统经典，钩沉其中的内蕴与美好，从中获得中华文化的归属感、认同感。而优质的、再创作的“古风”“中国风”作品，在给人审美感受的同时，亦激起受众强烈的文化自信与民族自豪感。@米拍/李淳枫_,['汉服', '摄影']
I01168033,读懂水瓶女的内心世界,http://wallpaper.cdn.pandora.xiaomi.com/thumbnail/webp/w1080/MiTv/0a3e2455df1d36d311656dd1751e7ff90de41226b,CC01000022,美女,水瓶座女生天生个性比较独立，而且富有同情心。碰到弱势者，她通常会给予必要的帮助与鼓励。@图虫创意,['纱裙', '优美', '清纯', '小米精选']
I01249453,怎么让皮肤白里透红,http://wallpaper.cdn.pandora.xiaomi.com/thumbnail/webp/w1350/MiTv/0d4a659c55b4568447136e8bed61362cbf2432ecf,CC01000022,美女,减少发怒和低沉情绪。心情不好，会让人加速衰老，因此，我们要学会如何控制和调整心情，不要轻易受外界环境的干扰，自己保持一个平和、宁静的和乐状态，减少各种压力因素的侵袭。@米拍/奶黄大团子,['中长发', '温柔', '摄影']
I01232537,“宠妻”男生的特征,http://wallpaper.cdn.pandora.xiaomi.com/thumbnail/webp/w1080/MiTv/061074241a5d243ee07c914cf8f211dae2d40fdfe,CC01000022,美女,真正宠妻的男人，是看不得你过苦日子的，所以他在跟你结婚后，一直都会努力工作，就是为了让你过上好日子，只要是他能力范围之内的，他就会给你买很多礼物，或者是你想要的东西，他都会买给你，因为他想要让你幸福。@米拍/Nantang,['摄影', '小米精选']
I01155281,原来这才是巨蟹女,http://wallpaper.cdn.pandora.xiaomi.com/thumbnail/webp/w1080/MiTv/0f4ea408e112d6916613e2ebb293d5e5db7400c39,CC01000022,美女,巨蟹女充满幻想又天真温情，总是静静绽放微笑。她们喜好艺术，想象力丰富，似乎在任何创作行业中都能或多或少地展现艺术细胞。@图虫创意,['优美', '清新自然', '皮包']
I01234937,女生最可爱的瞬间有哪些？,http://wallpaper.cdn.pandora.xiaomi.com/thumbnail/webp/w1080/MiTv/0684bd4d9a42648a529d5b64acf0eb7ec797eed05,CC01000022,美女,冬天天气很冷的时候，如果女生把手缩在袖子里面，这时男生会觉得女生这时看起来也很卡哇伊！当然，如果是把下巴伸进毛衣里也是一样的会吸引男生呢。@图虫创意,['草帽', '短裙', '清纯']
I01221403,唯美的情话短句,http://wallpaper.cdn.pandora.xiaomi.com/thumbnail/webp/w1080/MiTv/027d7550c687048df284606795b898b3e380f8334,CC01000022,美女,我的原则呢，遇到风，就变成风的形状；遇到树叶，就变成树叶的形状；遇到你，就变成了你。@图虫创意,['清纯']
I01227005,哪些男生谈恋爱从不吵架？,http://wallpaper.cdn.pandora.xiaomi.com/thumbnail/webp/w1080/MiTv/06b745eb6c7e981cc4cc0990603295d224941c034,CC01000022,美女,巨蟹座在爱里很容易变得卑微起来，一旦爱上一个人，就会发自肺腑的想一直对他们好。不管对方说什么，他们也不气，真的是一点原则都没有，吵架也是根本吵不起来的，此外他们还会担心对方有没有生气，他的情绪有没有受到自己的影响。@图虫创意,['长靴', '酷帅']
I01182577,致回不去的校园时光,http://wallpaper.cdn.pandora.xiaomi.com/thumbnail/webp/w1080/MiTv/0bd1fe55b1eff4d3a2fd4fe499be43eb864fa3645,CC01000022,美女,时间过得真快，只留下那些曾经一起走过的校园印记，在记忆里一次又一次被想起。与其说回忆校园时光，不如说是在感叹岁月的无情。@锐景/奶盖哦,['清新自然', '制服']
I01135617,草帽也要精挑细选,http://wallpaper.cdn.pandora.xiaomi.com/thumbnail/webp/w1080/MiTv/002c274f2048b44221bd111a21ea16dca721d21a5,CC01000022,美女,想要让自己的草帽与众不同，你需要在实际的选择中，参考自己的肤色、脸型、体型等多方面因素，找到最适合自己的那一款帽子。皮肤白皙的女孩子，不用在乎草帽的颜色，即使颜色鲜艳，也能将你的面部衬托得纯净美丽。@图虫创意,['草坪', '清新自然', '草帽', '吊床', '小米精选']
I01234939,女生最可爱的瞬间有哪些？,http://wallpaper.cdn.pandora.xiaomi.com/thumbnail/webp/w1080/MiTv/099165f6f4d8e5eabe86d925d915d996bf6415ea7,CC01000022,美女,不要怀疑，许多男生反应当女生小鸟依人紧拉着男友的衣角时，这时的女生会让男生心中涌现无限的英雄情怀，会想要好好的保护自己心爱的女人。@图虫创意,['草帽', '清纯']
I01200316,调皮又任性的三大星座,http://wallpaper.cdn.pandora.xiaomi.com/thumbnail/webp/w1080/MiTv/0ce5b5062ba2b52d8f6fd5af38a2327fc58433da8,CC01000022,美女,狮子座女是一个长不大的女孩，平时喜欢贪玩，总是找各种花招让自己更加调皮任性，尤其是自己的男友，她们的调皮任性让对方又爱又恨，但总是离不开她们，这种偶尔的调皮和任性会让人更加喜爱。@有料,['短发', '迷人', '开朗', '制服', '星座', '狮子座', 'JK制服']
I01260591,清纯与气质并存的女孩,http://wallpaper.cdn.pandora.xiaomi.com/thumbnail/webp/w1080/MiTv/068e55f05567d426e9f9e1627e42de3fd46053175,CC01000022,美女,我们应该从造型上面去做出改变，清纯最好的表现方式应该就是白衬衫与裸妆了吧！因为“清纯风”中以纯为主调，欲为亮点。所以我们从服装的颜色和妆容上面去突出纯，而去选择一些比较可爱的服装款式，这样想要的感觉一下子就来了。@米拍/Akira_ARIA,['清新自然', '摄影', 'JK制服']
I01155357,夏天清新小白裙,http://wallpaper.cdn.pandora.xiaomi.com/thumbnail/webp/w1080/MiTv/04dc7a403dbb646512360661b9272de0da9081727,CC01000022,美女,在明媚美好的夏日里，你的衣橱还需要一条白色连衣裙来装点。小白裙清爽干净，简约大方，穿上它，能给你带来不少惊喜。@图虫创意,['清纯']
I01183723,彰显青春的水手服,http://wallpaper.cdn.pandora.xiaomi.com/thumbnail/webp/w1080/MiTv/060005e08ee65f5f0846b785115d4c4c5dd409b16,CC01000022,美女,在日剧和动漫中，似乎总能发现外型俏丽可爱的水手服元素，奇怪的是，水手服并非日本的传统服饰，为什么那儿的女孩们都喜欢穿水手服呢？@锐景/悠然Hime,['清新自然', '海边', '活泼']
I01221552,高级脸的特征,http://wallpaper.cdn.pandora.xiaomi.com/thumbnail/webp/w1080/MiTv/055d9470266c7e6caf6be9ce00fa7a04a80437c34,CC01000022,美女,首先高级脸并不意味着丑，只是有着很高的分辨率。高级脸有一种比较独特的高级感，区别于普通脸型的风格和形象。@米拍/双子恒画摄影   ,['摄影', '高级感']
I01151981,女生夏季必备单品,http://wallpaper.cdn.pandora.xiaomi.com/thumbnail/webp/w1080/MiTv/03f1e64b10c3640432f49af8d4ffa5d339d2025f0,CC01000022,美女,使用手提包的女孩相对比较少，但手提包更能体现一个女性的性感。手提包适合那种成熟、文艺的女生。@图虫创意,['清新自然', '皮包']
I01303164,初秋穿搭万能公式,http://wallpaper.cdn.pandora.xiaomi.com/thumbnail/webp/w1350/MiTv/0a84a774441ac4183b7c99d02fd6b8a371a45a708,CC01000022,美女,每个季节都有TA的穿搭特点，春末初夏大家慢慢脱下外套，开始穿短袖加上长裤，而初秋长袖搭配短裤或裙装的“光腿穿搭”，也必然会成为一种现象。@锐景/呆呆起飞啦,['清新自然', '惬意']
I01232498,女生性格冷漠的原因,http://wallpaper.cdn.pandora.xiaomi.com/thumbnail/webp/w1080/MiTv/037eae5e160f446311b3256ce76ed5935bc1c39bf,CC01000022,美女,女生在外人面前是性格很冷漠的一个人，不爱与人说话，也没有什么表情，这可能是她内心胆怯导致的。不敢跟陌生人说话，又不想搭理别人，就算是身边经常见面的人，她也是慢慢熟络，所以品性怯懦的人，久而久之就形成冷漠的性格。@米拍/Makali,['马尾辫', '摄影', '白色连衣裙']
I01254537,气质美女养成记,http://wallpaper.cdn.pandora.xiaomi.com/thumbnail/webp/w1350/MiTv/02549ac7a1b874c89beac8af20d67e8e395672d4c,CC01000022,美女,坐姿也很重要。女人坐姿是很重要的，当女人坐凳子的时候都是做一半的凳子，双腿并拢微微倾斜，这是最标准的坐姿，也是女人最优雅的坐姿。@米拍/荒桥,['花环', '摄影', '小米精选']
I01188952,暖暖的女子,http://wallpaper.cdn.pandora.xiaomi.com/thumbnail/webp/w1080/MiTv/00469c53ead32497a2068c389a34d5bc73334002e,CC01000022,美女,在我们生命中出现的人，一些给我们上课，一些让我们痊愈，有的用来分担分享，有的用来真爱。@视觉中国
,['优美', '清新自然', '草帽']
I01121098,每个年龄我都深爱,http://wallpaper.cdn.pandora.xiaomi.com/thumbnail/webp/w1080/MiTv/0adfe5a77da943e28f86232a3c87a4f5865405019,CC01000022,美女,年龄段只是一个数字，是人生必须经历的阶段，在每个阶段里，我们收获了更多的经历和阅历，应该感谢，而不是去抱怨年龄。@图虫创意,['书籍', '书本']
I01235224,你能做到断舍离吗,http://wallpaper.cdn.pandora.xiaomi.com/thumbnail/webp/w1080/MiTv/0f7ea4be120c486318b3286ce63eda995f641b75e,CC01000022,美女,虽然表面上金牛座看起来都是波澜不惊的样子，但是实际上他们的心里还是很感性的，因此如果要金牛座断舍离的话，无疑也是一件难事。@有料,['迷人', '温柔', '清纯', '白衬衫', '星座', '金牛座']
I01221556,仙女棒烟花拍照技巧,http://wallpaper.cdn.pandora.xiaomi.com/thumbnail/webp/w1080/MiTv/0a65356849c6ac216ecb510bda3b3f246bc422dd1,CC01000022,美女,仙女棒的光是拍妹子最主要的光线来源，不用太花哨的姿势，把仙女棒举起来就好了，可以让妹子举得高一些再低一些，头再歪一下...多尝试一下不同的拍摄角度。@米拍/追光计划念,['晚上', '摄影', '烟花']
I01299478,比想象中倔强的星座,http://wallpaper.cdn.pandora.xiaomi.com/thumbnail/webp/w1350/MiTv/04fecc6fda5154677aa260a21220ed9ab4bf25cc2,CC01000022,美女,双子座的人往往初见时并不怎么起眼，他们往往有着内敛、低调的外表，也不是一个很有攻击性的人。但是双子座往往有着两面性，或许，他们会呈现自己的光明面，却把“黑暗面”隐藏起来。@晟蓝文化,['双子座', '清纯', '星座', '小米精选']
I01285163,众人眼里的双鱼们,http://wallpaper.cdn.pandora.xiaomi.com/thumbnail/webp/w1350/MiTv/0f43936d6865f4aaca495b57e24546f5c96a4c0bb,CC01000022,美女,双鱼们心地善良，有着很强大的共情能力，尤其在人际关系中，双鱼们一直是“气氛组”，带动大家的情绪，让气氛更活跃。@圈子/河豚抚子,['JK制服']
I01122300,情绪病最重的星座,http://wallpaper.cdn.pandora.xiaomi.com/thumbnail/webp/w1080/MiTv/08aed43ed91b9a5431ee31f69a540ce017a42cd1d,CC01000022,美女,巨蟹一直都是多愁善感，缺乏安全感的星座。而当现实和想象之间发生了一些出入时，巨蟹们就会开始脑补许多子虚乌有的事情，继而开始一个人生闷气。@有料,['围巾', '雪天', '星座', '巨蟹座']
I01145526,射手座的女生,http://wallpaper.cdn.pandora.xiaomi.com/thumbnail/webp/w1080/MiTv/052c247f2f42ba421fbd151a252a1dd1ae041a167,CC01000022,美女,射手座的女生表面越是大大咧咧，心里就越是难受。当面对很多人和事的时候，她都会不忍心拒绝，不想伤害任何人。@图虫创意,['草帽', '西瓜']
I01155338,尤爱摄影的女生,http://wallpaper.cdn.pandora.xiaomi.com/thumbnail/webp/w1080/MiTv/0f4ea408e812dc916a13eaebb793dbe5d97400c39,CC01000022,美女,喜欢摄影的女生肯钻研。一有空余时间，她们就会钻研摄技：研究相机、写文章。她们对新的知识总是充满了好奇。@图虫创意,['清新自然', '相机']
I01155270,文艺女生的复古风,http://wallpaper.cdn.pandora.xiaomi.com/thumbnail/webp/w1080/MiTv/074ea948e712d4919013e5ebbc23d3ead026b950f,CC01000022,美女,具有复古韵味的女生，总是让人过目难忘。她们的一颦一笑，举手投足之间，都散发着魅力。@图虫创意,['半裙', '一字肩']
I01198062,暗恋者最多的星座,http://wallpaper.cdn.pandora.xiaomi.com/thumbnail/webp/w1080/MiTv/087824b52e0f62a5d42f388b24027811b7643a337,CC01000022,美女,狮子座的你自信独立，特别注重事业上的成功。慕强的人非常喜欢这样积极拼搏的你，并且希望与你并肩作战。但是他们会担心你全心投入事业，无心恋爱，所以只能在你身边偷偷暗恋，默默陪着你打拼。@有料,['俏皮', '吊带裙', '草帽', '开朗', '清纯', '狮子座', '小米精选']
I01149937,千年来最美汉服,http://wallpaper.cdn.pandora.xiaomi.com/thumbnail/webp/w1080/MiTv/038bed580cb2d43d125e275cb2d6c52e0547d7983,CC01000022,美女,“云想衣裳花想容，春风拂槛露华浓。”齐胸襦裙柔美飘逸，仙气十足。齐胸襦裙似乎有魔力一般，几千年来都被人所喜爱着。@图虫创意,['草坪', '树丛', '齐胸襦裙', '大袖衫']
I01249518,为什么年轻人抗拒相亲,http://wallpaper.cdn.pandora.xiaomi.com/thumbnail/webp/w1350/MiTv/07083855b41584ee80b775e750910f85bdf0276ac,CC01000022,美女,金牛座女生不是怕相亲，是怕遇上了抠门的相亲对象，万一对方点单之后借机上厕所逃之夭夭，自己岂不是要替这顿大餐买单了？想想都觉得不划算！要知道，金牛女平时可是省吃俭用、勤俭节约惯了的，突然要多一笔这样的开支，怎么想都觉得很为难！@有料,['俏皮', '麻花辫', '开朗', '星座', '金牛座']
I01168041,白羊女让人着迷的特质,http://wallpaper.cdn.pandora.xiaomi.com/thumbnail/webp/w1080/MiTv/0e3e2b45de1d34d381656cd1728e76fe05d16192a,CC01000022,美女,直爽慷慨：白羊女从来不会拖泥带水，扭扭捏捏。这会让人很喜欢和她们相处。毕竟直爽就算有时候伤人，却也比阴暗的虚伪好很多。她们想什么就会说什么，怎么说就会怎么做，不会拐弯抹角，真是让人觉得特别舒服，没心机。@图虫创意,['纱裙', '优美', '清新自然', '小米精选']
I01237587,男生哪些地方吸引女生,http://wallpaper.cdn.pandora.xiaomi.com/thumbnail/webp/w1080/MiTv/0584b47d9949698a769d5264a9e0e57dc4a420cbd,CC01000022,美女,男生的外貌。长得帅的男生谁都喜欢，但很多女生会觉得，男生看起来干净清爽就很好。每天洗头发，刮胡子，勤换衣服，鞋子擦得干干净净，衣服没有皱皱巴巴的痕迹。@米拍/Makali,['摄影', '辫子']
I01280808,感情中的“三七定律”,http://wallpaper.cdn.pandora.xiaomi.com/thumbnail/webp/w1350/MiTv/0f6ba68c68fe94ef7a4b5d3abc7fd4d14511511a3,CC01000022,美女,相遇也好，相爱也罢，所有值得相处的感情，无非图一个舒服。在明讲里保有默契，在沟通中学会包容，在欢喜里给予珍惜。如此，方得长久自由，坦然舒畅。余生愿你我所见皆欢喜，所盼皆圆满。@有料/无同复古,['卷发', '温柔', '清纯', '长卷发', '小米精选']
I01367653,夏季运势最好的星座,http://wallpaper.cdn.pandora.xiaomi.com/thumbnail/webp/w1350/MiTv/0c375e574e89a4f90ac45632443752bd04130f25f,CC01000022,美女,狮子座。未来三个月，狮子座的人将迎来颇为旺盛的贵人运，事业上就算有困难，也能轻松解决，在贵人帮助下，事业很快会大的转机，取得更好的成就，你们也会因此进入管理层，钱权皆在手。@米拍/苏蓝sherry98,['清纯', '星座', '写真']
I01355054,怎么哄生气的女朋友,http://wallpaper.cdn.pandora.xiaomi.com/thumbnail/webp/w1350/MiTv/0f0422ca4e43e4775b27fde36212143076f249d81,CC01000022,美女,不盲目解释。在哄女朋友开心的时候，不要一遍又一遍解释，这样只会让事情变得更加复杂，她会觉得你只是在为自己辩护，得到原谅就更没有机会了。只要你真诚地向她道歉，简要地解释情况，就不会有太大问题。如果问题必须继续讨论，最好找到第三人来和解。@有料,['优美', '恋人', '情感', '写真']
I01235853,做个穿衣讲究的女生,http://wallpaper.cdn.pandora.xiaomi.com/thumbnail/webp/w1080/MiTv/0384bd4d9a40648ac29d5a64ac60eb7bc7977ed05,CC01000022,美女,着装搭配，不仅仅代表着我们的审美与品位，更多还隐藏着我们的行为风格与处世态度。在职场，人们都是从你的穿搭开始的。穿衣讲究，并不都是奢侈大牌，其实是我们肯对自己的穿搭负责，不敷衍自己，也不敷衍生活。@米拍/谌少林,['摄影', '白色连衣裙']
I01146015,最美驼色系搭配,http://wallpaper.cdn.pandora.xiaomi.com/thumbnail/webp/w1080/MiTv/0758c8518805b4d660ac5fdd68bf5aee85f58e8f7,CC01000022,美女,若想展示你的高雅气质，驼色准没错。驼色系穿搭既保险，又可以让人增添几分温柔气质。@图虫创意,['清新自然', '毛衣', '贝雷帽']
I01228166,学院风人像摄影该怎么拍？,http://wallpaper.cdn.pandora.xiaomi.com/thumbnail/webp/w1080/MiTv/06a7752c64d76921bc2ea49c106c36a367a420467,CC01000022,美女,教室窗台也是比较见的拍摄点，在窗边还可以利用充足的光线，这样会显得更白。@图虫创意,['学院风', '制服']
I01227253,说情话超级撩人的星座,http://wallpaper.cdn.pandora.xiaomi.com/thumbnail/webp/w1080/MiTv/01ee25c6256150a000491b80feb821e3469419d95,CC01000022,美女,天蝎座的情话之所以能够让人觉得被甜死了，其实一般都是因为太具有迷惑性了。不管是跟什么对象一起，天蝎座都可以很准确地调整到对方喜欢的状态，说对方喜欢的话语。@图虫创意,['清纯', '制服', '胶片', 'JK制服']
I01239127,洛丽塔少女的甜蜜时光,http://wallpaper.cdn.pandora.xiaomi.com/thumbnail/webp/w1080/MiTv/0bdd8537f6a2818fff276b021679d4c60e042316b,CC01000022,美女,春天的气息布满了少女的整个花田，她捧起一束向日葵，感受着这春日的温暖甜蜜。@圈子,['向日葵', 'cosplay', '日系', '洛丽塔']
I01174682,暗恋者最多的星座,http://wallpaper.cdn.pandora.xiaomi.com/thumbnail/webp/w1080/MiTv/05c2142f7a51fe922431c3a0bfeee9cb4e941781d,CC01000022,美女,水瓶座的人天生丽质，有着很高的教养，在多种场合都是落落大方的姿态，她们永远是人群中最亮眼的那一个，她们身旁从不缺乏追求者，只是她们的要求很高，一般入不了她们的眼。@有料,['清纯', '学生', '星座', '小米精选']
I01151982,女生夏季必备单品,http://wallpaper.cdn.pandora.xiaomi.com/thumbnail/webp/w1080/MiTv/0cf1e64b10c3640432f497f8d49fa5d939d2825f0,CC01000022,美女,东西比较多的女生可以背一个双肩包。如果你觉得帆布类的双肩包不够成熟，可以选择御姐型的皮双肩包。一个好的皮包背出去会显得女生洋气十足。@图虫创意,['皮包']
I01232595,追女生你要注意了,http://wallpaper.cdn.pandora.xiaomi.com/thumbnail/webp/w1080/MiTv/037eae4e16004463b1b32e6ce7ced5985bc1239bf,CC01000022,美女,在追求女生的过程千万要注意耳不要太过于迫切了，并不是每个人都喜欢热烈的追求，逼得太急了会让女生觉厌烦如果影响到她生活了甚至会连带把你也讨厌，这样一来别说追求，估计是连朋友的做不成。@米拍/秃头啊呆,['摄影', '白色连衣裙']
I01299065,被天秤喜欢有多幸运,http://wallpaper.cdn.pandora.xiaomi.com/thumbnail/webp/w1350/MiTv/0c408b68fa5064ed2ab8a75ca4a63d9e4ce910eeb,CC01000022,美女,如果天秤们遇到了他们喜欢的人，他们会经常主动约对方出去玩儿，创造许多共同的美好回忆，同时还会嘘寒问暖哦。@圈子/河豚抚子,['清新自然', '质感', '元气']
