I01169873,哪吒之魔童降世,http://wallpaper.cdn.pandora.xiaomi.com/thumbnail/webp/w1080/MiTv/05226641afb724279136b485816c0c0fe9b4c6910,CC01000020,影视,《哪吒之魔童降世》为观众带来了视觉和情感的双重冲击，是我国第一部跻身内地票房榜前十的动画电影。@图虫创意,['励志', '温情', '动画电影', '神话', '哪吒之魔童降世']
I01164326,哪吒之魔童降世,http://wallpaper.cdn.pandora.xiaomi.com/thumbnail/webp/w1080/MiTv/0361256d39cc6a65ea0e52be0c6e2f4e9424056bd,CC01000020,影视,哪吒，魔丸转世，永远顶着两坨黑眼圈、到处惹麻烦的哪吒犹如“混世魔童”，本性善良，他的成长十分坎坷，因为生而为魔从小遭受世人的排挤，他将如何在成长过程中证明自己，来赢得人们的尊重。@有料,['动画', '动画电影', '神话', '哪吒', '哪吒之魔童降世']
I01035504,“神偷奶爸”再度回归,http://wallpaper.cdn.pandora.xiaomi.com/thumbnail/webp/w1080/MiTv/070bf58f4a0adf9abf28d8d380c56c2fa2f429375,CC01000020,影视,搞笑有高招的“小黄人”一直深受大小观众喜爱。苦等3年，这个暑假终于盼来《神偷奶爸3》。新一集依然延续前两集“温馨亲情”的主题，格鲁一家再度扩容，与孪生弟弟德鲁意外重逢。@看电影,['小黄人', '《神偷奶爸》', '小米精选']
I01164325,哪吒之魔童降世,http://wallpaper.cdn.pandora.xiaomi.com/thumbnail/webp/w1080/MiTv/0e612d5d32c96465900e53be068e2b4296ce86e53,CC01000020,影视,敖丙，灵珠化身，东海龙王三太子，申公豹的徒弟，与哪吒不打不相识，背负龙族期望，全族压力令他痛苦不堪，他将如何选择自己的命运？@有料,['动画', '动画电影', '神话', '哪吒', '哪吒之魔童降世']
I01164324,哪吒之魔童降世,http://wallpaper.cdn.pandora.xiaomi.com/thumbnail/webp/w1080/MiTv/025ec14849eea4e96038c7b431568e671dc76d129,CC01000020,影视,《哪吒之魔童降世》由饺子执导，改编自中国神话故事，讲述了哪吒虽“生而为魔”却“逆天而行斗到底”的成长经历的故事。@有料,['动画', '动画电影', '神话', '哪吒', '哪吒之魔童降世']
I01035508,“神偷奶爸”再度回归,http://wallpaper.cdn.pandora.xiaomi.com/thumbnail/webp/w1080/MiTv/075ca95d88d9842d01d21bb5aa1a0a1ec723406fa,CC01000020,影视,内心善良的“坏蛋”格鲁，细心照料着三个可爱的小女儿和一群死心塌地跟随他的小黄人。格鲁见到了失散多年的双胞胎兄弟德鲁，兄弟打算联手抓住布莱德，不过兄弟之间的竞争让格鲁陷入了意想不到的困境。@看电影,['小黄人', '卡通', '《神偷奶爸》', '格鲁', '小米精选']
I01035506,“神偷奶爸”再度回归,http://wallpaper.cdn.pandora.xiaomi.com/thumbnail/webp/w1080/MiTv/0d0bf55f4f0ad49af228dad383156725a8abbcf97,CC01000020,影视,极受欢迎的“小黄人”这一次也继续发挥卖萌的本色，一会儿变成歌手现身歌唱大赛，一会儿又群策群力用洗衣机、马桶和浴缸做飞机，成为全片搞笑担当！虽然戏不多，却承包了绝大多数的笑点。@看电影,['小黄人', '卡通', '小猪', '《神偷奶爸》', '小米精选']
I01049230,复仇者联盟3,http://wallpaper.cdn.pandora.xiaomi.com/thumbnail/webp/w1080/MiTv/0e183f42475384a442bd3f04c57a5e73d548a6211,CC01000020,影视,《复仇者联盟3：无限战争》是漫威人物的空前集结。灭霸是漫威影片史上最强大的反派，他以集齐力量、时间、空间、灵魂、现实和心灵六大宝石，完成无限手套，毁灭生命为最终目标。@看电影,['钢铁侠', '复仇者联盟', '绿巨人']
I01166185,哪吒之魔童降世,http://wallpaper.cdn.pandora.xiaomi.com/thumbnail/webp/w1080/MiTv/0197ca5e0abcd48960ef4962c4d4071416d5d20a9,CC01000020,影视,《哪吒之魔童降世》将民间故事做了大胆的颠覆，剧情的起承转合一气呵成，而且饱含情感力量，被称为国产动画电影的良心之作。@图虫创意,['幽默', '励志', '动画', '哪吒之魔童降世']
I01047422,变形金刚,http://wallpaper.cdn.pandora.xiaomi.com/thumbnail/webp/w1080/MiTv/0815446a7ca367ba025b901de69d2534d0f40d4d9,CC01000020,影视,到了2000年，汽车人与霸天虎展开血战。霸天虎在威震天的带领下袭击汽车人的飞船、铁皮、救护车，大汉、警车等相继被威震天杀死。霸天虎进攻汽车人基地。擎天柱率全体汽车人迎战霸天虎，擎天柱和威震天最终决战。@图虫创意,['英雄', '机器人', '变形金刚', '小米精选']
I01049231,复仇者联盟3,http://wallpaper.cdn.pandora.xiaomi.com/thumbnail/webp/w1080/MiTv/0da304cd80cf71b92088766d82219ef7bb843d565,CC01000020,影视,蜘蛛侠回归漫威之后，小蜘蛛彼得·帕克由汤姆·赫兰德饰演。在复仇者联盟的“小蜘蛛”还只是一个青少年，但在钢铁侠的引领支持下，真正肩负起超级英雄的职责。@看电影,['英雄', '蜘蛛侠', '超级英雄']
I01159977,蜘蛛侠：英雄远征,http://wallpaper.cdn.pandora.xiaomi.com/thumbnail/webp/w1080/MiTv/037335151845fa6cc78d155270641be872941d6d7,CC01000020,影视,漫威超级英雄大片《蜘蛛侠：英雄远征》依旧由导演乔·沃茨执导，汤姆·赫兰德继续饰演蜘蛛侠彼得·帕克，并将对抗由杰克·吉伦哈尔加盟饰演的大反派神秘客。@看电影,['英雄', '蜘蛛侠', '蜘蛛侠：英雄远征']
I01049405,传奇钢铁侠,http://wallpaper.cdn.pandora.xiaomi.com/thumbnail/webp/w1080/MiTv/011834524e548aa481bd3704c66a5172d674215ef,CC01000020,影视,钢铁侠是斯塔克工业的董事长，因于一场阴谋绑架中，胸部遭弹片穿入，生命危在旦夕，为了挽救自己的生命，在同被绑架的物理学家的协助下托尼造出了防止弹片侵入心脏的方舟反应炉，从而逃过一劫。@图虫创意,['漫威', '钢铁侠', '机器人', '小米精选']
I01032651,你不知道的蜘蛛侠,http://wallpaper.cdn.pandora.xiaomi.com/thumbnail/webp/w1080/MiTv/0a48e7410b8f9482c22562e9271b8ed33be45144f,CC01000020,影视,蜘蛛侠原是漫威漫画中的超级英雄角色，1999年索尼花费几百万美元从漫威手中买下了蜘蛛侠的电影版权。所以蜘蛛侠无法出现在复仇者电影中，不过索尼与漫威已经达成共识，蜘蛛侠将很快回归漫威。@图虫创意,['墙壁', '漫威', '英雄', '蜘蛛侠']
I01374335,“哆啦A梦远古历险记”,http://wallpaper.cdn.pandora.xiaomi.com/thumbnail/webp/w1350/MiTv/0f3891a911d634fbc96f733b6c6439299347e4c70,CC01000020,影视,《哆啦A梦：新大雄的日本诞生》故事讲述了因为迫于家里的压力，大雄、胖虎、小夫和静香都一起离家出走了，在哆啦A梦的帮助下回到七万年前的地球，在那里遇到了光明族与黑暗族，被卷入两组之间的斗争中，冒险就由此开始了。@品鉴图库,['哆啦A梦', '动画电影']
I01045607,蜘蛛侠的前世今生,http://wallpaper.cdn.pandora.xiaomi.com/thumbnail/webp/w1080/MiTv/0b75e568e4cb50641c5156b3f8fb964c1764070ed,CC01000020,影视,蜘蛛侠的初次登场，是在1962年8月第15期的《惊奇幻想》上。如果现在你手里还幸存着一本八九成新的原版，那你就发大财了，因为最高的拍卖价已经达到了110万。@图虫创意,['漫威', '英雄', '蜘蛛侠', '超级英雄', '飞行']
I01045837,蜘蛛侠化身毒蜘蛛,http://wallpaper.cdn.pandora.xiaomi.com/thumbnail/webp/w1080/MiTv/0fd68c5152e0d4c6d1cfe03672ad1d9fbc216a674,CC01000020,影视,蜘蛛侠的内心的阴暗面开始反客为主，他成了“邪恶”最完美的寄主，这种“邪恶”最终演变成了毒蜘蛛衣。彼得·帕克的道德准则越来越模糊，然而他自己却无法查觉这变化。@图虫创意,['严肃', '漫威', '英雄', '蜘蛛侠', '超级英雄', '小米精选']
I01049233,复仇者联盟3,http://wallpaper.cdn.pandora.xiaomi.com/thumbnail/webp/w1080/MiTv/0da304cd80cf72b92388766d82219ef7bb843d565,CC01000020,影视,由克里斯·埃文斯饰演的美国队长是军方科技的成果，相比其他英雄，他是一个来自过去的人。他的战斗力不是最强，但却是复仇者联盟中的核心人物。@看电影,['英雄', '超级英雄', '复仇者联盟']
I01049232,复仇者联盟3,http://wallpaper.cdn.pandora.xiaomi.com/thumbnail/webp/w1080/MiTv/0da304cd80cf72b92a88786d8a2191f7bf843d565,CC01000020,影视,小罗伯特·唐尼饰演的钢铁侠托尼·斯塔克，是复仇者联盟的灵魂人物。他有时也会傲慢自大，但无论是财富、名誉、知识还是能力，他都是复仇者联盟中的翘楚。@看电影,['酷炫', '钢铁侠', '英雄', '小罗伯特·唐尼', '超级英雄', '小米精选']
I01047426,变形金刚,http://wallpaper.cdn.pandora.xiaomi.com/thumbnail/webp/w1080/MiTv/0b4bb045ef882413b2abef000069e3f8d44d83018,CC01000020,影视,数千万年前，宇宙中的智慧生命五面怪在宇宙中建造了一个赛博特恩星球，在这个星球上，五面怪在这个星球上制造了两条生产线--军用和民用。这两条生产线上出产的机器人就是后来变形金刚的祖先。@视觉中国,['英雄', '机器人', '变形金刚', '小米精选']
I01037277,《蜘蛛侠：英雄归来》,http://wallpaper.cdn.pandora.xiaomi.com/thumbnail/webp/w1080/MiTv/05a7f40e6202e226b073741d42eb3fffc46409414,CC01000020,影视,与小蜘蛛交手的迈克尔·基顿，在“如愿以偿”当上一回“鸟人”秃鹰后，更是拿出来奥斯卡级演技来撑场。,['漫威', '蜘蛛侠', '飞行', '秃鹰']
I01045839,蜘蛛侠化身毒蜘蛛,http://wallpaper.cdn.pandora.xiaomi.com/thumbnail/webp/w1080/MiTv/0775ed58e6c3546450515eb3f08b9e4816b1bfc7b,CC01000020,影视,饱受爱恨折磨的彼得·帕克再也无法忍受“黑色蜘蛛皮”的纠缠，便一怒之下将其丢弃。恰巧，帕克的同行埃迪·布鲁克“有幸”得到了黑色蜘蛛服。就此，蜘蛛侠的又一大劲敌“毒液”轰然诞生。@图虫创意,['漫威', '英雄', '蜘蛛侠', '超级英雄', '小米精选']
I01056619,西游记之大圣归来,http://wallpaper.cdn.pandora.xiaomi.com/thumbnail/webp/w1080/MiTv/0f78446c7f8774206871597185525d2cc7d4360a5,CC01000020,影视,影片是根据《西游记》进行拓展和演绎的3D动画电影，讲述了已于五行山下寂寞沉潜五百年的孙悟空被儿时的唐僧——俗名江流儿的小和尚误打误撞地解除封印后，在相互陪伴的冒险之旅中找回初心，完成自我救赎的故事。@图虫创意
,['动画', '神话', '孙悟空', '西游记之大圣归来']
I01044678,复仇者联盟超级英雄,http://wallpaper.cdn.pandora.xiaomi.com/thumbnail/webp/w1080/MiTv/04d684c153e2d8c612cfee3679ad1696bf24172dc,CC01000020,影视,一股突如其来的强大邪恶势力对地球造成致命威胁，长期致力于保护全球安危的神盾局意识到必须创建一个“史上最强”的联盟组织，云集各方超级英雄一起发威，才能拯救世界于水深火热，抵御黑暗势力的侵袭。@图虫创意,['漫威', '钢铁侠', '超级英雄', '复仇者联盟', '黑寡妇', '绿巨人']
I01045610,蜘蛛侠的前世今生,http://wallpaper.cdn.pandora.xiaomi.com/thumbnail/webp/w1080/MiTv/0075ed58e6c45464105151b3f07b9e4f16b16fc7b,CC01000020,影视,2001年加入了一个叫伊齐-吉尔的新角色，他透露蜘蛛侠的超能力实际上是一种魔法，而且放射性蜘蛛的那神来之咬，其实是早有预谋的，还是场史诗级的大阴谋。@图虫创意,['漫威', '英雄', '蜘蛛侠', '超级英雄']
I01374338,功夫熊猫3,http://wallpaper.cdn.pandora.xiaomi.com/thumbnail/webp/w1350/MiTv/0ab433e3ebccc4f2fb8ee0b4820a450aeb6c115e9,CC01000020,影视,《功夫熊猫3》作为功夫熊猫动画系列的续集，延续了“中国功夫+熊猫”的基本叙事元素组合，在书法、气等一系列中华文化的加持下呈上一出东方视觉盛宴，同时又展现出中西文化的差异。@有料,['强壮', '功夫', '功夫熊猫', '酷帅', '动画电影']
I01369904,精灵总是要冒险,http://wallpaper.cdn.pandora.xiaomi.com/thumbnail/webp/w1350/MiTv/0e304f0ab2ba2427dae2ccde555c21d9f116d63b9,CC01000020,影视,《蓝精灵：寻找神秘村》讲述蓝精灵村唯一的女性角色蓝妹妹带着聪聪、笨笨、健健，寻找更多女性蓝精灵，并在途中和格格巫展开了万年不变的追逐战。@品鉴图库,['蓝精灵', '动画电影', '蓝精灵：寻找神秘村']
I01045207,超级英雄的绿幕演技,http://wallpaper.cdn.pandora.xiaomi.com/thumbnail/webp/w1080/MiTv/0b75e468eacb5364165155b3fefb964c1c64070ed,CC01000020,影视,小罗伯特在饰演钢铁侠时的身体和脑袋的位置都很稳定，很少晃动，也很少眨眼。这是典型的high status（高等级）肢体语言，能够让角色显得高人一等，具有无声的压力。@视觉中国,['漫威', '钢铁侠', '超级英雄', '复仇者联盟', '小米精选']
I01049229,复仇者联盟3,http://wallpaper.cdn.pandora.xiaomi.com/thumbnail/webp/w1080/MiTv/0da304cd80cf71b92688756d8f2196f7bb843d565,CC01000020,影视,本尼迪克特·康伯巴奇饰演的斯特兰奇博士在《奇异博士》一片中，经过古一法师的训练，由科学家变成魔法师。他拥有的六大无限宝石之一的时间宝石，能够改变、操控时间。@看电影,['英雄', '超级英雄', '复仇者联盟', '本尼迪克特·康伯巴奇']
I01047427,变形金刚,http://wallpaper.cdn.pandora.xiaomi.com/thumbnail/webp/w1080/MiTv/0d4bb045ef882413b2abe4000089e3fbd44dc3018,CC01000020,影视,公元2010年，由于地球乃至整个宇宙都感染了仇恨疯狂症，所有人都在乱打一气。汽车人领袖擎天柱复活，将世界从仇恨疯狂症中解救出来。此战后惊破天说:"我很佩服你，擎天柱大哥，以后不会再有战争了。"变形金刚的故事至此应说完美的结束。@视觉中国,['英雄', '机器人', '变形金刚']
I01045206,超级英雄的绿幕演技,http://wallpaper.cdn.pandora.xiaomi.com/thumbnail/webp/w1080/MiTv/0b75e468eacb53641e5150b3f6fb914c1864070ed,CC01000020,影视,虽然在演出“美国队长”之前，克里斯·埃文斯就已经在《神奇四侠》中演出“霹雳火”一角；但再对比他2000年出道作品《新生报到》，你不能否认一路演完3集《美国队长》的他，演技突飞猛进@视觉中国,['漫威', '美国队长', '超级英雄', '复仇者联盟', '小米精选']
I01159979,蜘蛛侠：英雄远征,http://wallpaper.cdn.pandora.xiaomi.com/thumbnail/webp/w1080/MiTv/0b36bd45091214da70257b63dc5eb98a42775008c,CC01000020,影视,《蜘蛛侠：英雄远征》战斗高燃场面炸裂，终局之战后的世界将面临怎样的新危机？蜘蛛侠能否力挽狂澜，拯救欧洲？@看电影,['英雄', '蜘蛛侠', '蜘蛛侠：英雄远征']
I01045613,复仇者！集合！,http://wallpaper.cdn.pandora.xiaomi.com/thumbnail/webp/w1080/MiTv/04d685c155e2d3c612cfe8367bad1796b424172dc,CC01000020,影视,从一开始复仇者联盟的成员名单便不断的更动，不断更改的成员名单已成为复仇者联盟的特点，但一个主题从未变过，那就是专与单一超级英雄无法应付的敌人作战，也是他们著名战斗口号“复仇者，集合！”的由来。@图虫创意,['漫威', '美国队长', '钢铁侠', '英雄', '超级英雄']
I01044871,你不知道的钢铁侠,http://wallpaper.cdn.pandora.xiaomi.com/thumbnail/webp/w1080/MiTv/04d684c15ee2d0c61dcfe3367bad1696b024172dc,CC01000020,影视,钢铁侠是由斯坦李老爷子创作的，他本来是想挑战一下，创作出一个人人都讨厌但又不得不爱的英雄，现在看来，他成功做到了这一点。@图虫创意,['漫威', '钢铁侠', '超级英雄']
I01154380,复仇者联盟4 终局之战,http://wallpaper.cdn.pandora.xiaomi.com/thumbnail/webp/w1080/MiTv/0f4ea408e112d2916713eaebbc93d1e5d87400c39,CC01000020,影视,《复仇者联盟4：终局之战》的故事，发生在灭霸消灭宇宙一半的生灵并重创复仇者联盟之后，剩余的英雄被迫背水一战，为22部漫威电影写下传奇终章。@看电影,['酷炫', '漫威', '美国队长', '超级英雄', '希望', '复仇者联盟4', '小米精选']
I01252385,漫威史上最伟大英雄,http://wallpaper.cdn.pandora.xiaomi.com/thumbnail/webp/w1350/MiTv/07219b539d5f14a5e011dd9e55115c296ae2cc52b,CC01000020,影视,从上学到工作，除了诸事不顺，蜘蛛侠没有什么顺利的事情。有着生活中学业、失恋、工作等等苦恼。看到蜘蛛侠，我们都能从生活中找到自己的影子。具有现实主义色彩的“好邻居”蜘蛛侠，他成为了大家心目中漫威史上最伟大的英雄。@好看,['漫威', '蜘蛛侠', '好莱坞', '酷帅', '小米精选']
I01049406,传奇钢铁侠,http://wallpaper.cdn.pandora.xiaomi.com/thumbnail/webp/w1080/MiTv/08a3054d88ce74b92388746d857196f8bcf2e27dd,CC01000020,影视,很多人在媒体上见到的托尼·斯塔克只是一个自我为中心的花花公子。托尼几乎总是骄傲地战斗。但是即使他表现的像个自大狂，他却总是尽他最大努力去保护他的队友。@图虫创意,['漫威', '钢铁侠', '小米精选']
I01372213,水管工拯救蘑菇世界,http://wallpaper.cdn.pandora.xiaomi.com/thumbnail/webp/w1350/MiTv/015a9f48823944e42a0713f613242c0a8a491d1a7,CC01000020,影视,《超级马力欧兄弟》以快节奏、幽默风趣的方式展现了马力欧和他的朋友们在蘑菇王国中遇到的各种奇遇和危机，影片的画面也十分精美绚丽，将游戏中的场景和元素还原得十分逼真，让人仿佛置身于游戏世界中。@品鉴图库,['动画电影']
I01099151,漫威电影合集,http://wallpaper.cdn.pandora.xiaomi.com/thumbnail/webp/w1080/MiTv/0dd4a441ac7b76136b5dd94e5ae64fb144c43c587,CC01000020,影视,彼得·帕克是美国一个平凡的高中生，被变种蜘蛛咬了一口之后，彼得的生活彻底改变了。他拥有了蜘蛛特有的超能力：从手指喷出粘力极强的蜘蛛丝以及飞檐走壁。@图虫创意,['漫威', '蜘蛛侠']
I01046759,《环太平洋：雷霆再起》,http://wallpaper.cdn.pandora.xiaomi.com/thumbnail/webp/w1080/MiTv/0615494a7fa664ba605b931de4cd2d3bd630394d8,CC01000020,影视,故事发生在距离前作战乱结束十年之后的2035年。当海底虫洞再次被打开，进化而来的怪兽似乎酝酿着更具威胁的阴谋。@传奇影业/环球影业,['英雄', '机器人', '超级英雄', '环太平洋', '小米精选']
I01045983,黑豹,http://wallpaper.cdn.pandora.xiaomi.com/thumbnail/webp/w1080/MiTv/0675ed58e6c1546460515ab3f05b9e4f16b11fc7b,CC01000020,影视,查德维克·博斯曼饰演的“黑豹”特查拉不仅是拥有过人能力的超级英雄，还是瓦坎达国王子。父亲去世后，他将担负起统御这个科技先进但与世隔绝的非洲国家的责任，带领他的子民，捍卫他的国土。@看电影,['酷炫', '黑豹', '漫威', '英雄', '超级英雄', '酷帅', '小米精选']
I01116913,蜘蛛侠：平行宇宙,http://wallpaper.cdn.pandora.xiaomi.com/thumbnail/webp/w1080/MiTv/05d44c4cd1b92498e2cf924871c34b7d1a29f502c,CC01000020,影视,《蜘蛛侠：平行宇宙》是对“蜘蛛侠”这一人气漫画角色的全新展开，影片以不同的角色和革命性的手法来讲述蜘蛛侠的起源故事。@看电影,['蜘蛛侠', '蜘蛛侠:平行宇宙']
I01045838,蜘蛛侠化身毒蜘蛛,http://wallpaper.cdn.pandora.xiaomi.com/thumbnail/webp/w1080/MiTv/04d685c150e2dec614cfea3676ad1996b124172dc,CC01000020,影视,你得到了超能力，一切事情看起来都OK，你得到了心爱的女人，人人都喜欢你，你变成一个人人敬爱的英雄，所以，你还对什么感到不满意呢？于是，我们的英雄在顺流中迷失了自我。@图虫创意,['漫威', '英雄', '蜘蛛侠', '超级英雄']
I01252377,《英雄远征》意义非凡,http://wallpaper.cdn.pandora.xiaomi.com/thumbnail/webp/w1350/MiTv/02d7b9478ff4d43b406b114e2230429a78a8fe5cb,CC01000020,影视,作为小蜘蛛在2017年的第一部个人电影《蜘蛛侠：英雄归来》后的首部续集，《英雄远征》承载的意义远不止于此，它是对《终局之战》所作的纪念和后记。@视觉中国,['蜘蛛侠', '酷帅', '小米精选']
I01376785,蜘蛛侠的魅力所在,http://wallpaper.cdn.pandora.xiaomi.com/thumbnail/webp/w1350/MiTv/0050fcb3d60be4d2394e2484a9f88942385fd777f,CC01000020,影视,蜘蛛侠是漫威漫画中最经典的角色之一，从1962年8月第一次登场之后，他成为了漫威宇宙中最受欢迎的角色。除了DC的蝙蝠侠之外，几乎没有其他的超级英雄IP比蜘蛛侠更加赚钱，从动画到手办，从游戏到服装等等关于蜘蛛侠的一切都卖得非常火爆。@有料,['魅力', '勇敢', '蜘蛛侠', '超级英雄']
I01049234,复仇者联盟3,http://wallpaper.cdn.pandora.xiaomi.com/thumbnail/webp/w1080/MiTv/09183f42475384a442bd3704c5aa5e78d54856211,CC01000020,影视,斯嘉丽·约翰逊在复仇者联盟中饰演的黑寡妇娜塔莉，没有强大的超能力，但却是系列中最重要的女性角色。在复仇者联盟宇宙的第四阶段，她的个人影片将以一种更加截然不同的反类型样貌出现。@看电影,['酷炫', '斯嘉丽·约翰逊', '英雄', '超级英雄', '复仇者联盟', '黑寡妇', '小米精选']
I01415567,迪迦属于什么水平,http://wallpaper.cdn.pandora.xiaomi.com/thumbnail/webp/w1350/MiTv/0106ba876bec44ccdab808075234515d8619d3c2f,CC01000020,影视,从实力上来说，常态迪迦在常态奥特曼里是中上游水平，定位类似昭和的艾斯，是个技能王。而闪耀迪迦则属于究极奥特曼，在究极奥特曼里面属于神秘四奥之下的第一档，有时候超过了也不奇怪。就这个数据而言，在光之国也算强者了。@my ideas,['炫酷', '勇敢', '英雄']
I01252383,孙悟空大战妖王,http://wallpaper.cdn.pandora.xiaomi.com/thumbnail/webp/w1080/MiTv/08556f5160d74483c04017907d45cd87f737f4b72,CC01000020,影视,此次《西游记之再世妖王》的预告广受关注，影片的出彩之处在于风格鲜明，暗黑风格与爽爆打斗融为一体，这种新奇的“中国式暴力美学”着实抓人眼球。此番《西游记之再世妖王》的大胆试水，定能为观众带来惊喜。@好看,['动画电影', '孙悟空', '西游记']
I01287734,《冰雪奇缘》,http://wallpaper.cdn.pandora.xiaomi.com/thumbnail/webp/w1350/MiTv/0a8a14023db4649cc9f5ffc14526bada73100ef3d,CC01000020,影视,《冰雪奇缘》用全新的视角诠释了真爱。真爱不仅仅是爱情，也是亲情和友情。艾尔莎被亲情感化，才彻底打开了心门。@图虫创意,['欢乐', '冰雪奇缘', '温情', '动画电影']
I01046154,美国队长最大的性格特色,http://wallpaper.cdn.pandora.xiaomi.com/thumbnail/webp/w1080/MiTv/0875ed58e6cc5464c05159b3f09b9e4f16b1dfc7b,CC01000020,影视,漫威超级英雄里，美队最无趣。不会飞行、不会变身，没有什么攻击性武器，整天就拿一漂亮锅盖近身肉搏，一开口就是爱国爱世界的大道理。@图虫创意,['酷炫', '漫威', '美国队长', '英雄', '战斗', '超级英雄', '战争', '小米精选']
I01411752,奥特曼为什么不和人说话,http://wallpaper.cdn.pandora.xiaomi.com/thumbnail/webp/w1350/MiTv/00ee1512a0def4fefb0fbb0cf3ffe6f358357bd06,CC01000020,影视,我们见过很多奥特曼与奥特曼之间的交流，他们都能够自由的对话，并且在战斗中也是依靠语言交流来配合。但是一到奥特曼与人类之间的沟通，就变得特别难懂，即使是奥特曼与人间体第一次见面也是如此。@my ideas,['炫酷', '勇敢', '英雄']
I01116914,蜘蛛侠：平行宇宙,http://wallpaper.cdn.pandora.xiaomi.com/thumbnail/webp/w1080/MiTv/0cd444acd9b22f9892cf9c48785345701c14221bc,CC01000020,影视,蜘蛛侠的主题，在于任何人都可以戴上超级英雄的面具，面具的意义在于，你一旦戴上，你就拥有了超级英雄一般的内心和灵魂。@看电影,['蜘蛛侠', '蜘蛛侠:平行宇宙']
I01099150,漫威电影合集,http://wallpaper.cdn.pandora.xiaomi.com/thumbnail/webp/w1080/MiTv/0ed4a741ac7c7413635dd54e553648b744b67e1cd,CC01000020,影视,美国队长史蒂夫·罗杰斯是 “超级士兵”计划的第一人。他从一个弱不禁风的普通人，变身为头脑、体能、耐力、敏捷等机能都超越一般人的“超级人类”，各项身体机能达到了人类理论潜能的巅峰。@图虫创意,['漫威', '美国队长']
I01045984,黑豹,http://wallpaper.cdn.pandora.xiaomi.com/thumbnail/webp/w1080/MiTv/09d68c5152e1d4c601cfed36725d1d92bc219a674,CC01000020,影视,“黑豹”作为拥有超级力量的一国之主，获得着他人难及的荣耀，但肩负的责任也是他人远远不及的。能力越大，责任越大。黑豹不仅要面对难以战胜的敌人，还要和自己的内心斗争。@看电影,['激烈', '黑豹', '漫威', '英雄', '战斗', '超级英雄', '酷帅', '小米精选']
I01044708,最强超级英雄组合,http://wallpaper.cdn.pandora.xiaomi.com/thumbnail/webp/w1080/MiTv/0b75e468e3cb5a641c515ab3fefb9a4c1f64070ed,CC01000020,影视,创始人为钢铁侠、雷神托尔、绿巨人、蚁人和黄蜂侠。从一开始复仇者联盟的成员名单便不断的更动，第二期绿巨人就离队，改由美国队长加入。不断更改的成员名单已成为复仇者联盟的特点。@图虫创意,['漫威', '超级英雄', '复仇者联盟', '黑寡妇', '雷神']
I01046762,《环太平洋：雷霆再起》,http://wallpaper.cdn.pandora.xiaomi.com/thumbnail/webp/w1080/MiTv/024bb045ef852413a2abe9000029e3f2d44d13018,CC01000020,影视,在前作中有过精彩表现的伯恩•戈曼和查理•戴此番双双回归，由二人饰演的科学家将在新片中继续就进化版怪兽展开更为深入复杂的研究。菊地凛子所饰演的机甲驾驶员森麻子也再次亮相。@传奇影业/环球影业,['机器人', '环太平洋']
I01047001,正义联盟,http://wallpaper.cdn.pandora.xiaomi.com/thumbnail/webp/w1080/MiTv/0615494a7fa264ba105b9a1de4ad2d33d630d94d8,CC01000020,影视,《正义联盟》以大的宇宙环境为背景，以漫画作品为基础，将超人、蝙蝠侠、神奇女侠、闪电侠、绿灯侠等众多DC漫画旗下的超级英雄的故事融合进来，构建出一个日趋丰满的世界体系。@图虫创意,['蝙蝠侠', '闪电侠', '神奇女侠', '正义联盟']
I01046760,《环太平洋：雷霆再起》,http://wallpaper.cdn.pandora.xiaomi.com/thumbnail/webp/w1080/MiTv/0a4bb045ef852413b2abea0000f9e3f5d44d53018,CC01000020,影视,面对机甲驾驶员的短缺，杰克与奈特这对曾经的机甲驾驶员搭档再次联手，不得不冒险率领从未有过实战经验的机甲学员们奋起抵抗，为守护住人类最后的希望与怪兽展开硬碰硬的激烈一战。@传奇影业/环球影业,['机器人', '环太平洋', '小米精选']
I01056621,西游记之大圣归来,http://wallpaper.cdn.pandora.xiaomi.com/thumbnail/webp/w1080/MiTv/0f78446c7f877520697156718c52522cc0d4360a5,CC01000020,影视,2015年，影片在国内公映后，即以优秀的口碑引发网友观众的追捧和媒体的广泛报道。该片获得年第30届中国电影金鸡奖最佳美术片奖和第16届中国电影华表奖优秀故事片奖。@图虫创意
,['动画', '神话', '孙悟空', '西游记之大圣归来']
I01366838,漫威宇宙真正终章,http://wallpaper.cdn.pandora.xiaomi.com/thumbnail/webp/w1350/MiTv/0954732e505b24290a193712ba622b49fac768c72,CC01000020,影视,《蜘蛛侠：英雄远征》了不起的地方在于，它不仅作为英雄独立电影完成了蜘蛛侠在人物塑造上的可喜飞跃，而且还顶住了作为《复仇者联盟4：终局之战》续作的巨大压力，圆满完成了为漫威电影宇宙第三阶段收尾的任务。@品鉴图库,['蜘蛛侠', '蜘蛛侠：英雄远征']
I01365958,哆啦A梦剧场版宣布定档,http://wallpaper.cdn.pandora.xiaomi.com/thumbnail/webp/w1350/MiTv/09f259f93eb484a29928924c16cefd93e688e0983,CC01000020,影视,《哆啦A梦：大雄与天空的理想乡》正式定档6月1日，影片主要讲述哆啦A梦带着大雄一行人飞向蓝天寻找完美的理想乡，并在新朋友——完美猫型机器人索尼亚的引导下让自己变得完美，而梦幻华丽的外表之下，还藏有不可告人的阴谋与秘密。@品鉴图库,['哆啦A梦', '动画电影']
I01361527,迪士尼造就的动物乌托邦,http://wallpaper.cdn.pandora.xiaomi.com/thumbnail/webp/w1350/MiTv/0dfbcc581dfc3468282fde893a26f14ec7a7a93f4,CC01000020,影视,一座令人向往的超级城市，一个完美的“动物乌托邦”，一段披着童话世界的外衣宣讲成人世界的故事，其实是十分贴近现实中关于种族歧视和固有偏见的主题，可以说迪士尼利用《疯狂动物城》为动画电影行业深深上了一课。@品鉴图库,['疯狂动物城', '动画电影']
I01046761,《环太平洋：雷霆再起》,http://wallpaper.cdn.pandora.xiaomi.com/thumbnail/webp/w1080/MiTv/0815446a76a367ba075b951ded9d2034d8f40d4d9,CC01000020,影视,众多新生代角色的加入也为影片注入了新鲜血液。正如导演所言：“这是一场全世界范围的危机。每个人都抛开各自的不同与分歧，走到一起。”@传奇影业/环球影业
,['机器人', '环太平洋', '小米精选']
I01141161,惊奇队长,http://wallpaper.cdn.pandora.xiaomi.com/thumbnail/webp/w1080/MiTv/01cc2955edd264acf0038634f6b77395bfe67466e,CC01000020,影视,《惊奇队长》像是一部复古的超级英雄电影，平凡的起点，辉煌的结尾，再现了十年前超英电影新兴时纯粹的英雄主义。@看电影,['漫威', '英雄', '科幻', '惊奇队长']
I01290108,谁是你的青春记忆,http://wallpaper.cdn.pandora.xiaomi.com/thumbnail/webp/w1350/MiTv/08f0b4dea44b94712857b3e71fee95947258e5575,78753f1a-39a4-11e5-83cb-70e52b253bb7,女星,“如果你突然打了个喷嚏，啊～那一定是我在想你”。80、90后记忆里的甜心教主王心凌又火了。一样的高马尾，一样的甜美微笑，甚至一样的刘海弧度，王心凌在《浪姐3》的初舞台表演，瞬间将网友带回二十年前的青葱岁月。@今日必看,['王心凌']
I01366847,让你“笑到缺氧”的影片,http://wallpaper.cdn.pandora.xiaomi.com/thumbnail/webp/w1350/MiTv/0fd7a9fac5cb349619719860b4de2be1e83bf199f,CC01000020,影视,2016年作为手游改编成电影的《愤怒的小鸟》风靡全球，口碑票房双丰收。温馨搞笑治愈系的风格深受大小朋友们的喜爱，每个人物角色都可萌可甜可盐，以动物的世界来演现实社会，让人们在笑声中享受着动画中对现实生活的调侃和吐槽。@有料,['清新自然', '治愈', '愤怒的小鸟', '蠢萌']
I01056620,西游记之大圣归来,http://wallpaper.cdn.pandora.xiaomi.com/thumbnail/webp/w1080/MiTv/0f94e5802a87d5dcfc1e26f3abdd8cfc9ae410623,CC01000020,影视,孙悟空偶然因“小唐僧”解开镇压之印，逃出山洞，但法力尽失，性格狂躁抑郁，看淡功与名，只想回花果山过平凡日子，又因恻隐之心，勉强护送“小唐僧”回长安，一路上不得不与山妖肉搏厮杀，狼狈不堪。后来悟空挣脱法印，唤醒金箍棒，痛扁众妖，大圣归来。@图虫创意
,['动画', '神话', '孙悟空', '西游记之大圣归来']
I01057546,美食大电影,http://wallpaper.cdn.pandora.xiaomi.com/thumbnail/webp/w1080/MiTv/0fc4184b65a4b40091125359319bcac3ff0f7ce39,CC01000020,影视,在这个美食的世界里，故事的主角都是人类日常熟悉的食物，比如包强(包子)、四海(馒头)、油万金(油条)、巧巧(面条)等，看着一群美食冒险，感觉特别新奇。@有料,['有趣', '食品', '动画', '故事']
I00001379,超级英雄,http://wallpaper.cdn.pandora.xiaomi.com/thumbnail/webp/w1080/MiTv/01098549baab00d5472b5e5ac53bb894774421fc9,CC01000020,影视,他们从混沌的黑暗中而来，却化身光明的使者，英雄光环下是坚定的责任。复仇者，集结！@看电影,['酷炫', '盾牌', '漫威', '酷帅', '复仇者联盟', '小米精选']
I01046155,美国队长最大的性格特色,http://wallpaper.cdn.pandora.xiaomi.com/thumbnail/webp/w1080/MiTv/03d68c5152efd4c6d1cfe33672dd1d90bc212a674,CC01000020,影视,美队在《美队1》里一点也不可爱。瘦得像个鸡仔儿，整天被人狂殴，军方之所以选中他来注射超级战士血清，也只因为他是个好人——好人，就是美队最大的性格特色。@图虫创意,['背影', '盾牌', '漫威', '美国队长', '英雄', '超级英雄', '酷帅', '小米精选']
I01045003,复仇者联盟无限荣光,http://wallpaper.cdn.pandora.xiaomi.com/thumbnail/webp/w1080/MiTv/0b75e468eccb5a64165152b3fbfb924c1f64070ed,CC01000020,影视,托尼·史塔克在电影中有方舟反应炉为盔甲提供能源，但是他在漫画中的装备显然不够先进。在1963年，当时读者们还无法理解这种几乎永久的能源，所以史塔克不得不依靠电力来维持他的盔甲。@图虫创意,['坚毅', '漫威', '钢铁侠', '超级英雄', '酷帅', '复仇者联盟', '热血', '小米精选']
I01139048,驯龙高手3,http://wallpaper.cdn.pandora.xiaomi.com/thumbnail/webp/w1080/MiTv/0f47a590e81796235f24a378814f305f07c41b9be,CC01000020,影视,斥资1.29亿美元打造的《驯龙高手3：隐秘世界》剧情承接第二部，讲述长大后的维京男孩和他的龙伙伴为捍卫家园和平开启新的冒险历程的故事。@视觉中国,['励志', '驯龙高手3']
I01371323,疯狂动物城里的人生道理,http://wallpaper.cdn.pandora.xiaomi.com/thumbnail/webp/w1350/MiTv/01b0d8d0a465e452c834bd8d2806c3f2262ef8319,CC01000020,影视,坚持梦想，方能实现梦想。免朱迪从来没有放弃过成为一名优秀的警察的梦想，她一直坚持着，不因自身条件不足而泄气。通过自己的努力，以第一名的成绩进入了警局。@有料,['优美', '疯狂动物城', '兔子', '狐狸']
I01387593,不灭的经典,http://wallpaper.cdn.pandora.xiaomi.com/thumbnail/webp/w1350/MiTv/02ca5a62a22e340f59d817d98d2f21e460cec89be,CC01000020,影视,《变形金刚》影片中的配乐是由知名音乐人斯蒂夫·贾布隆斯基谱写的，这些配乐能引起听众的情绪波动。影片还对几个深层的话题进行了探索。@图虫创意,['经典', '有趣', '震撼', '变形金刚', '小米精选']
I01372217,接纳不完美的自己,http://wallpaper.cdn.pandora.xiaomi.com/thumbnail/webp/w1350/MiTv/00611f5ee46e141f7954ec0079f18c633390b8e19,CC01000020,影视,《哆啦A梦：大雄与天空的理想乡》不仅构筑了一段天马行空的全新冒险，更在这段冒险中将反乌托邦的思想寓教于乐，深入浅出地融入到了故事里，让人感受到了一种乐观豁达的精神，接受自我的不完美，永远不要放弃去热爱这个多姿多彩的世界。@品鉴图库,['哆啦A梦', '动画电影']
I01252386,漫威史上最伟大英雄,http://wallpaper.cdn.pandora.xiaomi.com/thumbnail/webp/w1350/MiTv/074df47c712bd90a85588aa25df24958aa7423a11,CC01000020,影视,“漫威之父”斯坦·李是蜘蛛侠的作者，他曾经说过，最后悔的事情就是将蜘蛛侠的电影版权交与他人。@好看,['背影', '漫威', '蜘蛛侠', '好莱坞', '酷帅', '小米精选']
I01083293,蜘蛛侠 英雄归来,http://wallpaper.cdn.pandora.xiaomi.com/thumbnail/webp/w1080/MiTv/05e53b4f90a2c4c072583a42c3ecd405e97db108a,CC01000020,影视,该片呈现了一个讨人喜欢而又天真无邪的蜘蛛侠，导演用他高超的技艺为新的蜘蛛侠赋予了略显老套的合家欢幽默。@图虫创意,['奇幻', '蜘蛛侠', '超级英雄']
I01290879,pick你最爱的童年动画,http://wallpaper.cdn.pandora.xiaomi.com/thumbnail/webp/w1350/MiTv/00cce7934ca1d4f0e8dbfafe11ba1c503b0a0e2f6,CC01000020,影视,《神奇宝贝》也是童年必看的动画片。充满奇幻想象力的宝可梦世界、小智和皮卡丘的冒险之旅，都贯穿了我们整个的童年生活。“既然你诚心诚意地发问了，我就大发慈悲地告诉你...”连反派都显得如此可爱又迷人的动画片，又有谁会不爱呢？@有料,['童年', '回忆', '动画片', '皮卡丘']
I01154381,复仇者联盟4 终局之战,http://wallpaper.cdn.pandora.xiaomi.com/thumbnail/webp/w1080/MiTv/0fdc7a403dbc6465d2360e61b9172de0da90b1727,CC01000020,影视,初代“复仇者联盟”的六大巨头（钢铁侠、美国队长、雷神、浩克、黑寡妇、鹰眼），将在《复仇者联盟4：终局之战》起到至关重要的作用。@看电影,['背影', '炫酷', '漫威', '超级英雄', '雷神', '复仇者联盟4', '小米精选']
I01045987,黑豹,http://wallpaper.cdn.pandora.xiaomi.com/thumbnail/webp/w1080/MiTv/0475ed58e6c15464705158b3f05b9e4d16b12fc7b,CC01000020,影视,英雄越强大，面临的困难就越多，遭遇的危险也更大。并且对于“黑豹”来说，他必须去面对这些危险。这些磨难，是他必然的选择。@看电影,['黑豹', '漫威', '英雄', '超级英雄']
I01284842,《蜘蛛侠》冲击奥斯卡,http://wallpaper.cdn.pandora.xiaomi.com/thumbnail/webp/w1350/MiTv/079f291f9c71442cb878ae5b252b590d013a5b9ed,CC01000020,影视,漫威总裁将其对标《指环王》，网友表示：不要碰瓷啊！网友则调侃：“漫威这是想文娱两开花”。@好看,['炫酷', '蜘蛛侠']
I01271423,蜘蛛侠蛛丝的冷知识,http://wallpaper.cdn.pandora.xiaomi.com/thumbnail/webp/w1080/MiTv/00019200f9bcc40d785fcc412e898880f682bfb1e,CC01000020,影视,蜘蛛侠每次执行任务都要用很多的一次性蛛网，这会让纽约的上空充满蛛网吗？显然是不会的，因为蜘蛛侠的蛛网会在几个小时内溶解。@图虫创意,['蜘蛛侠', '酷帅', '科幻']
I01078768,蜘蛛侠 蜘蛛宇宙,http://wallpaper.cdn.pandora.xiaomi.com/thumbnail/webp/w1080/MiTv/0335305369f5f4b5e1608870f4dac1c1f34abdea5,CC01000020,影视,在前任蜘蛛侠彼得·帕克死亡后，非裔拉丁混血青少年迈尔斯担任了漫威终极世界的第二任蜘蛛侠。他的能力与初始的蜘蛛侠相似，其来自于一只诺曼·奥斯本试图复制蜘蛛侠超能力而制造的蜘蛛的咬伤。@图虫创意,['蜘蛛侠', '超级英雄', '动画电影']
I01046998,正义联盟,http://wallpaper.cdn.pandora.xiaomi.com/thumbnail/webp/w1080/MiTv/084bb445e1842d13d8abeb000e39e0f0d9f421030,CC01000020,影视,闪电侠原本为警察局鉴证科科学家，在一次实验中被闪电击中而被化学药品所溅到，故而获得了无与伦比的超级速度，已知其速度至少为光速的13万亿倍。被称为正义联盟的良心。@图虫创意,['英雄', '超级英雄', '闪电侠', '正义联盟']
I01252378,《英雄远征》意义非凡,http://wallpaper.cdn.pandora.xiaomi.com/thumbnail/webp/w1350/MiTv/0bd7b48784fad33b826b124e23e0419571f40c229,CC01000020,影视,《英雄远征》的前三分之一与上映前的预告片和前瞻片段所示并无出入，开场以尼克·弗瑞遭遇神秘客，昭告地球继“终局之战”后再一次面临全新的威胁。@视觉中国,['蜘蛛侠', '酷帅', '小米精选']
I01046995,正义联盟,http://wallpaper.cdn.pandora.xiaomi.com/thumbnail/webp/w1080/MiTv/0015494a7fa264baf05b951de49d2d3cd630294d8,CC01000020,影视,在对人性重新燃起的希望所驱使，布鲁斯·韦恩与他最新的盟友戴安娜·普林斯一起，组建了一支超强队伍，蝙蝠侠、神奇女侠、海王、钢骨与闪电侠，他们首度集结，力挽狂澜，拯救地球免遭灭顶之灾。,['蝙蝠侠', '超级英雄', '闪电侠', '神奇女侠', '正义联盟']
I01292370,《水果篮子》最新PV,http://wallpaper.cdn.pandora.xiaomi.com/thumbnail/webp/w1350/MiTv/0f2da6323de274ae394b1ed428ae41c91abfbdc40,CC01000020,影视,草摩家族中有十三个人要承受十二生肖和猫怪的附身，这是草摩家摆脱不掉的诅咒。是接受命运，还是冲破诅咒？围绕着爱与诅咒，一个又一个令人意想不到而又温暖的故事不断发生。@好看,['暖色调', '日漫']
I01046156,美国队长最大的性格特色,http://wallpaper.cdn.pandora.xiaomi.com/thumbnail/webp/w1080/MiTv/0c75ed58e6cc5464c05151b3f03b9e4a16b12fc7b,CC01000020,影视,美国队长第一次出现在杂志封面上是因为暴揍希特勒。珍珠港事件后，爱国与正义是那个年代美国的时代精神，美国队长正好契合了这种精神。所以当年美队漫画的销量，甚至远超《时代》杂志。@图虫创意,['盾牌', '美国队长', '英雄', '超级英雄', '酷帅', '小米精选']
I00001385,超级英雄,http://wallpaper.cdn.pandora.xiaomi.com/thumbnail/webp/w1080/MiTv/0962845474d8977a15a1913751e9963b14b4329aa,CC01000020,影视,“嘿！你不是鹰眼吗，怎么会没看到我呢？因为我快如疾风，势如闪电！”@看电影,['肌肉', '刺激', '活力', '漫威', '火焰', '亚伦·泰勒·约翰逊', '小米精选']
I01046996,正义联盟,http://wallpaper.cdn.pandora.xiaomi.com/thumbnail/webp/w1080/MiTv/0415494a7fa264ba005b9c1de46d2d36d630f94d8,CC01000020,影视,童年时期目睹双亲被罪犯杀害，因而周游世界进行刻苦的训练，之后以蝙蝠侠之名与罪恶斗争。本身没有任何超能力，但精通世界127种格斗术、拥有各种高科技装备以及天才级的智商。被称为正义联盟的大脑。@图虫创意,['英雄', '蝙蝠侠', '超级英雄', '正义联盟']
I01280546,《冰雪奇缘》,http://wallpaper.cdn.pandora.xiaomi.com/thumbnail/webp/w1350/MiTv/087e0347c24a845faae9a2701a22501a244534311,CC01000020,影视,《冰雪奇缘》颠覆了传统电影中塑造女性角色的方式，最吸引人的地方是两姐妹最终冰释前嫌。电影的主旨就是爱的行动可以融化一颗冰冻的心，而这一点就是制作人员追求的出人意料。@图虫创意,['经典', '冰雪奇缘', '动画电影']
I01154383,复仇者联盟4 终局之战,http://wallpaper.cdn.pandora.xiaomi.com/thumbnail/webp/w1080/MiTv/07dc74a03cb96d6505360a61bc172de7d0d4229da,CC01000020,影视,蚁人在《复仇者联盟4：终局之战》中也会发挥很大的作用，在《复联3》的彩蛋中，蚁人进入到量子领域，但却因为灭霸的响指而被困在量子领域，意外成为了生还者。@看电影,['背影', '酷炫', '漫威', '超级英雄', '蚁人', '复仇者联盟4', '小米精选']
I01154382,复仇者联盟4 终局之战,http://wallpaper.cdn.pandora.xiaomi.com/thumbnail/webp/w1080/MiTv/06dc7a403dbc6465d2360a61b9b72debda9071727,CC01000020,影视,根据导演乔·罗素和安东尼·罗素之前透露，如果你之前没怎么看过漫威电影，但又希望赶上《复仇者联盟4：终局之战》的脚步，那么你需要观看《美国队长2》、《美国队长3：内战》以及《复仇者联盟3》。@看电影,['背影', '酷炫', '漫威', '超级英雄', '鹰眼', '弓箭', '复仇者联盟4', '小米精选']
I01049407,传奇钢铁侠,http://wallpaper.cdn.pandora.xiaomi.com/thumbnail/webp/w1080/MiTv/08a3054d88ce74b92388706d856196f9bcf2c27dd,CC01000020,影视,托尼还是一个众所周知的天才，在阿富汗从零开始制造出了弧形反应堆。他的智慧使他获得“当代达芬奇”的称号。@图虫创意,['漫威', '钢铁侠', '黑寡妇']
I01280545,《冰雪奇缘》,http://wallpaper.cdn.pandora.xiaomi.com/thumbnail/webp/w1350/MiTv/0a1109c5186224569ba29aa92cff7e13f11f4b618,CC01000020,影视,从一开始，《冰雪奇缘》团队就知道他们不能只讲述一个古老的童话故事，而必须表达一些新的想法：女孩们不需要白马王子的拯救，他们可以拯救自己。《冰雪奇缘》团队想要颠覆传统的公主故事模式。@图虫创意,['经典', '冰雪奇缘', '动画电影']
I01045989,黑豹,http://wallpaper.cdn.pandora.xiaomi.com/thumbnail/webp/w1080/MiTv/04d685c151e2d0c616cfe13670ad1b96bb24172dc,CC01000020,影视,瓦坎达的科技远远领先于世界，因为瓦坎达拥有“造物之神”的智慧。“黑豹”战衣是瓦坎达科技的最高结晶。做瓦坎达的保护神，是“黑豹”永远的责任。@看电影,['黑豹', '漫威', '英雄', '超级英雄']
I01387512,蜘蛛侠为何不愿公开身份,http://wallpaper.cdn.pandora.xiaomi.com/thumbnail/webp/w1350/MiTv/03aa5145981f74958833ef00de7fd9b218e4f2a70,CC01000020,影视,蜘蛛侠之所以不愿暴露身份，主要就是希望过普通人的生活，以及不想自己的家人受到反派的伤害，毕竟蜘蛛侠的敌人真的不少，而且他的亲人都是普通人。@有料,['炫酷', '漫威', '蜘蛛侠', '超级英雄']
I01292373,《精灵旅社4》新预告,http://wallpaper.cdn.pandora.xiaomi.com/thumbnail/webp/w1350/MiTv/03fa4a53d87994023b112c11433a812b04425d1bc,CC01000020,影视,《精灵旅社4》将于2022年1月14日上线，最新的动画电影将讲述人类和怪物开始互相“转化”之后的爆笑故事，安迪·萨姆伯格、赛琳娜·戈麦斯等都将回归配音。@好看,['动画电影', '精灵旅社']
I01374328,蝙蝠侠的多种打开方式,http://wallpaper.cdn.pandora.xiaomi.com/thumbnail/webp/w1350/MiTv/06b767da83e904829b39e48e04e6b13e88a63016a,CC01000020,影视,很多人甚至很多超级英雄迷都不知道的《乐高蝙蝠侠大电影》这部蝙蝠侠电影，与正式严肃的真人版电影不同，这部电影用戏谑的方式降低了观影门槛，给了蝙蝠侠完全不同的叙事方式和角度，非常新奇。@米拍,['蝙蝠侠', '超级英雄', '热血']
I01353127,蜘蛛侠为何受人追捧,http://wallpaper.cdn.pandora.xiaomi.com/thumbnail/webp/w1350/MiTv/0c28fc7c890c641ab8a902da3fef822386bb3c9b2,CC01000020,影视,《蜘蛛侠》有一句非常标志性的宣传语“你友好的邻居蜘蛛侠”。这句宣传语听起来很接地气、很亲民，这就是蜘蛛侠的魅力所在。他就像我们身边的某位朋友，有着极其普通和平凡的一面。@有料,['奇幻', '励志', '漫威', '蜘蛛侠', '冒险', '成长', '小米精选']
I01046997,正义联盟,http://wallpaper.cdn.pandora.xiaomi.com/thumbnail/webp/w1080/MiTv/0215494a7fa264ba005b931de49d2d35d630e94d8,CC01000020,影视,神奇女侠来自亚马逊的公主，力量可以匹敌超人，同时格斗技巧亦不逊于蝙蝠侠。拥有能令人无法抗拒必须说出心中所想的真言套索以及能反射任何光束子弹的反射手镯。@图虫创意,['英雄', '超级英雄', '神奇女侠']
I01299194,《奔跑吧》收视王牌,http://wallpaper.cdn.pandora.xiaomi.com/thumbnail/webp/w1350/MiTv/0ee3ca52c5cf44a268f9e60a39451938a4947083c,CC01000020,影视,演员白鹿成为《奔跑吧》第十季节目的常驻嘉宾。虽然早在两三年前就已经来过不止一次的跑男节目了，当时在节目里就放得开、豁得出去、没有明星包袱，综艺感十足，所以获得了观众们的一致好评。@有料,['温柔', '清纯', '综艺', '奔跑吧', '白鹿', '中国演员']
I01046999,正义联盟,http://wallpaper.cdn.pandora.xiaomi.com/thumbnail/webp/w1080/MiTv/074bb045ef812413e2abee000099e3f5d44db3018,CC01000020,影视,海王为人类与亚特兰蒂斯人所生的混血儿。亚特兰蒂斯之王，七海霸主，拥有能托起远洋巨轮的怪力以及在水中超人一等的速度。手握象征亚特兰蒂斯王座的三叉戟，能向海洋中所有生物发号施令。@图虫创意,['英雄', '超级英雄', '正义联盟', '海王']
I01355381,变形金刚,http://wallpaper.cdn.pandora.xiaomi.com/thumbnail/webp/w1350/MiTv/05dc6e126c9974fe596d04292154a445a42a729c3,CC01000020,影视,《变形金刚》系列代表了好莱坞电影制作的顶尖水准，作品上映至今，在国内外依然拥有大批忠实粉丝，也使得电影屡获票房佳绩。《变形金刚》系列第一部作品于中国内地斩获票房2.7亿，第二、三部也为上映当年的高票房代表。@有料,['暗色调', '威猛', '科幻', '动作', '变形金刚']
I01047000,正义联盟,http://wallpaper.cdn.pandora.xiaomi.com/thumbnail/webp/w1080/MiTv/084bb445e1842e13d3abea000239e4f0d2f421030,CC01000020,影视,钢骨原本为一橄榄球运动员，其父亲为star实验室的科学家。原著漫画中因末世天启军团袭击实验室而被击成濒死状态，被其父用外星科技融合，因此变成半人半机械的生化电子人。@图虫创意,['英雄', '超级英雄', '正义联盟']
I01169938,超能陆战队,http://wallpaper.cdn.pandora.xiaomi.com/thumbnail/webp/w1080/MiTv/0a3e2555de1d34d3166564d17c1e7af90be41226b,CC01000020,影视,《超能陆战队》讲述了在未来世界，热爱发明的少年小宏在一次意外中失去了唯一的亲人——他的哥哥，在哥哥生前发明的机器人大白的陪伴下，和怀有险恶阴谋的神秘对手展开较量的故事。@图虫创意,['迪士尼', '治愈', '超能陆战队', '温情', '动画电影', '小米精选']
I01369109,儿童节跟着电影寻童趣,http://wallpaper.cdn.pandora.xiaomi.com/thumbnail/webp/w1350/MiTv/07ea2ca6edbcb4f5f9c583b25e36e3c7df2eab6a7,CC01000020,影视,《疯狂动物城》是一部关于不同动物之间合作的电影，在欢乐嬉笑之余，朱迪和狐狸尼克的故事告诉我们，每个人都应该被平等对待，无论他们来自哪里或是什么样的背景。@米拍,['儿童节', '童真', '动画电影']
I01139049,驯龙高手3,http://wallpaper.cdn.pandora.xiaomi.com/thumbnail/webp/w1080/MiTv/0f47a590e81797235a24a778894f3c5f09c41b9be,CC01000020,影视,在《驯龙高手3》中，不被看好的小嗝嗝将承担起部族新任酋长的重任，没牙仔成为了至尊龙王，他们将携手寻找传说中的隐密之境，并抵抗以葛林魔为首的强大反派力量。@视觉中国,['励志', '驯龙高手3']
I01124081,再现“白蛇”前世恋情,http://wallpaper.cdn.pandora.xiaomi.com/thumbnail/webp/w1080/MiTv/08aed53ed31b945435ee37f699540fe01ea42cd1d,CC01000020,影视,导演之一黄家康坦言，他以前在看《白蛇传》时一直在思考“白娘子为何爱得这么深”？这次他引出了二人前世的故事，也算是给自己的一个解答。@图虫创意,['动画', '白蛇']
I01219014,测试你是漫威铁粉吗,http://wallpaper.cdn.pandora.xiaomi.com/thumbnail/webp/w1080/MiTv/083e5579c9b1a6543eb1c4554864690439c41f8c1,CC01000020,影视,在漫威的一个平行宇宙中，钢铁侠和美国队长结婚了。《黑暗王朝：神奇四侠》漫画中，钢铁侠是一名叫娜塔莎·史塔克的女性，为了避免复仇者联盟发生内战，他和美国队长史蒂夫·罗杰斯喜结连理。@有料,['酷炫', '漫威', '美国队长', '英雄', '超级英雄', '酷帅', '复仇者联盟', '复仇者联盟4', '小米精选']
I01039709,雷神3 诸神黄昏,http://wallpaper.cdn.pandora.xiaomi.com/thumbnail/webp/w1080/MiTv/007b8460142110a9163cd6507105697c1eb426be6,CC01000020,影视,调皮弟弟洛基，除了耍帅，还会坑爹、坑哥、坑姐姐。小义面前，金钱至上，但在大义面前，洛基还是会做出正确的选择。@看电影,['漫威', '英雄', '科幻', '雷神']
I01057545,美食大电影,http://wallpaper.cdn.pandora.xiaomi.com/thumbnail/webp/w1080/MiTv/0ac4184b65a4b40081125d59313bcac2ff0fcce39,CC01000020,影视,最新上映的这部国产动画《美食大电影》将故事的视角切入了美食的世界，电影不仅展现了各种中华美食，更是用脑洞与强大的世界观带给人们惊喜。@有料,['食品', '动画', '故事']
I01354006,迪士尼高分神作将出续集,http://wallpaper.cdn.pandora.xiaomi.com/thumbnail/webp/w1350/MiTv/09e42e926a77e41b3b80a4e63d117264f9bb1489d,CC01000020,影视,《疯狂动物城》于2016年上映，故事讲述梦想成为惩恶扬善刑警的兔子朱迪，与不打不相识的狐狸尼克联手，揭露了一个隐藏在疯狂动物城之中的惊天秘密，并成为合格的动物警察的故事。该片曾于去年推出衍生剧集《疯狂动物城+》，如今续集终于千呼万唤始出来。@有料,['奇幻', '疯狂动物城', '迪士尼', '橙色', '冒险', '动画电影']
I01292359,《时光代理人》日文版,http://wallpaper.cdn.pandora.xiaomi.com/thumbnail/webp/w1350/MiTv/0f87e42f071bf470db55206aa36e17ec54ef2865e,CC01000020,影视,国漫输出！近日，奇幻国漫《时光代理人》日文配音版预告公开，将于2022年1月正式上线开播，樱井孝宏饰陆光，丰永利行饰程小时。@好看,['少年']
I01141158,惊奇队长,http://wallpaper.cdn.pandora.xiaomi.com/thumbnail/webp/w1080/MiTv/0e8344cc19fea969b02d06daadb0d716a924056b5,CC01000020,影视,去年《复仇者联盟3》结尾，灰飞烟灭前的局长匆忙掏出星际传呼机求救，画面定格在一个红蓝两色星星的屏幕上，预示着即将出场的惊奇队长。@看电影,['科幻', '惊奇队长']
I01285322,《新蝙蝠侠》热映,http://wallpaper.cdn.pandora.xiaomi.com/thumbnail/webp/w1350/MiTv/0a656b6d5072f4991ae61c927cf594d507f9eb8e7,CC01000020,影视,哥谭侠影划破黑夜 英雄回归重燃热血！年度必看超英口碑动作巨制强势来袭！,['蝙蝠侠', '小米精选']
I01293562,值得一等的恋爱片单,http://wallpaper.cdn.pandora.xiaomi.com/thumbnail/webp/w1350/MiTv/0a9898486582d40519f04d4dc6e51fd7bbdf37738,CC01000020,影视,《护心》是一个经典爱情故事，爱上“棋子”的故事。本来两不相干的人，因为一个人的误入，成为了对方不可缺少的部分。侯明昊与周也的cp适配度很高。服化道看起来也很高级，值得一等啊。@有料,['甜蜜', '对视', '电视剧', '质感', '侯明昊', '周也']
I01270935,被奥斯卡宠爱的动画,http://wallpaper.cdn.pandora.xiaomi.com/thumbnail/webp/w1350/MiTv/04441e1ab5f224db093df839012bc276844b9396d,CC01000020,影视,在电影史上，一个系列电影连续获得奥斯卡的概率很低，但《玩具总动员》做到了。@好看,['冷色调', '奥斯卡']
I01048082,疯狂动物城,http://wallpaper.cdn.pandora.xiaomi.com/thumbnail/webp/w1080/MiTv/0815456a75a365ba025b9f1de19d2034ddf40d4d9,CC01000020,影视,疯狂动物城是一座独一无二的现代动物都市。每种动物在这里都有自己的居所，比如富丽堂皇的撒哈拉广场，或者常年严寒的冰川镇。它就像一座大熔炉，动物们在这里和平共处，无论是大象还是小老鼠，只要你努力，都能在此闯出一番名堂。@图虫创意,['疯狂动物城', '迪士尼']
I01219017,测试你是漫威铁粉吗,http://wallpaper.cdn.pandora.xiaomi.com/thumbnail/webp/w1080/MiTv/02b2d9402fade402901d5d9315a86c8ba4b691c89,CC01000020,影视,斯坦李一人创造了漫威80%的角色，19岁就完成了《美国队长》的创作，还是李小龙的超级影迷，以李小龙为原型创造了“铁拳侠”、“上气”等英雄。@有料,['霸气', '酷炫', '漫威', '美国队长', '英雄', '超级英雄', '酷帅', '复仇者联盟', '复仇者联盟4', '小米精选']
I01169940,超能陆战队,http://wallpaper.cdn.pandora.xiaomi.com/thumbnail/webp/w1080/MiTv/0814059963b3b2b6bbf11eae790650eeff2439daa,CC01000020,影视,《超能陆战队》剧情充满着笑点和泪点。与其说是大白在照料小宏，不如说大白的设计者、小宏的哥哥作为一个看不见的守护者，陪伴着弟弟的成长。@图虫创意,['迪士尼', '治愈', '超能陆战队', '温情', '动画电影', '小米精选']
I01045002,复仇者联盟无限荣光,http://wallpaper.cdn.pandora.xiaomi.com/thumbnail/webp/w1080/MiTv/0375ed48e6cc5464905150b3f00b9e4816b1bfc7b,CC01000020,影视,复仇者联盟的创始成员就是由钢铁侠、雷神、浩克、初代蚁人和黄蜂女五位组成。随后五人马上发现被冷冻的美国队长，并让这位二战传奇英雄成为团队领导者。@图虫创意,['盾牌', '漫威', '美国队长', '超级英雄', '酷帅', '复仇者联盟', '小米精选']
I01354005,迪士尼高分神作将出续集,http://wallpaper.cdn.pandora.xiaomi.com/thumbnail/webp/w1350/MiTv/0644a7edd41bd477a90fbc796e7fc76d3b9a371c1,CC01000020,影视,迪士尼最新财报会议上，CEO鲍勃·艾格宣布三部动画电影《冰雪奇缘》、《疯狂动物城》、《玩具总动员》将拍续集，更多细节暂未公布。《冰雪奇缘》于2013年正式推出，是当年的现象级电影，曾获奥斯卡最佳动画长片，主题曲更是广为传唱。@有料,['奇幻', '冰雪', '优美', '迪士尼', '冰雪奇缘', '冒险', '动画电影']
I01140058,大黄蜂,http://wallpaper.cdn.pandora.xiaomi.com/thumbnail/webp/w1080/MiTv/0e8344cc12fea369b02d0cdaa4b0d916a324056b5,CC01000020,影视,比起《变形金刚》五部曲，电影《大黄蜂》最大的改变是新导演摒弃了狂轰乱炸手法，取而代之引入了更多的感情文戏，而这正是《大黄蜂》获得成功的关键。@图虫创意,['大黄蜂', '科幻', '变形金刚']
I01046243,环太平洋 雷霆再起,http://wallpaper.cdn.pandora.xiaomi.com/thumbnail/webp/w1080/MiTv/0375ed58e6cd546460515cb3f06b9e4316b11fc7b,CC01000020,影视,面对机甲驾驶员的短缺，杰克与奈特这对曾经的机甲驾驶员搭档再次联手，不得不冒险率领从未有过实战经验的机甲学员们奋起抵抗，为守护住人类最后的希望与怪兽展开硬碰硬的激烈一战。@图虫创意,['机器人', '科幻', '环太平洋']
I01296789,杨颖演绎隐秘姐弟恋,http://wallpaper.cdn.pandora.xiaomi.com/thumbnail/webp/w1350/MiTv/07b7f90ebcfb44b38b572b1796681c1c9d49f9dc9,CC01000020,影视,《爱情应该有的样子》最近正在热播，实际相差12岁的杨颖和赖冠霖这对“可乐cp”，在电视剧里谈起了相差7岁的姐弟恋。这部剧改编自韩剧《经常请吃饭的漂亮姐姐》，孙艺珍，丁海寅版本已经获得了成功，对杨颖和赖冠霖而言是一次对经典的挑战。@有料,['迷人', '杨颖', '中国演员']
I01365483,全世界最长情的CP,http://wallpaper.cdn.pandora.xiaomi.com/thumbnail/webp/w1350/MiTv/0c90f436b0b3b4c6698643e72be8a9d0975df42ee,CC01000020,影视,动画片《猫和老鼠》已被改成真人版上映，影片采用“真人+动画”的形式。除了大战不停的猫鼠，其他经典角色也悉数登场——胖揍汤姆的大狗斯派克，伤透汤姆心的白猫图多盖洛，以及布奇为首的流浪猫铁三角……@有料,['车轮', '搞笑', '夸张', '震惊', '猫和老鼠']
I01140063,大黄蜂,http://wallpaper.cdn.pandora.xiaomi.com/thumbnail/webp/w1080/MiTv/08cc2945eddc64acb0038734f6a77394bfe66466e,CC01000020,影视,电影完美处理了人类与变形金刚的关系，让人感觉到了温馨与浪漫。因此可能除了男性观众，《大黄蜂》还会收到许多女性观众的青睐。@图虫创意,['温暖', '大黄蜂', '科幻', '变形金刚']
I01292379,《蝙蝠侠》曝全新预告,http://wallpaper.cdn.pandora.xiaomi.com/thumbnail/webp/w1350/MiTv/0495e085185d04b8d915547b80ee21ef16e1db777,CC01000020,影视,日前，《蝙蝠侠》曝光了一支全新的日版预告。与之前所曝光的物料相比，在该版本预告中，保罗·达诺所扮演的谜语人登场亮相。他有一句台词：“我在这里，将揭开整个城市的面罩”。@好看,['蝙蝠侠', '超级英雄', '青色调', '小米精选']
I01290881,关于《奇异博士》的冷知识,http://wallpaper.cdn.pandora.xiaomi.com/thumbnail/webp/w1350/MiTv/0038f8a86fc634c2abbb0d98edc04a37dfc9d098d,CC01000020,影视,奇异博士诞生于1963年，出自斯坦·李创作的漫画《奇异故事》。只有五页剧情，戏份不重，设定也就是会点黑魔法。据说奇异博士的灵感来源，是好莱坞黄金时期的恐怖片演员文森特·普莱斯。@有料,['高大', '漫威', '英雄', '超级英雄', '酷帅', '奇异博士', '勇猛']
I01103114,西游记之大圣归来,http://wallpaper.cdn.pandora.xiaomi.com/thumbnail/webp/w1080/MiTv/0ccbd5717fa732c3d9d730a847f43e9f75c435440,CC01000020,影视,本片的故事取材源自经典名著，在继承旧的东西的同时，有了自己的改变，我想这也是难能可贵的。影片的主角是中国的第一热门IP，被寄托了许多民族情感。@图虫创意,['酷炫', '英雄', '酷帅', '孙悟空', '黑暗', '西游记之大圣归来', '小米精选']
I01150300,雷霆沙赞！,http://wallpaper.cdn.pandora.xiaomi.com/thumbnail/webp/w1080/MiTv/0fee95cfae0682e472214e5e289a2b74ba4421a97,CC01000020,影视,沙赞，是继超人、蝙蝠侠、神奇女侠、海王、钢骨、闪电侠之后，第7个加入“正义联盟”的超级英雄。@看电影,['雷霆沙赞！']
I01249637,《千与千寻》的现实意义,http://wallpaper.cdn.pandora.xiaomi.com/thumbnail/webp/w1080/MiTv/05b52e5dff34745cb0af5111bdc5f83d5f57e4e87,CC01000020,影视,电影《千与千寻》中白龙其实就像这世上的大多数人。我们为了心中的欲望，都曾经迷茫沉郁，甚至失去自我，但在我们身边有很多深爱着我们和我们深爱着的人，他们从没放弃过我们。在经历了挣扎与苦痛之后，我们依旧会记起最初的模样。@有料,['清新自然', '和谐', '动画', '动画电影', '动画片', '千与千寻']
I01103115,西游记之大圣归来,http://wallpaper.cdn.pandora.xiaomi.com/thumbnail/webp/w1080/MiTv/0db36b5f9e3ef48d321df304d40786206cb6e49b7,CC01000020,影视,大圣归来代表了中国动漫归来的决心。历时八年的默默制作，没有大手笔的宣传，出众的3D效果，紧凑的情节，出色的电影配乐，这使得人们对它的喜爱异常高涨！@图虫创意,['披风', '酷炫', '酷帅', '孙悟空', '黑暗', '人物图', '小米精选']
I01284944,《冰雪奇缘》,http://wallpaper.cdn.pandora.xiaomi.com/thumbnail/webp/w1350/MiTv/0a0e34cb71e6d484b994d14416affdd6c4266eb31,CC01000020,影视,艾莎从此变得自我封闭，并向世人隐藏了拥有魔法的秘密。最终冰雪魔法被美好的亲情所破解，这个故事不着重于公主和王子的爱情，而更注重姐妹之间的亲情，看过的人都会被这种亲情所打动。@图虫创意,['精彩', '经典', '冰雪奇缘', '动画电影']
I01304275,票房过亿的海外动画,http://wallpaper.cdn.pandora.xiaomi.com/thumbnail/webp/w1350/MiTv/0ac49cb8445f940feab75e86d4304e60237b38686,CC01000020,影视,《大侦探皮卡丘》可谓是影史上最为火爆的电影之一了，这部动漫电影在上映11天时间里就取得了4.8亿票房的成绩，上映以来便稳坐单日票房冠军宝座，萌萌的皮卡丘也勾起了无数90后对《神奇宝贝》的青春情怀。@有料,['动画电影', '皮卡丘', '大侦探皮卡丘', '小米精选', '软萌']
I01047991,哆啦A梦的南极大冒险,http://wallpaper.cdn.pandora.xiaomi.com/thumbnail/webp/w1080/MiTv/0115495a7fa464baf05b921de40d2d30d630494d8,CC01000020,影视,《哆啦A梦：大雄的南极冰冰凉大冒险》是《哆啦A梦》系列动画电影的第37部作品。讲述了大雄和小伙伴来到南太平洋的巨大冰山，建造快乐的游乐园，在中途他们发现了被冰封住的金环，之后他们又找到了巨大遗迹，开始了一场友情至上的冒险之旅的故事。@图虫创意,['哆啦A梦', '动画', '机器猫']
I01270942,跟着皮克斯寻找童年,http://wallpaper.cdn.pandora.xiaomi.com/thumbnail/webp/w1350/MiTv/0cca9a1462e894270b586381da5c34c9e70fdeac2,CC01000020,影视,从未接触过人类世界的海怪少年“上岸”之后，会经历怎样的奇妙际遇？咸湿的海风、甜腻的冰淇淋、香气四溢的意大利面，这些“特别的味道”组成了卢卡和阿贝托的夏天。@好看,['童年']
I01048125,哆啦A梦语录,http://wallpaper.cdn.pandora.xiaomi.com/thumbnail/webp/w1080/MiTv/0e15495a7fa364bae05b9d1de4cd2d36d630a94d8,CC01000020,影视,我想一直在你身边，直到你不需要我的时候。——哆啦A梦@图虫创意,['月亮', '屋顶', '哆啦A梦', '小米精选']
I01411799,带你了解《假面骑士》,http://wallpaper.cdn.pandora.xiaomi.com/thumbnail/webp/w1350/MiTv/09b0b2eb5ee8542639b1be1525da7ce12df87f164,CC01000020,影视,《假面骑士》的故事通常围绕着一位普通人经历变身成为超级英雄的冒险展开。主要角色通常会面临各种挑战和敌对势力的对抗，同时也会与其他假面骑士合作，共同保护社会免受邪恶势力的伤害。@有料,['炫酷', '骑士', '经典', '打斗']
I01143138,《愤怒的小鸟2》大电影,http://wallpaper.cdn.pandora.xiaomi.com/thumbnail/webp/w1080/MiTv/0758c451840fbdd658ac57dd68ef51e883840f8a8,CC01000020,影视,2019年正好是游戏《愤怒的小鸟》诞生10周年，对于每一个沉醉于《愤怒的小鸟》游戏的粉丝来说，这部风靡全球的超级IP电影的回归，无疑让人兴奋不已。@图虫创意,['愤怒的小鸟2', '小米精选']
I01290886,强推3部高分治愈电影,http://wallpaper.cdn.pandora.xiaomi.com/thumbnail/webp/w1350/MiTv/01c05b8a0889547a8bc9c5471fb76058221320641,CC01000020,影视,《疯狂动物城》是由迪士尼数千个创意团队成员用三四年时间和心血搭建的一个完整的动物城邦。讲述在一个所有动物和平共处的动物城市，兔子朱迪通过自己努力奋斗完成自己儿时的梦想，成为动物警察的故事。@有料,['疯狂动物城', '治愈', '动画电影']
I01047217,神奇女侠的传奇故事,http://wallpaper.cdn.pandora.xiaomi.com/thumbnail/webp/w1080/MiTv/084bb445ed842813daabe9000a39e1f0d1f421030,CC01000020,影视,戴安娜·普林斯生活在亚马逊天堂岛，岛上只有女性，作为众神之王宙斯与亚马逊女王希波吕忒的女儿，在她的成长过程中，一直受到母亲和姨母安提俄珀的悉心呵护。直到有一天，一架战机坠入天堂岛附近海域，戴安娜的平静生活由此被打破。@图虫创意,['漫威', '英雄', '超级英雄', '神奇女侠', '正义联盟']
I01417895,足够像“我们”的蜘蛛侠,http://wallpaper.cdn.pandora.xiaomi.com/thumbnail/webp/w1350/MiTv/0d47d5e4d299b409ab5957467f2b8502579e83c05,CC01000020,影视,古天乐曾经说，他最喜欢的超级英雄就是蜘蛛侠，因为面罩之下，不过是个面目平凡的雀斑男孩，就像万千个你我他。@有料,['炫酷', '漫威', '蜘蛛侠', '超级英雄']
I01169939,超能陆战队,http://wallpaper.cdn.pandora.xiaomi.com/thumbnail/webp/w1080/MiTv/09140a5962b3b4b623f116ae7d265aeaf93b50e98,CC01000020,影视,大白是由小宏哥哥创造的治疗型机器人。在哥哥意外离世后，大白成为了小宏唯一的伙伴。大白的温柔和关爱弥补了小宏缺失的亲情。@图虫创意,['迪士尼', '治愈', '超能陆战队', '温情', '动画电影']
I01086926,海底总动员2,http://wallpaper.cdn.pandora.xiaomi.com/thumbnail/webp/w1080/MiTv/0e57346e66ef6fda3823a2472608d07e36d42a814,CC01000020,影视,该片故事发生在影片第一部结束后一年，讲述小丑鱼尼莫和父亲马林协助蓝唐王鱼多莉找寻父母的全新历险。@图虫创意,['动画电影', '海底总动员2']
I01419936,奥特曼中最可敬的敌人,http://wallpaper.cdn.pandora.xiaomi.com/thumbnail/webp/w1350/MiTv/082bc86a2beb24106a3c19a0dcc664a9acd1f6934,CC01000020,影视,扎姆夏是《梦比优斯奥特曼》当中登场的宇宙人，在剧中他是一个著名的剑客，拥有着宇宙剑豪的称呼。在地球上，扎姆夏同为守护基地的梦比优斯奥特曼首先展开了对战。最终，扎姆夏在同梦比优斯的战斗中学会了守护的意义，他便决定去寻找守护的东西而离开了地球。@my ideas,['炫酷', '勇敢', '奥特曼']
I01393654,《钢铁侠》的超凡能力,http://wallpaper.cdn.pandora.xiaomi.com/thumbnail/webp/w1350/MiTv/0067575dc379f480ea9824b5cfa078dba464b2c52,CC01000020,影视,钢铁侠的核心能力在于他的智慧和技术创新。他是一位卓越的工程师和发明家，擅长利用高科技材料和先进技术制造各种强大的装备。他的主要武器是各种形态的机械装置，如导弹、激光武器和能量护盾等。他还拥AI系统贾维斯，为他提供实时信息和分析。@今日必看,['橙色调', '漫威', '钢铁侠']
I01408020,一入漫威深似海,http://wallpaper.cdn.pandora.xiaomi.com/thumbnail/webp/w1350/MiTv/0cacb376c46d745a8b40810bee5c05b2b6f6f6478,CC01000020,影视,漫威的宇宙观，没有绝对的正义一说，正反派之间是不同的观念冲突，观众带入自己的情感，去判断亦或围观。它不是简单的“爽”片，除了伪科学的延伸使它“看起来和真的似的”，打杀之余，它所伸出的哲理枝芽，一直在试图碰触到人们心里感性的部分。@有料,['炫酷', '漫威', '钢铁侠', '超级英雄', '小米精选']
I01284943,《冰雪奇缘》,http://wallpaper.cdn.pandora.xiaomi.com/thumbnail/webp/w1350/MiTv/0a8cc1c289fdd464c8d907874639c10a97a58b7ea,CC01000020,影视,电影讲述了艾莎和安娜是阿伦黛尔王国的两位公主。艾莎天生具有制造冰雪的神奇能力，然而随着年龄的增长，她的能力越来越强，甚至险些夺走妹妹的生命。艾莎从此变得自我封闭，并向世人隐藏了拥有魔法的秘密。@图虫创意,['精彩', '经典', '冰雪奇缘', '动画电影']
I01357235,X战警 逆转未来,http://wallpaper.cdn.pandora.xiaomi.com/thumbnail/webp/w1350/MiTv/05fd5205bd39940b5a17bec9d3a220d65f82629ea,CC01000020,影视,《X战警：逆转未来》是一部2014年上映的美国超级英雄电影，影片的剧情主要基于《X战警》漫画中的经典故事情节，同时还融合了许多新元素和想象，成为整个X战警系列中的代表作之一。@有料,['凶猛', '力量', '超级英雄', 'X战警', '金刚狼']
I01048084,疯狂动物城,http://wallpaper.cdn.pandora.xiaomi.com/thumbnail/webp/w1080/MiTv/064bb055ef81241382abeb0000a9e3fbd44df3018,CC01000020,影视,警官兔朱迪在追寻真相的路上，被迫与口若悬河、谎技高超的狐尼克联手。他们发现在这桩案件背后隐藏着一个意欲颠覆动物城的巨大阴谋……@图虫创意,['疯狂动物城', '迪士尼']
I01249640,《变形金刚》系列前史,http://wallpaper.cdn.pandora.xiaomi.com/thumbnail/webp/w1080/MiTv/09abb51bcbd54440df4eb33c2af54ca60bf4104eb,CC01000020,影视,变形金刚本来只是玩具公司的玩具产品。但是为了推广，公司硬是创造出了一个变形金刚的世界。@图虫创意,['酷炫', '机器人', '变形金刚']
I01405124,蜘蛛感应有多重要,http://wallpaper.cdn.pandora.xiaomi.com/thumbnail/webp/w1350/MiTv/093f20077cefa4dc293609399dfc0c4b7f2b78f92,CC01000020,影视,蜘蛛侠永远不需要注意他向哪里发射蜘蛛丝，因为他的蜘蛛感应告诉他最好的发射位置，他也永远不需要行走注意障碍，因为，蜘蛛侠已经习惯了不去注意这些，即使他作为彼得·帕克时也是如此。如果失去了蜘蛛感应，彼得·帕克下次过马路时几乎会被汽车撞倒。@my ideas,['炫酷', '勇敢', '英雄']
I01359128,《哪吒之魔童降世》,http://wallpaper.cdn.pandora.xiaomi.com/thumbnail/webp/w1350/MiTv/0bf05b4a7e72848c89960801b93b4fa40526478f0,CC01000020,影视,哪吒是大家耳熟能详的神话人物，而且哪吒的故事也不由得让天下做父母的深思，教育孩子到底是要用什么的一个方式去教育。@圈子,['勇敢', '动画电影', '神话', '哪吒', '哪吒之魔童降世']
I01143130,动画电影《朝花夕拾》,http://wallpaper.cdn.pandora.xiaomi.com/thumbnail/webp/w1080/MiTv/0758c451840fbcd659ac5edd69ef5ce88a840f8a8,CC01000020,影视,动画电影《朝花夕誓》，由田麿里编剧并执导。韩国富川国际奇幻电影节斩获儿童评委选择奖。此次电影延续了导演一贯的温情治愈路线，清新的画风在炎热的夏日，带给了观众更多的清凉感。@图虫创意,['朝花夕拾']
I01047218,神奇女侠的传奇故事,http://wallpaper.cdn.pandora.xiaomi.com/thumbnail/webp/w1080/MiTv/0015494a7fae64ba805b9a1de45d2d30d630694d8,CC01000020,影视,戴安娜将坠海的飞行员史蒂夫救起，史蒂夫强调自己的目标是结束第一次世界大战，戴安娜决定与史蒂夫一起前往战争前线，第一次亲身体验到了人类战争的威力，并逐渐理解了身为英雄的意义和代价。@图虫创意,['英雄', '超级英雄', '神奇女侠', '正义联盟']
I01381415,漫威辉煌的起点,http://wallpaper.cdn.pandora.xiaomi.com/thumbnail/webp/w1350/MiTv/065449e49597d4fc4b2029c462e4e189c6cd4ba8a,CC01000020,影视,钢铁侠是全世界漫威粉丝公认最受欢迎的一位超级英雄，国外粉丝更是爱他爱的不得了，其中许多经典昂贵的钢铁侠造型大部分都出自于他们之手，他们对于钢铁侠是最纯粹的，喜欢就是喜欢。@图虫创意,['奇幻', '庄严', '钢铁侠', '热血']
I01089547,功夫熊猫3,http://wallpaper.cdn.pandora.xiaomi.com/thumbnail/webp/w1080/MiTv/03835f48aae4146562663ce01bfde168faef89df2,CC01000020,影视,阿宝失散已久的亲生父亲突然现身，重逢的父子二人一起来到了一片不为人知的熊猫乐土。当拥有神秘力量的大反派天煞横扫神州大地，妄图残害所有功夫高手时，阿宝必须迎难而上，把熊猫村民训练成一班所向披靡的功夫熊猫。@图虫创意,['熊猫', '功夫熊猫', '动画']
I01370619,DC新片《闪电侠》定档,http://wallpaper.cdn.pandora.xiaomi.com/thumbnail/webp/w1350/MiTv/0b77d5f02e5cd4525839a55b3146184393ba860ab,CC01000020,影视,在影片中，整个DC宇宙被重启，串联多个世界的大事件“闪点”将来临。同时，闪电侠为了拯救至亲，冲破时空界限，将会与另一宇宙的闪电侠相遇，还会和蝙蝠侠、超女等超级英雄联合作战。@有料,['暗色调', '超级英雄', '闪电侠', '酷帅', '雷电']
I01280542,《超能陆战队》,http://wallpaper.cdn.pandora.xiaomi.com/thumbnail/webp/w1350/MiTv/05cde985a821e43b69211c3fd37a748457307fb11,CC01000020,影视,说到《超能陆战队》，首先想到的就是大白这个非常温暖的形象。其实迪士尼的这个突破也是漫威影业的突破，这位超级英雄不再单打独斗，而是选择组队作战。故事也不再强调个人英雄主义，而是把眼光放在整个团队和每个角色的内心世界。@图虫创意,['温暖', '经典', '超能陆战队', '动画电影', '小米精选']
I01089572,恐龙当家,http://wallpaper.cdn.pandora.xiaomi.com/thumbnail/webp/w1080/MiTv/07835f48aae1146542663de01b1de16efaefa9df2,CC01000020,影视,影片制作周期长达六年，因种种原因推迟到2015年底上映，打破皮克斯每年一部作品的节奏，导致14年皮克斯没有作品面世。@图虫创意,['恐龙', '小孩', '恐龙当家', '小米精选']
I01041893,玩具总动员,http://wallpaper.cdn.pandora.xiaomi.com/thumbnail/webp/w1080/MiTv/00239588fab3f9d457950719c453996072b402c48,CC01000020,影视,《玩具总动员》在2011年时获得第83届奥斯卡金像奖最佳动画长片奖、最佳原创歌曲奖，在《冰雪奇缘》上映之前，《玩具总动员》占据票房最高动画电影多年。@视觉中国,['玩具', '牛仔', '动画', '动画电影', '玩具总动员']
I01326083,漫威C位《钢铁侠》,http://wallpaper.cdn.pandora.xiaomi.com/thumbnail/webp/w1350/MiTv/01ee6da992d384e2c92f3dddda7d3799c1bdc7100,CC01000020,影视,钢铁侠值得被喜爱，是因为他的与众不同，他的神勇，他之所以是超级英雄，之所以能够创建复仇者联盟，从来不是因为他的科技，他的战甲，而仅是因为：他，就是钢铁侠。@有料,['高科技', '钢铁侠', '伟大']
I01387577,无数人的不朽梦境,http://wallpaper.cdn.pandora.xiaomi.com/thumbnail/webp/w1350/MiTv/0c569e24d4fa14c3eae057529de568d42c1305cab,CC01000020,影视,《变形金刚》通过其广泛的影响力和文化传承的意义，成为了娱乐产业中的经典作品。它不仅赢得了大量的粉丝和观众，也对儿童文化、机器人文化和科技发展产生了深远的影响。@图虫创意,['经典', '有趣', '震撼', '变形金刚']
I01287538,《灰姑娘》,http://wallpaper.cdn.pandora.xiaomi.com/thumbnail/webp/w1350/MiTv/083e4f6479ccb4aceba8e681bf5055afedf94e435,CC01000020,影视,母亲去世后，瑞拉的父亲迎娶了美丽的特曼妮夫人，特曼妮夫人还带来了她的两个女儿安泰西亚和崔西里亚。瑞拉本着善待他人的善良之心和继母与两个姐姐和平共处，然而，这一切却在父亲去世后发生了翻天覆地的变化。@图虫创意,['奇幻', '鞋子', '冒险', '水晶', '灰姑娘']
I01387568,变形金刚的终极定义,http://wallpaper.cdn.pandora.xiaomi.com/thumbnail/webp/w1350/MiTv/007b7005d6e5d479587472fc4218a0a71a08e049c,CC01000020,影视,《变形金刚》电影中还会使用各种特殊效果来创造出奇幻和惊人的视觉效果。这些特殊效果包括烟雾、火焰、光线、水和气体等，通过精心的设计和后期制作技术实现，使电影场景更加生动和令人难忘。@图虫创意,['经典', '有趣', '震撼', '变形金刚']
I01143137,《愤怒的小鸟2》大电影,http://wallpaper.cdn.pandora.xiaomi.com/thumbnail/webp/w1080/MiTv/062c274f2041b442d1bd1c1a21aa16dca721021a5,CC01000020,影视,风靡全球的动作冒险动画大电影《愤怒的小鸟2》定档2019年8月暑期档。在这三年前，电影《愤怒的小鸟》在全球收获3.5亿美元票房，一炮而红并且刷新了游戏改编电影在中国的票房纪录。@图虫创意,['愤怒的小鸟2', '小米精选']
I01419954,蜘蛛侠最悲惨的一次,http://wallpaper.cdn.pandora.xiaomi.com/thumbnail/webp/w1350/MiTv/0a845ce02c7a2411da18760463e62204a74ae0ece,CC01000020,影视,在《神奇蜘蛛侠》第121话中，绿魔将格温扔下了大桥，小蜘蛛下意识地射出蛛丝想要接住格温，但当蛛丝终于赶上，并牢牢缠住她的小腿时，一切都晚了。疾速下落的格温在空中骤停，巨大的惯性犹如死神之手，将她的脖子当场扭断。@my ideas,['炫酷', '勇敢', '蜘蛛侠']
I01300645,一刷再刷的经典奥斯卡,http://wallpaper.cdn.pandora.xiaomi.com/thumbnail/webp/w1350/MiTv/0c16aa73b627249d28f141c64e76009a48bd135ac,CC01000020,影视,《寻梦环游记》是第90届奥斯卡最佳动画长片，它以回忆与遗忘的情感核心，讲述了一个关于亲情、死亡和爱的故事。这部电影告诉我们：死亡最可怕的不是生命的终结，而是被所爱之人遗忘。即使没有人能够战胜死亡，但爱会让生命成为永恒。@有料,['奇幻', '奥斯卡', '励志', '治愈', '经典', '动画电影', '寻梦环游记']
I01083308,蓝精灵：寻找神秘村,http://wallpaper.cdn.pandora.xiaomi.com/thumbnail/webp/w1080/MiTv/01f684c42ced73ba3bd73345b62c370fd49437c5a,CC01000020,影视,《蓝精灵：寻找神秘村》根据比利时漫画家贝约夫妇共同创作同名漫画改编，该片讲述了可爱的蓝精灵们不小心冲进了一个令他们相当陌生的乡村世界，这里的植物虽然可爱，但也会给他们带来意想不到的危险。@图虫创意,['蓝精灵', '动画电影', '蓝精灵：寻找神秘村', '小米精选']
I01371314,影评《飞机总动员》系列,http://wallpaper.cdn.pandora.xiaomi.com/thumbnail/webp/w1350/MiTv/03e715413026e4c8cb2c95c68dc538f07813c40bd,CC01000020,影视,《飞机总动员》讲述一架名叫“Dusty”的小飞机，一直梦想着能参与全世界最大规模的飞行比赛，但他有着一项致命的缺点——恐高，最终在伙伴们的帮助下，Dusty接受了人生中最大的挑战，勇敢地战胜了困难。@品鉴图库,['动画电影']
I01376787,蜘蛛侠的魅力所在,http://wallpaper.cdn.pandora.xiaomi.com/thumbnail/webp/w1350/MiTv/077ff1dffe6f049858c62c5679094ffd474255714,CC01000020,影视,蜘蛛侠告诉了我们一个道理，英雄可以是任何人，英雄不一定就要像复仇者一样去做轰轰烈烈的大事，生活中非常细微的小事情，也能够塑造出一位成功的英雄，承担起自己的责任。@有料,['魅力', '炫酷', '勇敢', '蜘蛛侠', '超级英雄']
I01041894,玩具总动员,http://wallpaper.cdn.pandora.xiaomi.com/thumbnail/webp/w1080/MiTv/00239588fab3fad45f950c19c3539e6072b402c48,CC01000020,影视,《玩具总动员4》是玩具总动员的动画系列电影第四部，于2014年筹备开拍，故事讲集中在伍迪与牧羊女中间的爱情上面，是一部爱情喜剧。@视觉中国,['动画', '动画电影', '巴斯光年']
I01048127,哆啦A梦语录,http://wallpaper.cdn.pandora.xiaomi.com/thumbnail/webp/w1080/MiTv/0d15495a7fa364bae05b961de4cd2d31d630794d8,CC01000020,影视,梦想是一个天真的词，实现梦想是一个残酷的词。——哆啦A梦@图虫创意,['哆啦A梦']
I01083309,蓝精灵：寻找神秘村,http://wallpaper.cdn.pandora.xiaomi.com/thumbnail/webp/w1080/MiTv/027fc58e38b96c86268176a1d4cb68c8b09403d63,CC01000020,影视,该片在还原蓝精灵角色形象的基础上，引入美丽奇幻的神秘禁林和全新的女性蓝精灵角色，为动画注入新的生命力，是一部欢萌阳光与妙趣幽默兼备的动画影片。@图虫创意,['奇幻', '蓝精灵', '动画电影', '蓝精灵：寻找神秘村', '小米精选']
I01047992,哆啦A梦的南极大冒险,http://wallpaper.cdn.pandora.xiaomi.com/thumbnail/webp/w1080/MiTv/0815456a74a360ba095b931de29d2e34d7f40d4d9,CC01000020,影视,影片中，大雄发现了一个被冰封住的金手环，他们为了寻找主人，用哆啦A梦的时光腰带回到了10万年前，在那里遇到了为了拯救自己被冰冻的星球，而在宇宙间穿梭以寻找手环之谜的少女咔拉与希亚克伊博士。@图虫创意,['哆啦A梦', '动画', '机器猫']
I01089488,海底总动员2,http://wallpaper.cdn.pandora.xiaomi.com/thumbnail/webp/w1080/MiTv/0222e57aba10227e6bad28b202412260ddf42f346,CC01000020,影视,导演安德鲁·斯坦顿最初无法说服自己让多莉成为续集的主角，因此主创们花了很长时间来为她设置了很多自我反省的戏份，编剧则费了一番功夫来展示她的智慧，让她不至于显得太傻。@图虫创意,['动画', '海底总动员2']
I01417554,《海绵宝宝》里的死党CP,http://wallpaper.cdn.pandora.xiaomi.com/thumbnail/webp/w1350/MiTv/069dd571112364849b100ad00d6dfb4d0bacbd6dd,CC01000020,影视,海绵宝宝，这个黄色的小海绵，自1999年在尼克电视台首播以来，就成为了全世界儿童的喜爱对象。在动画中，除了海绵宝宝本身的魅力外，死党组合的设定也是吸引观众的一大亮点。他们之间的友情故事，总是让人捧腹大笑，同时也传递出深深的友谊之情。@锐景,['魅力', '海绵宝宝', '派大星']
I01378334,奥特曼系列的巅峰之作,http://wallpaper.cdn.pandora.xiaomi.com/thumbnail/webp/w1350/MiTv/08ac0a86abe5d4eb5aaaf6a4528131dc8a4ba656b,CC01000020,影视,《赛罗奥特曼英雄传》这部作品汇集了赛罗奥特曼的重要战斗和成长历程，展现了赛罗奥特曼与宿敌贝利亚奥特曼的战斗故事，他与小伙伴们一起成功拯救了光之国，共同组建了终极赛罗警备队。@米拍,['经典', '电视剧', '热血']
I01361906,《飞屋环游记》治愈语录,http://wallpaper.cdn.pandora.xiaomi.com/thumbnail/webp/w1350/MiTv/0968524dab7b74b91a940cea75c33bc447e914c1e,CC01000020,影视,“如果说去旅行去冒险是为了遇见不曾见过的美妙景色，经历不曾想过的充实人生，那么与你的相遇相守就是我能想到的最美丽的冒险。”@品鉴图库,['动画电影', '飞屋环游记']
I01050190,哆啦A梦：大雄的金银岛,http://wallpaper.cdn.pandora.xiaomi.com/thumbnail/webp/w1080/MiTv/0118355247548ca485bd3804c76a5372d674215ef,CC01000020,影视,大雄和胖虎、小夫吹牛说要发现“金银岛”，于是几人又在哆啦A梦道具的帮助下，开始了一场新的寻宝之旅。而我们也迎来一场找寻遗忘在角落里，哆啦A梦的回忆旅行。@看电影,['哆啦A梦', '动画', '航海']
I01067997,阿尔法：狼伴归途,http://wallpaper.cdn.pandora.xiaomi.com/thumbnail/webp/w1080/MiTv/00ec149abaa13ac273059501d9f47cbc1f7400434,CC01000020,影视,《阿尔法：狼伴归途》颇具童话风格的画面，将主角与狼的故事映衬得十分梦幻，隐约间这段故事似乎打破了时代背景，仿佛就发生在观众身边。@看电影,['日落', '野狼', '阿尔法：狼伴归途', '小米精选']
I01221578,这些影片你看过几部,http://wallpaper.cdn.pandora.xiaomi.com/thumbnail/webp/w1080/MiTv/08aa44e35d706d05a4976118625fcd4e5dc43fa9a,CC01000020,影视,《黑豹》根据漫威漫画改编，故事的背景承接于《美国队长3：内战》，讲述了黑豹回到瓦坎达担任国王，然而当过去的敌人再次出现，他被卷入一次正邪大战当中的故事。漫威拍出了强烈的现实对比，一部看着非常燃的电影，在当下社会现实面前，有它独特的意义。@有料,['黑豹', '漫威', '现实主义', '震撼']
I01418617,灰太狼为何打不过喜羊羊,http://wallpaper.cdn.pandora.xiaomi.com/thumbnail/webp/w1350/MiTv/0e9352fab813d4da29b7887295fde0cbb5c2a41bb,CC01000020,影视,虽说灰太狼是一个无所不能的智将，但是我们也不能忘记他的对手喜羊羊也是个智多星。跟灰太狼的核心科技脑不同，喜羊羊经常是急中生智耍阴招，喜羊羊的小聪明经常让灰太狼的各种科技发明前功尽弃。@有料,['治愈', '勇敢']
I01285325,《新蝙蝠侠》热映,http://wallpaper.cdn.pandora.xiaomi.com/thumbnail/webp/w1350/MiTv/04fbf9b9aa3e14b1b865b70f11582e0d1d38737d3,CC01000020,影视,前所未见的侠探蝙蝠侠，真实又黑暗的哥谭反派. 年度必看超英口碑动作巨制强势来袭！,['蝙蝠侠', '小米精选']
I01046061,功夫熊猫,http://wallpaper.cdn.pandora.xiaomi.com/thumbnail/webp/w1080/MiTv/0b75e568eecb56641c5152b3f1fb904c1664070ed,CC01000020,影视,昨天是历史，明天是谜团，只有今天是天赐的礼物。——《功夫熊猫》@图虫创意,['功夫熊猫']
I01089490,海底总动员2,http://wallpaper.cdn.pandora.xiaomi.com/thumbnail/webp/w1080/MiTv/0d3a8584328c87509cea4542f3d19ac5a5a42995e,CC01000020,影视,该片除了章鱼汉克，这片子里几乎所有角色都在以一种“村口老王家傻儿子二狗子”的方式在耍宝。无论是赖在石头上晒太阳的海狮哥俩、拦路拥抱的海狗，还是视力不佳的鲨鱼，大脑袋白鲸，都给人一种智商不高但憨态可掬的蠢萌感。@图虫创意,['动画电影', '海狗']
I01089491,海底总动员2,http://wallpaper.cdn.pandora.xiaomi.com/thumbnail/webp/w1080/MiTv/0222e57abb102e7e66ad26b200412660dff42f346,CC01000020,影视,《海底总动员2》用充满喜剧色彩的故事和桥段，将最本真的情感和人生经验润物无声地渲染开来，无论什么年龄层的观众，都能找到引发共鸣、触碰心弦的元素。影片配乐和IMAX影院音效，给观众身临其境之感。@图虫创意,['鲸鱼', '动画电影', '海底总动员2']
I01296794,白鹿惊喜演绎正剧角色,http://wallpaper.cdn.pandora.xiaomi.com/thumbnail/webp/w1350/MiTv/06237a298e6244d209cea422bdaad2f59da05f17f,CC01000020,影视,不同于以往荧屏中的警察形象，《警察荣誉》聚焦生活故事，看完剧本后白鹿很担心无法演绎好，但因为导演和一众老戏骨的坐镇，为白鹿带来了一些表演上的安全感。@视觉中国,['优美', '清新自然', '白鹿', '人物图', '写真']
I01046063,功夫熊猫,http://wallpaper.cdn.pandora.xiaomi.com/thumbnail/webp/w1080/MiTv/0775ed58e6ce546470515fb3f03b9e4016b1cfc7b,CC01000020,影视,你人生故事的开头也许充满坎坷，不过这并不影响你成为什么样的人。关键看你后来的人生路，你自己选择怎么走下去。——《功夫熊猫》@图虫创意,['功夫熊猫']
I01143131,动画电影《朝花夕拾》,http://wallpaper.cdn.pandora.xiaomi.com/thumbnail/webp/w1080/MiTv/052c247f2142bc421dbd1b1a2d2a13d1a8041a167,CC01000020,影视,电影讲述了拥有数百年寿命的“离别一族”的少女玛奇亚在族群被人类灭族后，遇到了刚刚失去双亲的孤儿艾瑞尔。逐渐成长为少年的艾瑞尔和即使时间流逝也仍然保持少女样貌的玛奇亚，在同样的季节中，度过着不同的时间。两个孤独灵魂的相遇，编织出无可替代的关于时间的故事。@图虫创意,['朝花夕拾']
I01365516,《漫长的季节》回味无穷,http://wallpaper.cdn.pandora.xiaomi.com/thumbnail/webp/w1350/MiTv/030e1fd04b97b486a8f8d210dfbe7e45aae82a37b,CC01000020,影视,《漫长的季节》就是告诉我们，向前看，不要回头看。人生十有八九不如意的事，能说几句真话的只有两三个人。@视觉中国,['人物图']
I01353129,蜘蛛侠为何受人追捧,http://wallpaper.cdn.pandora.xiaomi.com/thumbnail/webp/w1350/MiTv/0e3ab644630784a568e9acbd73d2dc6f0f5006f65,CC01000020,影视,如果简单地去看蜘蛛侠，我们可能会因为他的平凡而爱上他。他就是个会为琐事担心的15岁高中生而已，仿佛穿上校服，就是你我的同班同学。他有脑洞、有胆识，是一个长不大的小孩儿，而不是一个远在天边的超级英雄。@有料,['奇幻', '励志', '漫威', '蜘蛛侠', '冒险', '小米精选']
I01348839,《狂飙》为何能狂飙？,http://wallpaper.cdn.pandora.xiaomi.com/thumbnail/webp/w1350/MiTv/0668c61e69041491a95faf271647357f4daa93240,CC01000020,影视,《狂飙》打破了九年来，剧集电视剧的热度天花板，这一部没有流量明星，全靠走心的制作成功出圈的大剧，一如自己的名字一样，一路“狂飙”。@视觉中国,['电视剧', '李一桐', '女明星', '写真']
I01352203,天空之城定档儿童节,http://wallpaper.cdn.pandora.xiaomi.com/thumbnail/webp/w1350/MiTv/0070e7e493254456a8a6f4065fa5dc78df251d1ff,CC01000020,影视,《天空之城》讲述的是一座漂浮在空中的巨大机器岛，蕴藏着巨大财富的故事。该片在日本本土首映于1986年，后曾于1992年5月1日在中国内地上映。@有料,['奇幻', '冒险', '动画电影', '天空之城']
I01371336,爆笑不止的猪鸟组合,http://wallpaper.cdn.pandora.xiaomi.com/thumbnail/webp/w1350/MiTv/08bd0f00134574df189761da4e960e0002c9b82ce,CC01000020,影视,《愤怒的小鸟2》可以说是给出了一个特别而又有趣的思路。让猪鸟化敌为友，在彼此埋汰的过程中再制造新的矛盾和趣味性，不仅能让年轻观众非常享受，成年人也并不会觉得跟不上节奏。@有料,['优美', '搞笑', '小猪']
I01143139,《愤怒的小鸟2》大电影,http://wallpaper.cdn.pandora.xiaomi.com/thumbnail/webp/w1080/MiTv/0e58c8418804b4d6c0ac53dd68df5ae085f5fe8f7,CC01000020,影视,作为《愤怒的小鸟》的续集，第二部动画电影的配音阵容再次升级。曾经为《冰雪奇缘》、《冰河世纪4》献声的乔什·盖德，为《香肠派对》、《功夫熊猫2》配音的丹尼·麦克布耐德，以及著名喜剧演员杰森·苏戴奇斯悉数回归继续为影片倾情献声。@图虫创意,['愤怒的小鸟2', '小米精选']
I01143140,《愤怒的小鸟2》大电影,http://wallpaper.cdn.pandora.xiaomi.com/thumbnail/webp/w1080/MiTv/0758c8418804b4d6e0ac5fdd68ef5aeb85f58e8f7,CC01000020,影视,胖红，炸弹黑、飞镖黄……这些经典的角色回归，观众们都十分兴奋！在第一波释出的海报中，一部的反派捣蛋猪似乎也与萌鸟团一起遭遇了被冰封的命运，“冰块”与“寒冷”无疑也暗示了新一部电影中，主角们将踏上全新的历险。@图虫创意,['愤怒的小鸟2', '小米精选']
I01150301,雷霆沙赞！,http://wallpaper.cdn.pandora.xiaomi.com/thumbnail/webp/w1080/MiTv/0c7fc5cca598b0e6c766dfc1fd6315bf4c241c73a,CC01000020,影视,沙赞只是个称呼，《雷霆沙赞！》的男主角是个熊孩子，叫比利·巴特森。他在孤儿院长大，淘气包一个，据说他已经从6个寄宿家庭逃走过。@看电影,['雷霆沙赞！']
I01387594,不灭的经典,http://wallpaper.cdn.pandora.xiaomi.com/thumbnail/webp/w1350/MiTv/06af0774ca2d5412bbd68530a6fce468f98c5761f,CC01000020,影视,迈克尔·贝执导的《变形金刚》，是非常成功的电影。这部影片里的打斗场景很有冲击力。无论是赛博坦人的战争，还是人与机械的厮杀，都给人一种极其震撼的感觉。@图虫创意,['经典', '有趣', '震撼', '变形金刚', '小米精选']
I01381160,和“蓝胖子”一起冒险,http://wallpaper.cdn.pandora.xiaomi.com/thumbnail/webp/w1350/MiTv/04479968dda244547b61efd069c0740f083681a50,CC01000020,影视,蓝胖子是谁？你肯定知道吧！那个有着圆圆脑袋的蓝色机器猫——哆啦A梦。作为日本最出名的动画之一，《哆啦A梦》已经拥有几十年的历史了，同时也在全球累计了无数的忠实粉丝，我们小时候肯定都看过《哆啦A梦》的动画或者电影。@锐景,['惬意', '动画', '机器猫']
I01355610,超英电影重返内地银幕,http://wallpaper.cdn.pandora.xiaomi.com/thumbnail/webp/w1350/MiTv/0e00039dd145e460cb3def823f79cb48469c0f5b1,CC01000020,影视,《雷霆沙赞！众神之怒》定档3月17日。这部DC新片，同样也是《雷霆沙赞》的续集，同样也实现了与北美同步上映。沙赞作为DC宇宙中存在感相对较低的英雄，上映后的票房让人忧心。@米拍,['漫威', '超级英雄', '电影院', '雷霆沙赞！']
I01046066,功夫熊猫,http://wallpaper.cdn.pandora.xiaomi.com/thumbnail/webp/w1080/MiTv/0275ed58e6ce5464705158b3f08b9e4816b13fc7b,CC01000020,影视,过去的事情就让它过去咯，因为其实都无关紧要了。重要的是，现在要做出什么样的选择。——《功夫熊猫》@图虫创意,['功夫熊猫']
I01286882,《海洋之歌》,http://wallpaper.cdn.pandora.xiaomi.com/thumbnail/webp/w1350/MiTv/0139730c0d1ca4d7a8397b2f9cb60870ae53adb62,CC01000020,影视,《海洋之歌》讲述了一个有着海豹的外表但却可以幻化成人形的女孩西尔莎想要重新回到大海里的故事，在这之中她和哥哥历经千险，最终还是决定留下来，与家人生活在一起。@图虫创意,['奇幻', '经典', '冒险', '动画电影', '海豹']
I01089574,恐龙当家,http://wallpaper.cdn.pandora.xiaomi.com/thumbnail/webp/w1080/MiTv/0d64795f4e31e4d9d06621a15cc775d9f983db99a,CC01000020,影视,《恐龙当家》拥有原创性的概念设定，让人放松的情感核心，而且具有有史以来最佳的动画效果。@图虫创意,['恐龙', '小孩', '动画电影', '恐龙当家', '小米精选']
I01044319,电影世界的真实案件,http://wallpaper.cdn.pandora.xiaomi.com/thumbnail/webp/w1080/MiTv/08c9e522179af17f59d5d10d9b129efe72f427042,CC01000020,影视,《恐袭波士顿》聚焦于2013年发生的波士顿马拉松爆炸事件，真实还原了在波士顿恐袭发生后，FBI、当地警方在102小时内全力缉捕真凶，阻止了犯罪分子下一步攻击行动的英勇事迹。 @图虫创意,['正义', '恐袭波士顿']
I01287745,《小鹿斑比》,http://wallpaper.cdn.pandora.xiaomi.com/thumbnail/webp/w1350/MiTv/007b66258e5254830a1845a04b1ea56dd82b5ea9b,CC01000020,影视,转眼间，斑比长大了。秋天来临，森林燃起了大火，在父亲的鼓励下，斑比勇敢地跃入了瀑布。斑比克服困难茁壮成长，最终他成了鹿群的新领袖。@图虫创意,['经典', '温情', '动画电影']
I01089575,恐龙当家,http://wallpaper.cdn.pandora.xiaomi.com/thumbnail/webp/w1080/MiTv/0f64795f4e31e4d900662fa15c0775d9f9838b99a,CC01000020,影视,影片的最终成片显得和蔼亲切、优美而又具有魅力，尽管影片讲的故事显得老套。@图虫创意,['奇幻', '恐龙', '小孩', '动画电影', '恐龙当家', '小米精选']
I01050192,哆啦A梦：大雄的金银岛,http://wallpaper.cdn.pandora.xiaomi.com/thumbnail/webp/w1080/MiTv/0fa3055d88c474b923887a6d852196f0bcf2127dd,CC01000020,影视,大雄很笨、很懒、还爱哭爱吹牛，他总是哭着去找哆啦A梦。但大雄却是如此令人羡慕，羡慕他有能帮他解决一切的哆啦A梦，羡慕他可以慢慢长大，最好的朋友、喜欢的女孩都在身边。@看电影,['哆啦A梦', '大雄', '动画', '水手']
I01274750,《驯龙高手》,http://wallpaper.cdn.pandora.xiaomi.com/thumbnail/webp/w1350/MiTv/09580b09ec959462cbe6eabdc5ce2dbbd6333244f,CC01000020,影视,瘦弱的男主与失去尾翼的小龙无牙，两人由之前的警惕，不信任，互相提防，到之后的互相信任，互帮互助，最终结下了深厚的羁绊。一人一兽虽都有自己所苦恼的地方，但是，最后这两人却结下了身后的羁绊。@图虫创意,['动画电影', '驯龙高手']
I01040136,温暖的白胖子,http://wallpaper.cdn.pandora.xiaomi.com/thumbnail/webp/w1080/MiTv/037b86401b2c14a9723cd1507bd56e7f161140c60,CC01000020,影视,影片男主人公小宏对大白进行了改造，经过火箭拳套、超强力量等一系列精巧改造后，大白成为了"超能陆战队"的一员大将。@视觉中国,['超能陆战队', '大白']
I01416182,加菲猫的人生哲学,http://wallpaper.cdn.pandora.xiaomi.com/thumbnail/webp/w1350/MiTv/0b5de737d7edd45b4beefc554f41ff46a215200d0,CC01000020,影视,“有时候，你需要放下骄傲，承认自己错了。”这句话告诉我们，承认错误并不是一件丢人的事情，反而是一种勇气和成熟的表现。我们都是不完美的人，犯错误是人之常情，关键是要有勇气去面对和改正。@my ideas,['幽默', '快乐', '加菲猫']
I01318397,冰川时代,http://wallpaper.cdn.pandora.xiaomi.com/thumbnail/webp/w1350/MiTv/090e6131adb7a4d2db93bace9c7fde841b3351f9b,CC01000020,影视,《冰川时代》是由美国蓝天工作室制作，二十世纪福克斯公司发行的系列动画电影，从2002年发行第一部至今，已经成功创作并上映了五部电影。@有料,['温暖', '治愈', '温情', '冰川时代', '动画电影', '小米精选']
I01280543,《超能陆战队》,http://wallpaper.cdn.pandora.xiaomi.com/thumbnail/webp/w1350/MiTv/0f896934f43cf4c93a20454ee1eba5636352d4e55,CC01000020,影视,《超能陆战队》是迪士尼和漫威影业联合制作的第一部动画电影，这也是迪士尼第一次尝试在动画领域成为超级英雄。@图虫创意,['温暖', '经典', '超能陆战队', '动画电影', '小米精选']
I01153227,最伟大的科幻电影评选,http://wallpaper.cdn.pandora.xiaomi.com/thumbnail/webp/w1080/MiTv/02f1e64b10c0640402f495f8d45fa5d239d2d25f0,CC01000020,影视,例如电影《星际穿越》里的那个黑洞，就是由超级计算机模拟了一年多得出的结果。这种对科学的严谨，完爆了其它所有电影，这才是科幻电影的榜样。@图虫创意,['科幻', '动作', '星际穿越']
I01358568,《千与千寻》真的很治愈,http://wallpaper.cdn.pandora.xiaomi.com/thumbnail/webp/w1350/MiTv/0821e44db04504ea5ac67e34ec314854876dd48ab,CC01000020,影视,宫崎骏的动漫电影都是很经典的，而且其中的内容更是会让我们深思，不仅是在画面上还是在故事的完整性上，《千与千寻》都是一部不错的动画电影。@圈子,['优美', '治愈', '动画电影', '宫崎骏', '成长']
I01274747,《机器人总动员》,http://wallpaper.cdn.pandora.xiaomi.com/thumbnail/webp/w1350/MiTv/0390dfdfc60694ea8b8b5edf22fd74768e2b4a0e3,CC01000020,影视,给瓦力配音的是BenBurtt，他是两座奥斯卡得主，也是这部电影的声效、配音和录制设计师。另外，不只是瓦力，其他很多机器人的配音也都是他，包括小MO。@图虫创意,['动画电影', '机器人总动员', '小米精选']
I01359145,环太平洋,http://wallpaper.cdn.pandora.xiaomi.com/thumbnail/webp/w1350/MiTv/010168900a6cb4e58a8a5b0697da35e8fb6cb42c2,CC01000020,影视,《环太平洋》凭借着过硬的质素和口碑，排片率和上座率的坚挺程度远远超出了预期，片中对于机甲、怪兽、科幻、动作、冒险、灾难等诸多元素，以及3D元素的极致运用，也引爆了观影人群肾上腺素飙升，更被影迷奉为“2013年必看影片No.1”。@有料,['暗色调', '机械', '机器人', '冒险', '科幻', '动作', '环太平洋']
I01369265,刺猬索尼克,http://wallpaper.cdn.pandora.xiaomi.com/thumbnail/webp/w1350/MiTv/0274331f9c4344773bd168476b246722759c4b280,CC01000020,影视,《刺猬索尼克》是一部改编自全球知名游戏的好莱坞真人动画电影，讲述了拥有超音速能力的刺猬索尼克孤身前往地球冒险的故事。@有料,['酷帅', '动画电影', '游戏', '刺猬']
I01274748,《机器人总动员》,http://wallpaper.cdn.pandora.xiaomi.com/thumbnail/webp/w1350/MiTv/0142b98f55a534f29899f27a8a995e23b7f171da4,CC01000020,影视,你知道吗？当瓦力冲破层层人造卫星飞出地球时，从他身上最后一个飘走的碎片便是苏联人造卫星1号，这是历史上第一个被放到大气层外的人造物品。@图虫创意,['动画电影', '机器人总动员', '小米精选']
I01418662,看《佩奇》 品童趣,http://wallpaper.cdn.pandora.xiaomi.com/thumbnail/webp/w1350/MiTv/0c4714208a0b54978973b22cefe141fbaf18b7d98,CC01000020,影视,在《小猪佩奇》的世界里，我们看到了佩奇和乔治在家中嬉戏玩耍，猪妈妈和猪爸爸为孩子们准备各种活动和惊喜。这些情节让我们感受到家庭的幸福和快乐。而当佩奇和她的朋友们一起经历各种冒险和挑战时，我们更看到了友情的力量和互助的重要性。@锐景,['魅力', '惬意', '小猪佩奇']
I01418108,蜘蛛侠战力如何,http://wallpaper.cdn.pandora.xiaomi.com/thumbnail/webp/w1350/MiTv/04e2626f7404f4f3bb826e005c6441cddd4050559,CC01000020,影视,蜘蛛侠战力可以审视他的能力，首先是超级力量，蜘蛛侠的力量在3810斤-25吨之间，在电影里他能单手接住冬兵的铁拳。其次是蜘蛛感应，蜘蛛侠拥有虫类的超级感应在危险时刻可以先一步预判，综上而言蜘蛛侠的战力不容小觑。@my ideas,['勇敢', '英雄', '蜘蛛侠']
I01270921,《天书奇谭》经典回归,http://wallpaper.cdn.pandora.xiaomi.com/thumbnail/webp/w1350/MiTv/0a1867d275b2f4e89bac70d841a8b7d9141447fab,CC01000020,影视,《天书奇谭》这部动画片还对中国传统文化中的艺术元素进行了借鉴和运用。水墨绘画风景配合细致到位的江南建筑风格，亭台楼榭无一不雅致精美。同时大量展示了民俗意象，是一部有着独特画风和精彩故事的中国动画。@锐景/上海美术电影制片厂,['奇幻', '经典', '水墨画', '动画电影']
I01356716,黑豹,http://wallpaper.cdn.pandora.xiaomi.com/thumbnail/webp/w1350/MiTv/0f14902fcbb6347a1b252bd7d272647c6a8013473,CC01000020,影视,《黑豹》给观众带来了与众不同的感觉，它是漫威首次真正涉及历史文化、身份认同和音乐表现力的影片。影片不只是抽象地表现超能力和征服反派的故事，而是将这些主题嫁接到具象化的人物上。@有料,['暗色调', '黑豹', '漫威', '科幻', '动作']
I01353991,冰川时代4,http://wallpaper.cdn.pandora.xiaomi.com/thumbnail/webp/w1350/MiTv/0cb4e91a40fe740dbb4c157ad0551c85636700b5e,CC01000020,影视,《冰川时代4》于2012年上映，该片讲述地球因为冰山上的一颗松果引发的蝴蝶效应，而分裂成了七大洲四大洋，史前动物曼尼、希德和迭戈只好重新踏上全新的大冒险之旅。它们途中遇上希德的怪姥姥和一群疯狂的海盗，为它们的冒险之旅增添不少的麻烦。@有料,['奇幻', '冒险', '冰川时代']
I01365482,全世界最长情的CP,http://wallpaper.cdn.pandora.xiaomi.com/thumbnail/webp/w1350/MiTv/08d02bc9e364a4f678e2f80fadd5b5e61fa3e3f5c,CC01000020,影视,没有杰瑞，汤姆会失去生存的意义；没有汤姆，杰瑞会失去生活的乐趣。看来这对老冤家，注定解不了绑。那就希望它们一直跑下去，如同我们的童年永不完结。@有料,['优美', '友谊', '治愈', '搞笑', '夸张', '猫和老鼠']
I01045695,机械战警,http://wallpaper.cdn.pandora.xiaomi.com/thumbnail/webp/w1080/MiTv/04d685c152e2d3c61bcfef367cad1196b424172dc,CC01000020,影视,机械战警的故事设定在2028年的底特律，男主角亚历克斯·墨菲是一名正直的警察，被坏人安装在车上的炸弹炸成重伤，为了救他，OmniCorp公司将他改造成了生化机器人“机器战警”。@图虫创意,['摩托车', '超级英雄', '机械战警', '警察']
I01290109,谁是你的青春记忆,http://wallpaper.cdn.pandora.xiaomi.com/thumbnail/webp/w1350/MiTv/094229d6477d14f4f8842732e25ff09bbfca2e381,78753f1a-39a4-11e5-83cb-70e52b253bb7,女星,张天爱在七年前参演古装穿越网络剧《太子妃升职记》，凭借美艳性感的气质，演活了男儿心女儿身。《浪姐3》上她为大家演绎了一首《神魂颠倒》，那火辣的造型、魅惑的声音、妖娆的舞姿，御姐气场瞬间拉满。@今日必看,['红唇', '礼服裙', '张天爱', '御姐']
I01359152,《蜘蛛侠：平行宇宙》,http://wallpaper.cdn.pandora.xiaomi.com/thumbnail/webp/w1350/MiTv/0513de55783ff4aac9304428efd2dac2db9071cbe,CC01000020,影视,若要说最强的漫改电影，那就不得不说到《蜘蛛侠：平行宇宙》这部电影了，索尼在这上面明显是下了大功夫的，可以堪称是年度最佳动画。@圈子,['炫酷', '蜘蛛侠', '动画', '动画电影', '蜘蛛侠:平行宇宙']
I01317420,经典动画电影之疯狂动物城,http://wallpaper.cdn.pandora.xiaomi.com/thumbnail/webp/w1350/MiTv/07fcef4b1eb334a1fa2d6af13a613477210e70fca,CC01000020,影视,《疯狂动物城》讲述了一个从小就怀揣着警察梦的兔子朱迪，通过努力终于当上了第一个兔子警官，为了证明自己而去努力侦破案件，却遇到以坑蒙拐骗为生的狐狸尼克，两人一起合作共同前进的故事。@有料,['疯狂动物城', '搞笑', '兔子', '狐狸', '冒险', '动画', '动作', '成长']
I01292372,《精灵旅社4》新预告,http://wallpaper.cdn.pandora.xiaomi.com/thumbnail/webp/w1350/MiTv/0a322a53e4c734153aca45f39aaf528763cf1058e,CC01000020,影视,近日，随着新预告片的公开，官方同时宣布知名游戏主播Ninja（Tyler Blevins）将加盟索尼动画电影《精灵旅社4》，为“派对怪兽”一角配音，这也是他首次出演动画电影。@好看,['动画电影', '精灵旅社']
I01382837,终结也是复联旅程的一部分,http://wallpaper.cdn.pandora.xiaomi.com/thumbnail/webp/w1350/MiTv/04fcb23247a2844b6980073120d2b56cbf1de42ee,CC01000020,影视,网友热评《复仇者联盟4》：“如果你不喜欢这部电影，说明他不是为你准备的，故事的终章是为读过故事的人准备的。”作为复联宇宙一阶段的终章，这部电影将每一位超级英雄的结局都设置了悲情的结尾。@锐景,['酷炫', '漫威', '美国队长', '钢铁侠']
I01090404,昨日青空,http://wallpaper.cdn.pandora.xiaomi.com/thumbnail/webp/w1080/MiTv/0d24458517e861a8741bd2c5af8b911270d40daf8,CC01000020,影视,动画电影《昨日青空》改编自口袋巧克力创作的同名漫画作品，由咕咚动漫工作室负责制作。电影以一段文艺向、小清新的校园故事，回忆起了“80后”“90后”的青春时代。@看电影,['动画', '学生', '校园', '昨日青空']
I01406409,迪士尼动画治愈之旅,http://wallpaper.cdn.pandora.xiaomi.com/thumbnail/webp/w1350/MiTv/0c9018ccb18964789acfda7db60d5cbb7d751923c,CC01000020,影视,《冰雪奇缘》系列电影改编自安徒生童话《白雪皇后》，影片展现了父母之爱、朋友之爱、恋人之爱，更有对自己的爱，而爱自己才是整部影片最耐人寻味的地方。@品鉴图库,['奇幻', '冰雪奇缘', '动画电影']
I01078648,小悟空,http://wallpaper.cdn.pandora.xiaomi.com/thumbnail/webp/w1080/MiTv/0fee45d18b5f48e76705431d1c345696bbc42ea2d,CC01000020,影视,本片以一只中国四川动物园名叫大森的金丝猴的冒险和成长为主线，讲述了他在纽约和年长的八戒大师，不畏挫折、艰难一起对抗强大邪恶力量，最终激活体内“孙悟空”的潜能，并朝着梦想进发的励志故事。@图虫创意,['猴子', '动画电影', '动画片']
I01300701,夏日消暑影单,http://wallpaper.cdn.pandora.xiaomi.com/thumbnail/webp/w1350/MiTv/0ce942fd4fd2845ed9e753b7bffe1ae39d6f9d842,CC01000020,影视,《龙猫》被称作是宫崎骏最纯净、最温馨的一部作品，这部电影给我们带来的，是一种温暖和幸福的感觉，它所呈现的是让人憧憬，让人向往的田园式恬静生活。@有料,['优美', '清新自然', '童趣', '动画', '宫崎骏', '龙猫']
I01370329,细数《正义联盟》里的英雄,http://wallpaper.cdn.pandora.xiaomi.com/thumbnail/webp/w1350/MiTv/04cc77025a26245b6b3ce5a4b5f8a44db9824bf3d,CC01000020,影视,神奇女侠是漫画史上第一位主旋律女性超级英雄。本名天堂岛的戴安娜公主，是奥林匹斯众神之王宙斯和天堂岛亚马逊女王希波吕忒的私生女，拥有半神血统，也是长生不老、并且是只有女性的战斗民族亚马逊人的公主和王位继承人，还是正义联盟七大创始人之一。@有料,['暗色调', '勇敢', '正义', '神奇女侠', '正义联盟']
I01280533,欢乐的动画电影,http://wallpaper.cdn.pandora.xiaomi.com/thumbnail/webp/w1350/MiTv/0740fb8845be04a0d880fb3e441eee2a9346184b0,CC01000020,影视,《快乐的大脚》电影讲述了一群被冰山围困的企鹅在大家的帮助下走出困境的故事，在经历一些奇迹般的事情之后，不会唱歌的芒博认识到，只要忠于自己，就一定能活出不一样的人生。@图虫创意,['欢乐', '企鹅', '动画电影', '欢快']
I01274751,《驯龙高手》,http://wallpaper.cdn.pandora.xiaomi.com/thumbnail/webp/w1350/MiTv/098c9f12173dc42d4ab982bafdcc394ae3ec41e0c,CC01000020,影视,《驯龙高手》是梦工场动画公司在2010年开发的一个全新IP。从《驯龙高手1》到《驯龙高手3》，从人物成长到场面效果，都有一个不断升级的变化。影片中数次出现的群龙飞舞的场面，场面、气势、调度、剪辑、音效都处理的饱满圆熟。@图虫创意,['动画电影', '驯龙高手']
I01350116,飞屋环游记的浪漫冒险,http://wallpaper.cdn.pandora.xiaomi.com/thumbnail/webp/w1350/MiTv/00da9553d26e445ceb5559e9ce49d0aadb3053271,CC01000020,影视,在2009年的时候，皮克斯动画工作室制作了他们的第十部动画电影，这部名叫《飞屋环游记》的电影，讲述的便是房子、梦想、爱情、婚姻、人生之间的意义。影片通过天马行空的想象，精彩的画面和跌宕起伏的故事，让银幕前的观众学会去审视人生一世的意义。@有料,['气球', '想象力', '冒险', '动画电影', '飞屋环游记']
I01299143,中国科幻电影的未来之路,http://wallpaper.cdn.pandora.xiaomi.com/thumbnail/webp/w1350/MiTv/0fb65dab5c1da42c3b6efb5f1dcf5f83b86faff18,CC01000020,影视,科幻电影往往炫目，拥有视觉上的奇观。但好的科幻电影不止于此，它不应该止步于对科技力量的无限认同，不应该服从于星辰大海的丛林法则，它对人性的审视不该转移，好的科幻电影，要有比生存更重要、更具有超越性的关注视角。@有料/环球网,['经典', '科幻', '古天乐']
I01143145,镰仓物语,http://wallpaper.cdn.pandora.xiaomi.com/thumbnail/webp/w1080/MiTv/052c247f2142be4218bd1a1a202a19d1a5041a167,CC01000020,影视,本片之所以叫《镰仓物语》，是因为整个故事都是在镰仓的土地上发生的。在故事里，镰仓是个特别的地方，是人界与黄泉相接的地方，这里的人看到幽灵都不会惊讶，因为都已经习惯了，在这里，而死去的人也可以与活着的人相见。@视觉中国,['魔幻', '镰仓物语']
I01346167,被夸到爆的《流浪地球2》,http://wallpaper.cdn.pandora.xiaomi.com/thumbnail/webp/w1350/MiTv/0b5cf63ae3a174e6d93f087a245b676d3294e5777,CC01000020,影视,《流浪地球2》不负众望，作为续集，它既没有狗尾续貂，也没有蹭热度收割流量，反而实实在在地给全体观众们一个交代。@有料,['惊艳', '流浪地球', '小米精选']
I01221577,这些影片你看过几部,http://wallpaper.cdn.pandora.xiaomi.com/thumbnail/webp/w1080/MiTv/02aa4a435c7d6405b3976f186a0fc9405e0ad5ef8,CC01000020,影视,《变形金刚4：绝迹重生》的故事发生在前作芝加哥终极决战四年后，自由人、博派、汽车人与诳派、霸天虎从地球销声匿迹，而人类也在断壁残垣的废墟中开始了新生。同时，地球也遭受到了变形金刚的威胁恫吓，关乎“自由与奴役”的正邪史诗决战，正一触即发。@有料,['奇幻', '机器人', '震撼', '变形金刚']
I01420578,童年记忆里的天线宝宝,http://wallpaper.cdn.pandora.xiaomi.com/thumbnail/webp/w1350/MiTv/005b7b0cea2b24295822ef6aa27329047f4171622,CC01000020,影视,小波，这位元气满满的天线宝宝不仅拥有引人注目的红色身体，还特别喜欢骑着心爱的滑板车在草原上溜达，欢快的样子特别容易感染他人，为大家带来快乐的情绪。@有料,['欢乐', '探索', '动画片', '浇水']
I01325976,全球顶流小黄人,http://wallpaper.cdn.pandora.xiaomi.com/thumbnail/webp/w1350/MiTv/048f3bb6b85ae46a1a75d071f02d3e9c252bbb7af,CC01000020,影视,在电影之外，基于小黄人这个IP还陆续推出了跑酷游戏、冰淇淋、公仔等周边产品，使其逐渐成为一个热门IP符号，使不少观众纷纷为这个可爱呆萌的形象买单。@有料,['有趣', '小黄人', '动画电影', '《神偷奶爸》']
I01350122,哪吒如何成为国漫经典,http://wallpaper.cdn.pandora.xiaomi.com/thumbnail/webp/w1350/MiTv/00761520aad0c48f5bade78527c2d51820c51edfe,CC01000020,影视,选择符合当前社会的主流价值观嵌入动画作品中是助力中国动画“经典咏流传”的重要手段。《哪吒之魔童降世》中对经典人物的改编再创不仅保留传承了经典原著中的角色核心，还吸纳了当下流行的社会价值观，动画中角色的成长历程更像是时下观众的缩影。@有料,['冒险', '橘黄色调', '正义', '热血', '哪吒']
I01385632,不可错过的“冰川”之旅,http://wallpaper.cdn.pandora.xiaomi.com/thumbnail/webp/w1350/MiTv/0aad3012dd85c4b8c8b32c88d7d1959c90fc236aa,CC01000020,影视,自《冰川时代》推出以来，《冰川时代》系列电影一直席卷全球，并赢得了数以亿计观众的喜爱。这个充满幽默和温情的动画系列不仅给我们带来了无尽的笑声，还通过可爱的角色和精彩的剧情，传递着许多深刻的情感和价值观。@锐景,['松鼠', '冰块', '松果', '趣味', '冰川时代']
I01415611,钢铁侠的机甲 魅力无限,http://wallpaper.cdn.pandora.xiaomi.com/thumbnail/webp/w1350/MiTv/0610f48163afc481f9a8c9f583b29611ab1144b75,CC01000020,影视,钢铁侠的机甲不仅仅是一种战斗工具，更是钢铁侠身份的象征。在漫威电影中，钢铁侠的机甲代表了他的财富、科技力量和创造力。同时，机甲也是钢铁侠与他的父亲托尼·斯塔克之间的一种联系。@有料,['炫酷', '漫威', '钢铁侠', '战斗', '超级英雄']
