I01173128,甜蜜小萝莉,http://wallpaper.cdn.pandora.xiaomi.com/thumbnail/webp/w1080/MiTv/09fba4b647f8f8748a720e8f7997fc642d143f351,CC01000017,动漫,喜欢一切粉红色的东西，管它是头发，服装或是发饰，就是要粉红到底呀。@乐次元
,['粉红', '萝莉']
I01174455,花样萝莉,http://wallpaper.cdn.pandora.xiaomi.com/thumbnail/webp/w1080/MiTv/0472f44b2369bfc00aa07287e2bc1e84598402bfd,CC01000017,动漫,娇小的萝莉穿着纯洁的白裙，提着花篮，认真在花园里寻觅喜欢的花朵。@乐次元,['萝莉']
I01175795,可爱小萝莉,http://wallpaper.cdn.pandora.xiaomi.com/thumbnail/webp/w1080/MiTv/066a1c4adf610481e0722b17d596f43b29c6d374e,CC01000017,动漫,少女那清爽的头发，俊秀的脸庞，清澈的眼眸，整洁的校服，还有那由内而外散发的青春靓丽的气息在阳光的照耀下，绘成了一幅清秀的画卷。@乐次元,['萝莉']
I01180701,艳丽和服,http://wallpaper.cdn.pandora.xiaomi.com/thumbnail/webp/w1080/MiTv/0cbc1522c3f00719cea0f0567d386e7e3474000b3,CC01000017,动漫,清丽的容颜在红色彩衣下更加娇艳，红色蝴蝶发带轻束咋脑后，一双玉藕班的双臂裸露在外，指尖彩球精美绝伦。@乐次元,['和服', '萝莉']
I01168064,少女乐团派对,http://wallpaper.cdn.pandora.xiaomi.com/thumbnail/webp/w1080/MiTv/0a3e2455dc1d34d31f6563d17b1e7ef901e41226b,CC01000017,动漫,抱着有趣之类此等级别心态的人，我无法与她组队。@乐次元/少女乐团派对,['派对', '音乐', '乐团', '游戏', '手游']
I01184468,樱花少女,http://wallpaper.cdn.pandora.xiaomi.com/thumbnail/webp/w1080/MiTv/059a95a5b85908b9427037431a42363873b43e86d,CC01000017,动漫,校园的樱花开了，那紧锁的心扉，是否还敞开着，按响三月的门铃，樱花微微一笑，将少女锁在春雨的季节里。@乐次元,['樱花']
I01166508,闪耀暖暖,http://wallpaper.cdn.pandora.xiaomi.com/thumbnail/webp/w1080/MiTv/01e69f45399204bdf373f99aeee5471ee768761d8,CC01000017,动漫,《闪耀暖暖》在故事结构上与《奇迹暖暖》较为相似，通过深陷警局并失忆的戏码让故事更加抓人，而后引出了奇迹大陆毁灭的这一消息，迫使回到了六百八十年前的暖暖与大喵走上了改变未来的道路。
,['游戏', '手游', '闪耀暖暖']
I01176174,魔法少女,http://wallpaper.cdn.pandora.xiaomi.com/thumbnail/webp/w1080/MiTv/0e6a149add6c00816d722f17d536fd3721f40454c,CC01000017,动漫,安静的下午，又到了喝下午茶的时刻。少女手捧红茶细细品味。默念魔法，周围纸牌飞舞，兔爵士表情庄重肃穆。@乐次元,['魔法', '萝莉']
I01174051,伞与和服,http://wallpaper.cdn.pandora.xiaomi.com/thumbnail/webp/w1080/MiTv/04c21d5f795ef4921131c9a0b81ee1c14212feb75,CC01000017,动漫,星空之下，和服女孩儿打着红伞，像是天上的仙女一般，飘然而至。@乐次元,['和服', '萝莉']
I01175798,花期的表白,http://wallpaper.cdn.pandora.xiaomi.com/thumbnail/webp/w1080/MiTv/079464af72d716ed95e1f1a31a3895246c041e0de,CC01000017,动漫,大片玫瑰花海，浓香带着浪漫，花海中的我呀，期待你的到来。@乐次元,['玫瑰花', '玫瑰', '蓬蓬裙', '萝莉']
I01154118,“吹弹可破”的小萝莉,http://wallpaper.cdn.pandora.xiaomi.com/thumbnail/webp/w1080/MiTv/073d585fd3a8f48e2265ef8e39d3779dd51a8188e,CC01000017,动漫,白皙粉嫩的肌肤、红扑扑的小脸蛋、略显俏皮的小鼻子、微微抿起的、忽闪忽闪的大眼睛……一个字，萌！两个字，可爱！三个字，卡哇伊！@有料,['萝莉']
I01259805,你的女友是什么系列的,http://wallpaper.cdn.pandora.xiaomi.com/thumbnail/webp/w1350/MiTv/0af7c51a1eedf49d2ba8cb5f6b00772ffa73f926d,CC01000017,动漫,网络上现在大火的按照水果的特性划分女生。蜜桃女是看起来娇滴滴，尝起来甜美，但内心格外坚强。柠檬女是外表清新，尝起来酸涩，但爱上去却让你欲罢不能。西瓜女是看起来壮实，但实际上是甜妹，越熟越甜。@锐景,['清新自然', '害羞']
I01184485,和服少女,http://wallpaper.cdn.pandora.xiaomi.com/thumbnail/webp/w1080/MiTv/019a9d55bb5004b933703443185236347a94448e5,CC01000017,动漫,秋意正浓，红叶开满古朴庭院。女孩身着素白和服坐在院中石凳上，吃着可口的糯米丸子。怀中一只白猫调皮可爱。@乐次元,['和服']
I01197820,花中静赏,http://wallpaper.cdn.pandora.xiaomi.com/thumbnail/webp/w1080/MiTv/0e3625af247c04a39bc4f99aef58613aafb4042b1,CC01000017,动漫,湛蓝的天空一望无垠，只有空中璀璨的群星相伴，星空下，一袭白衣长裙的少女漫步在向日葵的花丛中，戴着草帽，泪眼婆娑。@乐次元,['向日葵']
I01208777,金发少女,http://wallpaper.cdn.pandora.xiaomi.com/thumbnail/webp/w1080/MiTv/0a09b5feee718ed0708ae804a6b5c5f33324063e0,CC01000017,动漫,少女金色的头发，梳成两条不长的马尾辫，垂挂在耳旁，上面还结着两个红黑相间的蝴蝶结，好像漂亮的蝴蝶在花丛中飞舞。@乐次元,['金发']
I01172784,和服丽人,http://wallpaper.cdn.pandora.xiaomi.com/thumbnail/webp/w1080/MiTv/0243a5f6f7883fd0a1f3b52bb42c51120b0429feb,CC01000017,动漫,节日那天，少女穿上华丽的和服，气氛也感觉热闹起来，来年一定大吉大利，好运常在。@乐次元,['华丽', '和服', '喜庆']
I01263978,做人别跟自己较劲,http://wallpaper.cdn.pandora.xiaomi.com/thumbnail/webp/w1350/MiTv/0b5b4f7b502c245e0a4c1bfba201f30d1fc527962,CC01000017,动漫,有人说，人生的快乐往往都是自己发现的，痛苦也常常是自己一味去寻来的，每个人的精力都是有限的，缩减了人生的快乐，就是在变相地延长生命的痛苦，放弃了制造欢乐的权利，势必会助长了创造烦恼的能力。@今日必看,['卫衣', '白发', '小米精选']
I01166509,闪耀暖暖,http://wallpaper.cdn.pandora.xiaomi.com/thumbnail/webp/w1080/MiTv/08e69475329600bd8d73f29aee654211ee943de7f,CC01000017,动漫,游戏的背景是从暖暖的宠物大喵带着她穿越到过去开始的，并且机缘之下暖暖丢失了原本属于她的记忆，看起来似乎挺狗血，但随着一段段的剧情展开，游戏也越发有趣起来。
,['游戏', '手游', '闪耀暖暖']
I01263785,这些星座超级粘人,http://wallpaper.cdn.pandora.xiaomi.com/thumbnail/webp/w1350/MiTv/09c06b2e94fb343eb8b3d8cb55c52996cf6aad699,CC01000017,动漫,当双鱼座的人遇到自己的真爱时，眼里心里就只有对方，一旦沉浸在一段感情中，恨不得分分秒秒地黏在对方的身边，所有的浪漫只为对方准备。@今日必看,['背包']
I01167147,爱你的方式,http://wallpaper.cdn.pandora.xiaomi.com/thumbnail/webp/w1080/MiTv/0a3e2b45de1334d301656dd172be76f505d1f192a,CC01000017,动漫,有时，不是错过了花季，是错过了与你牵手的最佳时机，红尘陌上，只能把爱深藏心底，不出现，不打扰，是最后爱你的方式。@乐次元,['花海', '萝莉']
I01165512,向日葵的花语,http://wallpaper.cdn.pandora.xiaomi.com/thumbnail/webp/w1080/MiTv/085ec15849e3a4e96038c6b431668e621dc75d129,CC01000017,动漫,无论收获什么，我总会带几支向日葵在身边，向日葵的花语是沉默的爱以及信念与光辉，纵是生活不易也要抬头微笑面对。@乐次元,['萝莉']
I01166618,樱花树下的少女,http://wallpaper.cdn.pandora.xiaomi.com/thumbnail/webp/w1080/MiTv/0a3e2455d71d38d31d6560d1701e79f90fe41226b,CC01000017,动漫,满树的樱花仿佛洁白的云烟，散发只属于它的味道，接住一片飞花，在凋零中回忆。@乐次元,['樱花', '和服', '萝莉']
I01171748,爱的迷思,http://wallpaper.cdn.pandora.xiaomi.com/thumbnail/webp/w1080/MiTv/0c4a32594c963499c046bbcbcfb67c4de19786398,CC01000017,动漫,这个世界如何改变并不重要，重要的是我们的内心，不陷入外镜的迷思，无惧冬日，仍微笑向阳，心中有爱，便可跨山越海。@乐次元,['微笑', '萝莉']
I01173546,小小的幸福,http://wallpaper.cdn.pandora.xiaomi.com/thumbnail/webp/w1080/MiTv/05c2142f7751fc922c31c6a0b1eee2cb4d941781d,CC01000017,动漫,童年生活充满了无数乐趣，与自然亲密接近，过着快乐的田园生活。@乐次元,['乡村']
I01208808,古典韵味美少女,http://wallpaper.cdn.pandora.xiaomi.com/thumbnail/webp/w1080/MiTv/0a09b4feea7185d07c8ae704a5b5c1f33d24063e0,CC01000017,动漫,少女一头青丝披散在肩头，耳畔插着淡紫色的丁香花饰，一身淡紫色的广袖汉服，穿在她身上看起来仙气飘飘。@乐次元,[]
I01319499,相处起来最舒服的三大星座,http://wallpaper.cdn.pandora.xiaomi.com/thumbnail/webp/w1350/MiTv/008b763371a744429b63d57b0df65b6a212613c5b,CC01000017,动漫,巨蟹的纯良和无辜，永远是恋爱市场的一块肥肉，温柔谦逊有耐心，和他相处一点都不累；共情能力很强的巨蟹，很懂得换位思考，甚至有时候为了迁就对方，哪怕委屈了自己也无所谓。@品鉴图库,['漫画']
I01174048,青春独角戏,http://wallpaper.cdn.pandora.xiaomi.com/thumbnail/webp/w1080/MiTv/09fba4b641f8f4748e720e8f7c97f16427143f351,CC01000017,动漫,月光如水，闭月羞花，少女独自享受烟花的乐趣，这种快乐只需她自己知道就够了。@乐次元,['和服', '烟花', '萝莉']
I01171457,秘密深林,http://wallpaper.cdn.pandora.xiaomi.com/thumbnail/webp/w1080/MiTv/0c960c593d2df4e5d12c9a54814a888a579e3e299,CC01000017,动漫,谁还没有秘密基地呢？森林就是啊，难过的时候就来到小溪，溪水抚过脚裸，凉意也可以变得清醒。@乐次元,['短发', '溪水']
I01254024,驾驭不住的星座,http://wallpaper.cdn.pandora.xiaomi.com/thumbnail/webp/w1350/MiTv/09d97dd4cec424ef5aae4b7656fec990ea8a2d5f5,CC01000017,动漫,天蝎座一般很少和周围的人发生争执，不过这并不代表他们没有不同的意见，只是更多的时候选择沉默。@图虫创意,['卫衣', '软萌']
I01263977,做人别跟自己较劲,http://wallpaper.cdn.pandora.xiaomi.com/thumbnail/webp/w1350/MiTv/002edf3143cb54df9a8f475dcf50def5466fb623b,CC01000017,动漫,古语有云：“世上本无事，庸人自扰之。”这个世界就像一场电影，我们每个人都是生活的主角。无论遇到了怎样的困难，不要一味沉溺在痛苦中，把自己活成一个悲剧角色。知足常乐，就是幸福。@今日必看,['短裙', '休闲服', '小米精选']
I01203876,时尚女主播,http://wallpaper.cdn.pandora.xiaomi.com/thumbnail/webp/w1080/MiTv/0d0ecf5d96d204ef915885bf5bcf0cdb9ef9abde2,CC01000017,动漫,少女穿着复古的黑色衬衫，性感的豹纹裙子，等待着心爱的男友。她精心地准备的生日礼物，希望能带来惊喜。@乐次元,['礼物']
I01253335,为什么你觉得星座很准,http://wallpaper.cdn.pandora.xiaomi.com/thumbnail/webp/w1350/MiTv/015a45bd2094517c60809d9caf2993ebe4a43c981,CC01000017,动漫,人们说不上来星座占卜有什么科学依据，但关于十二星座的描述，似乎感觉并没有什么差错。事实上，这种感觉其实是“巴纳姆效应”在作祟，这是一种心理学现象，即每个人都很容易相信一个笼统的性格描述，而它正好又准确地揭示了自己的特点。@锐景,['梅花']
I01173349,伞下少女,http://wallpaper.cdn.pandora.xiaomi.com/thumbnail/webp/w1080/MiTv/0343ab56f08834d0f2f3b72bbfcc5e140f8a42292,CC01000017,动漫,当枫叶红时，不论有雨无雨，为了我自己，也为了你，我必撑一把伞等你归来。@乐次元,['枫叶', '和服', '油纸伞']
I01166510,闪耀暖暖,http://wallpaper.cdn.pandora.xiaomi.com/thumbnail/webp/w1080/MiTv/08e69475329600bd8273f19ae1654211e7943de7f,CC01000017,动漫,《闪耀暖暖》一改之前的2D游戏画面，成为了暖暖系列的首款3D游戏。3D版的女儿可以自由的动了，比如一个吹气的小动作，撅起的小嘴。如果是曾经的2D暖暖是玩家幻想中的纸片人，那么3D的暖暖完全展现了一个充满生气的少女形象，她能和你互动，和你交流。
,['游戏', '手游', '闪耀暖暖']
I01197418,心中的花海,http://wallpaper.cdn.pandora.xiaomi.com/thumbnail/webp/w1080/MiTv/08d635b59fe362bcac335aa2b27c11ab6e440831d,CC01000017,动漫,午后的街道旁，只有洒落的阳光，两个忙碌的小姑娘，沉醉在花香，愿和你相遇在街角的花房旁，看时光温暖的模样。@乐次元,[]
I01220773,剪水秋瞳,http://wallpaper.cdn.pandora.xiaomi.com/thumbnail/webp/w1080/MiTv/0faa4a435c766405b39769186aafc94d5e0a45ef8,CC01000017,动漫,金发的可爱少女，指尖有蝴蝶蹁跹而停，如海的双眸，是否也藏着闪耀的星星。@乐次元,['华丽']
I01194672,柔情似水,http://wallpaper.cdn.pandora.xiaomi.com/thumbnail/webp/w1080/MiTv/0b6c747de84aacc80c0220bdaf9cca1d5ff436f0d,CC01000017,动漫,少女坐在窗前，托着下巴望着窗外发呆。窗外樱花开满枝头，细小的花瓣在风中飘零，带着浓郁的花香。@乐次元,['柔情']
I01170545,芳草萋萋,http://wallpaper.cdn.pandora.xiaomi.com/thumbnail/webp/w1080/MiTv/03cde24584e4b419313e4d3fcf5cd46665605f3ee,CC01000017,动漫,爱他，就是想让他每天都看到自己微笑的样子，为了他，活成一株向日葵，不情愿将忧伤透露于你。@乐次元,['向日葵', '快乐', '萝莉']
I01192388,人生百味,http://wallpaper.cdn.pandora.xiaomi.com/thumbnail/webp/w1080/MiTv/0b8445b2c09390c4bcaaf504e43ac86fcb7417bc0,CC01000017,动漫,人生，不过一杯茶，满也好，少也好，争个什么；浓也好，淡也好，自有味道。暖也好，冷也好，相视一笑。@乐次元,['和服']
I01273262,理想的生活状态,http://wallpaper.cdn.pandora.xiaomi.com/thumbnail/webp/w1350/MiTv/09036c42b3bd546b0bea5b426bb7f9b8301fa9df7,CC01000017,动漫,最重要的是一家人健健康康、和和睦睦的，这是我最期盼的，健康是真的很重要。家人健康和睦，就是一种莫大的幸福和幸运。@站酷海洛,['发卡', '白发', '小米精选']
I01266605,男生不知道的女生秘密,http://wallpaper.cdn.pandora.xiaomi.com/thumbnail/webp/w1350/MiTv/0f294bf3d1b7d46d2adbe3ba52cdc0b13b7f397a5,CC01000017,动漫,女生有很多秘密是那些直男们根本不知道的，当你发现你身边的女孩子扎起了高马尾，千万不要认为她是想改变发型了，她只不过是头发油了而已。女生往往会用不同的方法来掩藏自己没洗头的情况，除了扎马尾，戴帽子是最惯用的伎俩。@锐景,['灰色调']
I01259792,娇媚的她,http://wallpaper.cdn.pandora.xiaomi.com/thumbnail/webp/w1350/MiTv/019dea3e10f714cdd8bc7d6057a117f57175427d2,CC01000017,动漫,温馨的房间内，少女穿着紧身小洋裙，勾勒出纤细的身姿，她那蓝色的双眸里，似乎藏有无尽的星辰大海。@乐次元,['娇媚', '冰淇淋', '双马尾']
I01167629,闪耀暖暖,http://wallpaper.cdn.pandora.xiaomi.com/thumbnail/webp/w1080/MiTv/08e69575329606bd8873f59aef654611e2943de7f,CC01000017,动漫,听，雨落的声音，炎夏的热气裹挟着绿荫，忽然的降雨在少女耳边激起涟漪。来共听雨声吗？@乐次元,['雨水', '聆听', '萝莉', '闪耀暖暖']
I01186147,花样和服少女,http://wallpaper.cdn.pandora.xiaomi.com/thumbnail/webp/w1080/MiTv/0c0c8b42fc48d417521216a6e25e9d077a2787d38,CC01000017,动漫,暖色的灯光从女孩头顶温柔的洒下，照亮女孩柔美的脸颊。粉嫩的和服上盛开着绚丽的牵牛花，栩栩如生。@乐次元,['和服']
I01178223,梦中的世界,http://wallpaper.cdn.pandora.xiaomi.com/thumbnail/webp/w1080/MiTv/065b8b5642581472226f463a22ff4ea0d11dfb105,CC01000017,动漫,你是高贵的天使，手捧着鲜花，自天上而来，风扬起你圣洁的白裙，吹来祝福的赞歌。@乐次元,['天使', '翅膀', '萝莉']
I01180077,亲密无间,http://wallpaper.cdn.pandora.xiaomi.com/thumbnail/webp/w1080/MiTv/0cbc1422c8f00d19cfa0fc5675386e7e3574000b3,CC01000017,动漫,多少岁月都是友谊唤起的，多少眼泪是友谊揩干的。那个静谧的午后，两个女孩在房间里一起畅想着美好的未来。@乐次元,['短发', '友情', '相机', '萝莉']
I01176217, 小家碧玉,http://wallpaper.cdn.pandora.xiaomi.com/thumbnail/webp/w1080/MiTv/00946e5f70d614ed61e1fca310689d2b6a79e34e7,CC01000017,动漫,娇嫩的雏菊花开遍原野，一阵风吹过，女孩柔顺的头发伴随花瓣被风扬起，风中花香悄无声息被送到远方，传递不可说的秘密。@乐次元,['田园', '萝莉']
I01169417,夏日校服少女,http://wallpaper.cdn.pandora.xiaomi.com/thumbnail/webp/w1080/MiTv/0b3e2b55de1e34d3616564d1725e76f005d12192a,CC01000017,动漫,天台的微风吹着微微扬起的裙摆，你的一颦一笑都是少年时代最干净的气息。@乐次元,['日落']
I01261503,最难撩的星座,http://wallpaper.cdn.pandora.xiaomi.com/thumbnail/webp/w1350/MiTv/0c2d37f1f783d40e4869fcd7da388cc11343db41c,CC01000017,动漫,外热内冷的水瓶看似很好撩，实则是做难撩星人，花言巧语骗不了，好吃好喝撩不动，千万别在关公面前耍大刀，因为水瓶就是撩妹、撩汉达人啊！@图虫创意,[]
I01170340, 校服少女,http://wallpaper.cdn.pandora.xiaomi.com/thumbnail/webp/w1080/MiTv/0a960c493d24f4e5a12c9754813a8881579e1e299,CC01000017,动漫,是谁在路边呢喃，好奇心使我停下脚踏车眺望，微风吹起我的校服，青春飞扬。@乐次元,['制服', '萝莉']
I01273261,理想的生活状态,http://wallpaper.cdn.pandora.xiaomi.com/thumbnail/webp/w1350/MiTv/0ebd9318f53f14938ac90f2b08df8773f32b1f3b9,CC01000017,动漫,当生活规律时，会有更多的精力去做想做的事情，会让自己的身心得到一定的放松。每天早上醒来，微笑着说，加油！给自己一个小目标，慢慢地努力去实现它。@站酷海洛,['楼梯', 'JK制服', '小米精选']
I01171943,爱情在心,http://wallpaper.cdn.pandora.xiaomi.com/thumbnail/webp/w1080/MiTv/084a3519469937997046b6cbc0667343e2c409fc2,CC01000017,动漫,永远记得，第一次喝咖啡的味道，清冽苦味，又欲拒还迎；如第一次的爱恋，苦涩又香醇。@乐次元,['萝莉']
I01171458,秘密深林,http://wallpaper.cdn.pandora.xiaomi.com/thumbnail/webp/w1080/MiTv/044a32494c9f34999046b9cbcfd67c42e197c6398,CC01000017,动漫,窄窄溪流上的圆柱树干，也是通行的桥，坐在上面看着流水潺潺，思绪也会顺着水流远方。@乐次元,['野外', '小溪']
I01170592,花间美人,http://wallpaper.cdn.pandora.xiaomi.com/thumbnail/webp/w1080/MiTv/08960c493d2df4e5812c9954812a888e579e2e299,CC01000017,动漫,深秋，枫叶早已熟透，如花美人站立于枫树下，看那一簇一簇热烈的红，像少女的裙边，异常迷人。@乐次元,['枫叶', '和服', '萝莉']
I01166299,粉红色的心事,http://wallpaper.cdn.pandora.xiaomi.com/thumbnail/webp/w1080/MiTv/0801941c56b2ae7e2d669669afcdc935a4b4269aa,CC01000017,动漫,十几岁时喜欢Hello Kitty的玩偶，二十几岁时会在家里贴上粉红色的壁纸，到了三十几岁仍穿粉色公主裙，粉红少女心是永葆青春的秘笈。@乐次元,['粉嫩', '天真', '萝莉']
I01279080,享受单身生活的星座,http://wallpaper.cdn.pandora.xiaomi.com/thumbnail/webp/w1350/MiTv/0a62c28b97fc74c07ab9e3e5d8703411b329b7977,CC01000017,动漫,白羊座的人觉得一个人也可以过的很开心很自在。她们很享受不被人打扰的状态，在她们单身的情况下，自己会更加容易收获到一些独特的快乐和幸福的感觉。@今日必看,[]
I01094171,秋日韵味,http://wallpaper.cdn.pandora.xiaomi.com/thumbnail/webp/w1080/MiTv/0780ef480114749d21faabd171b2793b7eef47a4f,CC01000017,动漫,橘色的落叶纷纷扬扬落下，女孩站在树下，空气中满是落叶的芳香。@有料,['落叶']
I01373859,情之所钟,http://wallpaper.cdn.pandora.xiaomi.com/thumbnail/webp/w1350/MiTv/0c8c0cae6a1f64b1d82dcfede3c4eb8c182861d68,CC01000017,动漫,梦里的少女总是羞涩的，像春风，轻拂过我寂寥的夜空，像心软的神，赐我一滴懵懂的朝露。@乐次元,['艳丽', '双马尾']
I01171939,爱的瞬间,http://wallpaper.cdn.pandora.xiaomi.com/thumbnail/webp/w1080/MiTv/044a32594c9734999046b6cbcf567c4ae19786398,CC01000017,动漫,爱情是什么？爱情不过是阳光下漂浮在空中的肥皂泡，光彩琉璃，惹人心动，却轻轻一戳，幻化成了水雾。@乐次元,['泡泡', '萝莉']
I01258829,隐藏最深的二大星座,http://wallpaper.cdn.pandora.xiaomi.com/thumbnail/webp/w1350/MiTv/06c5ade32aae3449d8529ee0bf244e0bdabe04963,CC01000017,动漫,白羊座是一个内向的人，但也有人说她是外向的，之所以会有这些不同的说法，因为在有些人面前，白羊会将自己外向的一部分隐藏起来。在外人看来，白羊就是一个很冷的人，对很多事情都满不在乎，碰到这样的白羊，只能说你还没有走进他的世界。@锐景,['捧花']
I01173944,风中的少女,http://wallpaper.cdn.pandora.xiaomi.com/thumbnail/webp/w1080/MiTv/01c21d5f7952f4928131c0a0b84ee1cb42125eb75,CC01000017,动漫,少女，如璀璨秋风，身着一身金黄，裙摆上绽放着华丽的秋之花朵，像是用尽力气，在冬日之前，最后的怒放。@乐次元,['日落']
I01179053,薄樱如雪,http://wallpaper.cdn.pandora.xiaomi.com/thumbnail/webp/w1080/MiTv/02106155709034ae7284a1a53d59fb892232bfb55,CC01000017,动漫,一阵微风吹来，樱瓣片片飞舞飘落，樱花翩翩飞舞，将睡梦中的女孩卷起，做一场梦幻甜美的梦。@乐次元,['樱花']
I01263863,自带神秘色彩的星座,http://wallpaper.cdn.pandora.xiaomi.com/thumbnail/webp/w1350/MiTv/05132dcfae8b64037a6c87a2412aead762a18d4c5,CC01000017,动漫,第二名天蝎座，天蝎座女生的与众不同让她们与一般人区别开来，同时也让她们看起来特殊而又神秘，天蝎座女生从来不会遵守社会规则，她们喜欢无拘无束的按照自己喜欢的方式不断前行，也因此她们往往有着属于自己的梦想，不会走大多数人走过的路。@锐景,['清新自然', '月亮']
I01293547,心动的元气少女,http://wallpaper.cdn.pandora.xiaomi.com/thumbnail/webp/w1350/MiTv/0065253197d704488803392fdb8c761a7ce4814dd,CC01000017,动漫,娇小女孩开心地提着一篮清晨精心摘好的草莓，在夏日阳光下绽放甜美笑容。@乐次元,['卷发', '笑容', '清晨', '娇小']
I01197586,公主连结,http://wallpaper.cdn.pandora.xiaomi.com/thumbnail/webp/w1080/MiTv/0336215f2b7504a3c0c4ff9ae2786b33aac995a4e,CC01000017,动漫,除精彩的剧情和动画外，游戏本身的玩法也简明直观而富有深度。一路上将会遇到许多个性鲜明的角色，与之共同作战。@乐次元,['游戏']
I01178264,少女的许愿,http://wallpaper.cdn.pandora.xiaomi.com/thumbnail/webp/w1080/MiTv/06106145709234ae9284a7a53d59fb842232bfb55,CC01000017,动漫,冬雪初晴，雪落枝头，入目处皆是一片纯白。美人信步款款，木屐踩在冰凉的石阶上，在寂静的冬天格外明显。@乐次元,['雪花', '和服', '萝莉']
I01176178,提花仙子,http://wallpaper.cdn.pandora.xiaomi.com/thumbnail/webp/w1080/MiTv/079465af75d714ed92e1f4a31f389f246b041e0de,CC01000017,动漫,缓缓抬起左手，简单的一个瞬间让我的心跳加速，仿佛是一个落入人间的仙子在缓缓舞动双手。@乐次元,['活泼', '萝莉']
I01296490,甜美学姐的夏日物语,http://wallpaper.cdn.pandora.xiaomi.com/thumbnail/webp/w1350/MiTv/002c3eda253894099a300951e72450bb4aa2f314e,CC01000017,动漫,青春夏日里最难忘的事情是什么？回想起来，青春夏日里最难忘的大概就是甜甜的学姐，长发飘飘、温柔可人、眼含秋水、明眸善睐，似有似无的花香在学姐身旁环绕，这大概就是每一个男生的夏日青春吧。@锐景,['大气', '魅力', '短裙']
I01374666,个人能力超强的星座,http://wallpaper.cdn.pandora.xiaomi.com/thumbnail/webp/w1350/MiTv/03ca23cbc060e46ea893991b17aa23fe2b71f919d,CC01000017,动漫,金牛不需要队友，是因为“肥水不流外人田”。好创意、好项目、好方法都是金牛的财宝之一，不会轻易拿出来和别人共享。与其和队友一起进步，还不如自己悄悄发育，最后惊艳所有人！@乐次元,['俏皮', '冬天', '短裙']
I01285448,星座女的爱能持续多久,http://wallpaper.cdn.pandora.xiaomi.com/thumbnail/webp/w1350/MiTv/0903970d93c0a470f9d537a803527753b9bf37acc,CC01000017,动漫,天蝎座的喜欢可以持续3年。这3年内天蝎会越来越在意对方。如果只是一方的主动和喜欢，也会渐渐心灰意冷。对于喜欢没了以往的纯粹。@图虫创意,[]
I01175822,俏丽佳人,http://wallpaper.cdn.pandora.xiaomi.com/thumbnail/webp/w1080/MiTv/079464af73d719ed92e1f4a3103895246a041e0de,CC01000017,动漫,头带簪花，白璧无瑕的脸上薄粉敷面，更显得红艳美丽，唇色朱樱一点，清秀而扬长的柳叶眉下，睫毛颤颤，华伞艳丽，华衣似火，照亮了整个夜晚。@乐次元,['和服', '油纸伞', '萝莉']
I01153933,海边少女,http://wallpaper.cdn.pandora.xiaomi.com/thumbnail/webp/w1080/MiTv/003d585fd3a8f48ef265e68e39237796d51a7188e,CC01000017,动漫,假如人生不曾相遇，我不会相信，有一种人可以百看不厌，有一种人一认识就觉得温暖。@有料,['海边']
I01254921,星座独特的爱情观,http://wallpaper.cdn.pandora.xiaomi.com/thumbnail/webp/w1350/MiTv/051b73ce0e46e4f37922a24dedd16e5389303e84d,CC01000017,动漫,狮子座热情奔放、喜欢炫耀，喜欢被别人称赞。在爱情中狮子座能够带动你的积极性，你不需要做什么，跟着狮子座就好。@图虫创意,['优美', '软萌']
I01167773,等待的心情,http://wallpaper.cdn.pandora.xiaomi.com/thumbnail/webp/w1080/MiTv/0a3e2455de1d37d3126560d1711e71f905e41226b,CC01000017,动漫,因为知道你的故事，也心疼故事中的你，所以只想静静陪你等待，就像耐心等一夜花开。@乐次元,['花店', '萝莉']
I01172021,光影中的少女,http://wallpaper.cdn.pandora.xiaomi.com/thumbnail/webp/w1080/MiTv/094a32594c9734992046b5cbcf867c46e19726398,CC01000017,动漫,春天里，看桃红柳绿肆意绽放，树林里到处是鹅黄的嫩芽，背着书包的少女在阳光下荡着秋千，她的笑容是阳光下美的存在。@乐次元,['秋千', '元气', '萝莉']
I01173353,卡哇伊女孩,http://wallpaper.cdn.pandora.xiaomi.com/thumbnail/webp/w1080/MiTv/0dfba14641f4f4749372078f7307f56f2b88694f9,CC01000017,动漫,樱花雨落下，女孩在回头张望，微风吹起秀发，如同樱花般纯洁可爱。@乐次元,['樱花', '学生']
I01275355,充满隐藏魅力的星座女,http://wallpaper.cdn.pandora.xiaomi.com/thumbnail/webp/w1350/MiTv/04a8d321df6254ecea5887ccc5a703e0b1920f755,CC01000017,动漫,金牛女能干、认真、踏实、成熟，但是她们太过高冷，令很多人不敢轻易接近。可只要你能走进金牛女的内心，就会发现，这个有才华、有想法的女孩对待朋友时的细心、温柔，真是太令人着迷了！@站酷海洛,['马尾辫', '光影', '白发', '小米精选']
I01294161,海边的旅行,http://wallpaper.cdn.pandora.xiaomi.com/thumbnail/webp/w1350/MiTv/0d50e512ed4d94b7d9a602adf54d6b4db25c63af4,CC01000017,动漫,少女手里拿着游泳圈，沉浮在碧海蓝天，淘气的泼起一脸水，水花太高溅湿谁的脸。@乐次元,['优美', '海水', '海面', '游泳圈', '嬉戏']
I01329746,最讨人喜欢的星座,http://wallpaper.cdn.pandora.xiaomi.com/thumbnail/webp/w1350/MiTv/08e2b1ecdc49140c9a5d070842639b70ab947d995,CC01000017,动漫,天秤星人颜值皆高，同时才华横溢，自身条件优越的同时，也绝不冷眼他人；天秤具有极强的反差萌，人前气质出挑、温良恭俭，人后腹黑心机、正义感满满，常因为热心助人而暴露隐藏属性，但这更增添了天秤的人格魅力。@品鉴图库,['漫画']
I01266606,男生不知道的女生秘密,http://wallpaper.cdn.pandora.xiaomi.com/thumbnail/webp/w1350/MiTv/06dd7446876294c0bb958daf0a4b6f3f9bdf4ffcf,CC01000017,动漫,无论再怎么贤淑、温婉的女生，只要是在闺蜜面前都有说不完的话，仿佛像是变了一个人，就连往常开不了的瓶盖，也能轻易扭开。千万别试图看你女友和她闺蜜的聊天记录，因为那都是见不得人的，一旦你看了，你很有可能会受伤。@锐景,[]
I01191939,温婉的和服少女,http://wallpaper.cdn.pandora.xiaomi.com/thumbnail/webp/w1080/MiTv/04844042c79d94c431aafa04eb1acc61cb3b43f7b,CC01000017,动漫,女孩穿着一身靛蓝色和服，衬得手腕纤柔白皙。站在垂樱树下，眸含春水清波流盼，头上步摇巍巍颤颤。@乐次元,['和服']
I01184833,和服少女,http://wallpaper.cdn.pandora.xiaomi.com/thumbnail/webp/w1080/MiTv/0ff2f45cec4caf28757377d2132da7159cf42e590,CC01000017,动漫,穿着浅蓝色带小花和服的少女，留着一头桃粉色的软发，梳了一个小蟠桃式的发髻，装饰着一朵大大的白玫瑰。手里拿着刚出炉的海苔饼，迫不及待的品尝起来。@乐次元,['和服']
I01188291,伞下的和服少女,http://wallpaper.cdn.pandora.xiaomi.com/thumbnail/webp/w1080/MiTv/08bca2496a539444f2b4c033c45ef40c8fadad3c6,CC01000017,动漫,瑞雪兆丰年，新的一年里，和服少女手撑一把红伞，走在森林神龛上，为子民祈祷新的一年五谷丰登，风调雨顺。@乐次元,['和服']
I01292268,神里绫华,http://wallpaper.cdn.pandora.xiaomi.com/thumbnail/webp/w1350/MiTv/073ccc067bc9f49418f54f26348f099ac9eacdfa2,CC01000017,动漫,即便是在战斗中，神里绫华也不失风雅容姿。她将自己的“剑心”之道融入神里流太刀术，如雪中白鹤般起舞，在凛冽霜华中击败对手。@乐次元,['优美', '樱花', '微风']
I01209307,少女时光,http://wallpaper.cdn.pandora.xiaomi.com/thumbnail/webp/w1080/MiTv/0dfdfb449e01b464606a4b7b02bc3ae8cce363ba7,CC01000017,动漫,女孩伸手拿过一封印着红心的信封抵在唇边，带着无边的心思细细琢磨着。@乐次元
,['害羞']
I01191915,风华绝代,http://wallpaper.cdn.pandora.xiaomi.com/thumbnail/webp/w1080/MiTv/0b8444b2cc9398c4b4aafd04ef3ac56fc67417bc0,CC01000017,动漫,芙蓉不及美人妆，水殿凤来珠翠香。璀璨灯火照亮夜空，手持红伞驻足一旁。和服少女站在屋前，眉目流转。@乐次元,['和服']
I01256719,少女的秀发,http://wallpaper.cdn.pandora.xiaomi.com/thumbnail/webp/w1350/MiTv/0e4b15ad74c3e4b85b1ce9abe84930569f9794ed9,CC01000017,动漫,童年的记忆中，热闹的游乐园和旋转木马旁，那个蓝粉发的女孩，都是我最美好的回忆。@乐次元,['优美', '童年', '麻花辫', '回忆', '游乐场']
I01159204,少女乐团派对,http://wallpaper.cdn.pandora.xiaomi.com/thumbnail/webp/w1080/MiTv/0c36b42506171bda71257b63db0ebb804d9408c9d,CC01000017,动漫,在花咲川女子学园组建的少女乐团！快来一同开启闪亮校园乐队之旅吧！@乐次元,['摇滚', '派对', '梦想', '乐团', '游戏', '手游']
I01164962,青春校园少女,http://wallpaper.cdn.pandora.xiaomi.com/thumbnail/webp/w1080/MiTv/0997c56e02bdd7895aef4162c424091018a40a47a,CC01000017,动漫,青春是一片树叶的门，从淡黄的叶尖凝成青翠的一片，迎着季节成长，终须面对校园的希冀与梦想。当我仰起头，睁开双眼，面对校园里的无数次花开花落。 @乐次元,['制服', '校园', '萝莉']
I01221703,晚霞中的少女,http://wallpaper.cdn.pandora.xiaomi.com/thumbnail/webp/w1080/MiTv/055d9470206c726ca76be2ce08fa7204ad0437c34,CC01000017,动漫,晚霞闪烁在天边，照亮黑压压的夜空，女孩坐在石头上，圆圆的脸颊染上了红霞，娇滴滴地惹人生怜。@乐次元,['温柔', '萝莉']
I01295846,青葱岁月,http://wallpaper.cdn.pandora.xiaomi.com/thumbnail/webp/w1350/MiTv/0388aedeaf66d4c5496e54907d04e1d5c21ee2639,CC01000017,动漫,教室的转角遇到马尾少女，阳光透过窗户温暖了空气，挥一挥手笑着看你，新的一天要有好心情。@乐次元,['书包', '马尾辫', '活泼']
I01186149,花样和服少女,http://wallpaper.cdn.pandora.xiaomi.com/thumbnail/webp/w1080/MiTv/0f0c8b42fc48d417621219a6e21e9d0f7a27d7d38,CC01000017,动漫,天气晴朗，光线充足。女孩穿着繁花点缀的和服，轻挽长发，走在街上。一手提着篮子，一手拿着汽水。@乐次元,['和服']
I01261959,最受男神欢迎的星座,http://wallpaper.cdn.pandora.xiaomi.com/thumbnail/webp/w1350/MiTv/0bd84c410c9e64b47ba4232ab4c3d72ea07cc4c9c,CC01000017,动漫,双鱼座最爱幻想，仿佛活在童话中一样，萌萌的惹人怜爱。邻家小妹型的她们算是男孩心中的理想型了，让男生心生保护感。@乐次元,['灵巧', '星座', '双鱼座', '软萌']
I01181649,甜甜的微笑,http://wallpaper.cdn.pandora.xiaomi.com/thumbnail/webp/w1080/MiTv/06503a59c0dac43d7010b769099c68fddf133825b,CC01000017,动漫,太阳已经没入地平线，晚霞映红了整个天际，月亮在云层中露出一角，戴着华丽头饰的少女穿着白里透红的和服依靠在栏杆上，手撑着脑袋，甜甜一笑，怡人心脾。@乐次元,['日落', '和服']
I01232779,童话中的公主,http://wallpaper.cdn.pandora.xiaomi.com/thumbnail/webp/w1080/MiTv/0a3f5559e876d4bff2a511b880cc72a71771746eb,CC01000017,动漫,柔弱的月光雨萤火融合成昏暗的天地，隐隐约约，朦朦胧胧，描绘出女孩清冷的轮廓，游走在夜色的怀中。@乐次元,['童话', '公主']
I01167802,想起你的瞬间,http://wallpaper.cdn.pandora.xiaomi.com/thumbnail/webp/w1080/MiTv/0a3e2455dc1d38d3176560d17b1e79f909e41226b,CC01000017,动漫,白日，喧嚣与纷扰，无法静下来想你，只好戴上耳机，隔绝这烦扰的一切，在美妙的音乐中，想你。@乐次元,['城市风光', '萝莉']
I01194630,心中的念想,http://wallpaper.cdn.pandora.xiaomi.com/thumbnail/webp/w1080/MiTv/0d6c7d4def4fa4c8230229bdafecc01257a0e9d6b,CC01000017,动漫,广袤的林海，郁郁葱葱，少女悄悄的躲在门口小心张望，门里有她年少时的梦想和心中的念想。@乐次元
,[]
I01267300,学会这些星座的人生观,http://wallpaper.cdn.pandora.xiaomi.com/thumbnail/webp/w1350/MiTv/086262462e6134964af7343ba367dac4c854050d0,CC01000017,动漫,开心最重要，对于白羊座的人来说，做人嘛，最重要的就是开心了。他们把自己的开心放在第一位，很容易给自己带来满足感和幸福感。@乐次元,['开心', '快乐', '星座', '白羊座']
I01258830,隐藏最深的二大星座,http://wallpaper.cdn.pandora.xiaomi.com/thumbnail/webp/w1350/MiTv/070acb4666235403e9ac58619035ef8e93a885344,CC01000017,动漫,狮子座是一个温柔的人，而她最会隐藏的就是自己的真实想法。狮子座虽然温柔，但她却是一个极度缺乏安全感的人，所以狮子不会轻易将自己的真实想法说出来，这也许是一种自我的保护意识。在外人看来，狮子就是一个安分守己、踏实肯干的人。@锐景,['温柔', '治愈', '制服']
I01298361,女生变优秀的小技巧,http://wallpaper.cdn.pandora.xiaomi.com/thumbnail/webp/w1350/MiTv/0591cf9288bfb4da4a5d4245c3fefcce8c4d9207a,CC01000017,动漫,女生想要变得优秀，就需要克服懒惰拖延的坏习惯，只有实际行动才能让自己发生真正的蜕变。就从小细节上开始改变自己，如早睡早起、按时吃饭，拒绝懒惰。记住，只有保持清醒、自律的女生，才能吸引到同样优秀的人。@站酷海洛,['温柔']
I01052511,樱花树下,http://wallpaper.cdn.pandora.xiaomi.com/thumbnail/webp/w1080/MiTv/0283c5597766973047b28a083ff44cd4bd5411732,CC01000017,动漫,她巴眨着灵动的双眼，手握着剑，站在樱花树下，等待有缘人的到来。此刻飘起的樱花花瓣，更平添了一分浪漫气息。,['优美', '樱花', '樱花树']
I01191940,温婉的和服少女,http://wallpaper.cdn.pandora.xiaomi.com/thumbnail/webp/w1080/MiTv/00844042c79d94c441aafb04ebbacc66cb3bf3f7b,CC01000017,动漫,热闹的街巷上，和服少女蹲在小摊前。和服娴雅，发丝柔美飘逸，手指纤细，双眼明动带着淡淡惊异，对水中的彩球势在必得。@乐次元,['和服']
I01188259,北方有佳人,http://wallpaper.cdn.pandora.xiaomi.com/thumbnail/webp/w1080/MiTv/08bca2496a539444e2b4cf33c40ef4028fad7d3c6,CC01000017,动漫,温暖的灯光下。少女穿着一袭蓝白相间的华美和服，周围一簇簇鲜艳的花朵，聚集在叶片下，犹如无数只蝴蝶，微微张开翅膀，停在空中，凝然不动。@乐次元,['和服']
I01322053,公认颜值最高的星座,http://wallpaper.cdn.pandora.xiaomi.com/thumbnail/webp/w1350/MiTv/0acf69de9fe4e48f39fd585e59fb9f6bd9e3071bb,CC01000017,动漫,天秤从小就人见人爱，他们似乎也知道自己在颜值方面的出众，衣着等审美的加成，使得天秤的魅力格外引人注目；天秤生来自信，哪怕身处逆境仍然心向阳光，坚定不移地相信自我，热情大方的性格，也使得他们闪闪发光。@品鉴图库,['游戏']
I01294793,属于少女的独有浪漫,http://wallpaper.cdn.pandora.xiaomi.com/thumbnail/webp/w1350/MiTv/03ceaf7cc3a084ca2a5771d68da4ca21bfdd0aa39,CC01000017,动漫,古今中外，只要有女生就必然有鲜花，身处青春期的女生看到如自己一样鲜亮的花朵，试问谁能不心动，如果你有喜欢的女生，请记得时不时地给她一束鲜花，因为鲜花最能衬托出女孩的美。@锐景,[]
I01315553,最容易被异性惦记的星座,http://wallpaper.cdn.pandora.xiaomi.com/thumbnail/webp/w1350/MiTv/08038d6a376eb4ce1b654bd58ff3884ec78a8458f,CC01000017,动漫,不管是谁，跟巨蟹座相处时间长了，都会得到一个结论，这人真是太好相处了；只要你对他好一点点，巨蟹座就会万分的回报给你，给你加倍的热情和真心。@品鉴图库,['漫画']
I01109016,撑伞的女孩,http://wallpaper.cdn.pandora.xiaomi.com/thumbnail/webp/w1080/MiTv/0370e40fb0172b04a68e63022ac00f8f25143f156,CC01000017,动漫,女孩眉间颦蹙，却更显灵动可爱。蝴蝶飞落到她的指尖，似在安慰，愿她重新绽出甜美的笑颜。@有料,['和服', '油纸伞', '快乐']
I01228416,绚烂夜空,http://wallpaper.cdn.pandora.xiaomi.com/thumbnail/webp/w1080/MiTv/01ee25c62f6155a00d491880f5b82ee3479419d95,CC01000017,动漫,清爽的夏夜，晚饭后女孩穿上白裙，拿上烟花准备在这里绽放，四周萤火虫的光亮和星星交织，构成一幅夏日美景。@乐次元,['纯真', '日系']
I01264232,桃花不断的星座,http://wallpaper.cdn.pandora.xiaomi.com/thumbnail/webp/w1350/MiTv/0096c8bb880664678b0e26ffe300103c98166f7f7,CC01000017,动漫,射手座喜欢一个人的时候往往是热情无限，浪漫攻势不断，温柔体贴，细心呵护，但热恋期过了，注意力就会开始从这段感情中抽离。@乐次元,['温柔', '热情', '星座', '射手座']
I01266609,提升你妆面质感的技巧,http://wallpaper.cdn.pandora.xiaomi.com/thumbnail/webp/w1350/MiTv/0939495cfdd3b41afa25e3cafc6549d2c59454d32,CC01000017,动漫,底妆是日系妆容妆面质感的关键。日系妆容不刻意追求白，所以尽量选择贴合肤色的色号，在用量上也不能太夸张，要少而精准，这就要求熟练度了。日系妆容的底妆手法也很简单，只需要通过简单的点涂+晕染就能完成。@锐景,['妆容', '实用技巧']
I01261948,这些星座适合做闺蜜,http://wallpaper.cdn.pandora.xiaomi.com/thumbnail/webp/w1350/MiTv/03a15f8c132ff4007b3606deddf6b44e75ff28c3b,CC01000017,动漫,白羊对朋友绝对坦诚。有什么好的东西，也是第一个和闺蜜分享。当闺蜜之间发生争执，白羊不会藏着掖着，她会实话实说。白羊的坦诚，为她赢得了闺蜜的信任，因此白羊也是拥有闺蜜最多的星座。@今日必看,['短裙', '闺蜜', '小米精选']
I01292525,少女的优雅永不过时,http://wallpaper.cdn.pandora.xiaomi.com/thumbnail/webp/w1350/MiTv/0f0788f65fb4346de819079e6e3baae63f573fc7b,CC01000017,动漫,优雅不是生活给予的美好，而是一个女人骨子里流淌的风情，她不用去刻意地寻找，一直在内心的深处隐藏，需要做的就是去静静的感受，不被繁华所迷惘，不被磨难所忧伤，只需要一颗从容的内心，便可以优雅的拥抱这美好的人生。@锐景,['棕色调', '麦田', '惬意']
I01261514,少女的秘密,http://wallpaper.cdn.pandora.xiaomi.com/thumbnail/webp/w1350/MiTv/0b012a60d78334724bc29fccc0f5620d883cee4ec,CC01000017,动漫,你说四点要来见她，那她两点的时候就会开始等你，因为知道你会来，所以等你的时光，也变得甜而稳妥。@乐次元,['温暖', '甜蜜', '围巾', '时光']
I01208940,悠然好心情,http://wallpaper.cdn.pandora.xiaomi.com/thumbnail/webp/w1080/MiTv/071c64a49cf46a66a4cdc3c60aadc1056a441c099,CC01000017,动漫,双马尾少女来到花房，花房里花朵争相盛开。女孩采了几朵洁白的百合花，放进花瓶里，感受着美丽的芬芳和悠然的心境。@乐次元,['双马尾']
I01173131,阳光之花,http://wallpaper.cdn.pandora.xiaomi.com/thumbnail/webp/w1080/MiTv/0943ab56f08e34d072f3b12bbf6c5e1d0f8ad2292,CC01000017,动漫,充满希望的向日葵花海，阳光天使降临，将阳光洒落人间，将幸运带到身边。@乐次元,['向日葵']
I01183980,音乐少女,http://wallpaper.cdn.pandora.xiaomi.com/thumbnail/webp/w1080/MiTv/06275c486dd0d48670ada38df225656f108032686,CC01000017,动漫,拱桥上，女孩穿着一身纯白的连衣群，微微闭上双眼，手指灵巧的在金色的“键盘”上跳动，那音符便从萨克斯那深沉的管口徐徐的上升，在空气中飘荡。@乐次元,['音乐']
I01279036,堪称最佳女友的星座,http://wallpaper.cdn.pandora.xiaomi.com/thumbnail/webp/w1350/MiTv/067b35b4077e743ad8690a972b984facd77aca6b0,CC01000017,动漫,双鱼座的女生也是十二星座当中，最称职的女朋友，他们在谈恋爱的过程当中，会记得对方所有的纪念日，也会精心准备给对方的惊喜。双鱼座本身就是充满仪式感的存在，他们不希望每一天按部就班地进行。@今日必看,['吉他', '耳机']
I01055754,魔法少女奇遇,http://wallpaper.cdn.pandora.xiaomi.com/thumbnail/webp/w1080/MiTv/037e51413c9b142541910a44f3066ea4da2e68335,CC01000017,动漫,紫发少女笔尖一挥一毫之间，魔法就诞生在这一刻。少女虔诚的眼神，透着无数点点星河，神秘而美丽。@有料,['俏皮', '魔法']
I01295244,爱念的声音,http://wallpaper.cdn.pandora.xiaomi.com/thumbnail/webp/w1350/MiTv/04344512dea404ee9872bd83faa38135f991c0ff8,CC01000017,动漫,我爱你，无须牵着你的手佯装幸福，我会在你身后默默地呵护你。@乐次元,['卷发', '笑容']
I01173342,美食达人,http://wallpaper.cdn.pandora.xiaomi.com/thumbnail/webp/w1080/MiTv/03c21d4f7956f492e131c7a0b8fee1c04212beb75,CC01000017,动漫,西式的午餐，美味而又丰富，一杯的红酒和饱满的披萨，喜欢这种甜甜的味道。@乐次元,['披萨', '西餐']
I01295378,二次元学霸型美少女,http://wallpaper.cdn.pandora.xiaomi.com/thumbnail/webp/w1350/MiTv/04ebc6ab08f634f5ea7aa5d793086d6146549b598,CC01000017,动漫,外表眉清目秀，性格内敛温婉，拥有超高人气的少女成绩一直名列前茅，是传说中的学霸级人物。@锐景,['清新自然', '惬意']
I01192572,红伞伊人,http://wallpaper.cdn.pandora.xiaomi.com/thumbnail/webp/w1080/MiTv/0b8445b2cb9396c4bcaafa04e23acc6fc37417bc0,CC01000017,动漫,红伞遮住了春日的骄阳，女子俊美的容颜，端庄娴雅。白皙的肌肤透着淡淡的粉色，煞是美丽，飘零的花瓣在周边纷飞。@乐次元,['和服']
I01374658,哪些台词让你记住这部动漫,http://wallpaper.cdn.pandora.xiaomi.com/thumbnail/webp/w1350/MiTv/0ee0dc5daf4974d0bb0fc5a1e3c3a99485f15396e,CC01000017,动漫,愿你被世界温柔以待，也能温柔地对待这个世界。——《夏目友人帐》@乐次元,['雪人']
I01258766,女生的“夏日烦恼”,http://wallpaper.cdn.pandora.xiaomi.com/thumbnail/webp/w1350/MiTv/0ce6cbe086e5f47aaa7dbb141b83eba9ba9d5bfc2,CC01000017,动漫,天气一热，女生们的各种烦恼也随着而来，有人忙着减肥健身，有人忙着遮肉，有人苦恼护肤美白……但夏天最大的烦恼还是脱妆。美美地化个妆出门，结果流个汗就花得一塌糊涂，别说美了，简直“丑”到怀疑人生。@锐景/莫莫,['夏天', '惬意']
I01262421,女生的童话公主梦,http://wallpaper.cdn.pandora.xiaomi.com/thumbnail/webp/w1350/MiTv/00baa69240832400095d1f6e25fafc7f8f7e02126,CC01000017,动漫,很多女孩应该都有一个童话公主梦，有着恩爱的父母，富足的家庭，温柔体贴的王子。每天都优雅大方地吃着精致的食物，学习芭蕾、钢琴，安安静静地看着书，始终美美的。然而，即使是美好的童话，也一样有着感人的悲情故事。@麦拉风,['童话', '美人鱼', '绘画', '公主', '人鱼', '小米精选']
I01164513,静卧想念,http://wallpaper.cdn.pandora.xiaomi.com/thumbnail/webp/w1080/MiTv/0097ca4e0abed48940ef4d62c464071d16d5b20a9,CC01000017,动漫,这世界上爱你的人很多，但是能让你安心的只有少数，不珍惜你的人就告别好了，自己过得舒心最重要。@乐次元,['睡觉', '睡衣']
I01174449,万圣狂欢夜,http://wallpaper.cdn.pandora.xiaomi.com/thumbnail/webp/w1080/MiTv/0072fd4b2863b4c0d0a07f87eb4c1f8754900b424,CC01000017,动漫,对于小萝莉来说，没有什么比得到万圣节糖果更开心的啦，不给糖果的话，就捣乱给你看！@乐次元,['制服', '万圣节', '萝莉']
I01259711,内心太过敏感的星座,http://wallpaper.cdn.pandora.xiaomi.com/thumbnail/webp/w1350/MiTv/03a2d21b03a894f65b40a631d7d2ed326923e21d5,CC01000017,动漫,双子座的人总是会忍不住去观察身边人的一举一动，然后习惯性地去迎合别人，他们生怕自己哪里做的不好而引起别人的反感。有时候别人的一个眼神，或是一个动作，都能让他们联想到很多东西，内心世界着实丰富！@今日必看,['背包']
I01109014,撑伞的女孩,http://wallpaper.cdn.pandora.xiaomi.com/thumbnail/webp/w1080/MiTv/0b70e64fb1102404c38e6d0221100584207a2cff3,CC01000017,动漫,烟雨朦胧中，撑着油纸伞的姑娘，宛若从梦中走来，不染一丝尘埃。她从谁的眼前走过，又走入了谁的心间？@有料,['和服', '油纸伞', '快乐']
I01295383,轻剪一地繁华,http://wallpaper.cdn.pandora.xiaomi.com/thumbnail/webp/w1350/MiTv/0e2fd4707f9a34ace958305889e19676fcff0c18d,CC01000017,动漫,拿第一缕阳光的好运，集清晨露珠的吉祥，送出清晨的第一声问候，带着甜蜜与花香。@乐次元,['甜蜜', '短发', '樱花', '吉祥']
I01332564,分手绝不拖泥带水的星座,http://wallpaper.cdn.pandora.xiaomi.com/thumbnail/webp/w1350/MiTv/0a0c3e8cb14bf4f71a832d7af794b76e7ce21059d,CC01000017,动漫,天蝎座在感情方面非常理性，爱的时候情深似海，不爱的时候一秒变拽；不管对方答不答应，天蝎座做的只是通知，虽然在一起是两个人的事，但分手却是一个人的事。@品鉴图库,['漫画']
I01173555,爱豆的生活,http://wallpaper.cdn.pandora.xiaomi.com/thumbnail/webp/w1080/MiTv/01c21d4f7954f4926131cea0b80ee1c442121eb75,CC01000017,动漫,路过的站牌，贴着自己的海报，有时候也需要自我的欣赏，美美的合影一张。@乐次元,['短发', '偶像', '街头']
I01255476,金黄的回忆,http://wallpaper.cdn.pandora.xiaomi.com/thumbnail/webp/w1350/MiTv/08689d4f7e6a14e368c9e1bfad8cb20bc4f449c09,CC01000017,动漫,盛夏的阳光带着炽热的温度洒落大地，少女热红了的脸颊像极了诱人的苹果，让人想咬一口。@乐次元,['软萌']
I01259710,内心太过敏感的星座,http://wallpaper.cdn.pandora.xiaomi.com/thumbnail/webp/w1350/MiTv/0572f42639606483fbd6756406da13bec78f37e55,CC01000017,动漫,巨蟹座的人心思细腻敏感，一旦认同的人伤害或是怠慢了自己，受伤之后的巨蟹座就会变得十分的敏感，而一旦走进死胡同里走不出来的时候，巨蟹座的人就会变得喜欢胡思乱想，也会变得越来越悲观失望。@今日必看,['樱花', '小鸟']
I01178212,校服女孩,http://wallpaper.cdn.pandora.xiaomi.com/thumbnail/webp/w1080/MiTv/0c5b8b5642581472426f423a229f4eabd11d2b105,CC01000017,动漫,海边艳阳高照，阳光下女孩明艳动人。整洁校服被海水淋湿有些褶皱。黑色发丝轻舞，阳光的味道在发间若隐若现。@乐次元,['萝莉']
I01193788,梦幻之蓝,http://wallpaper.cdn.pandora.xiaomi.com/thumbnail/webp/w1080/MiTv/016c7d4def45a4c8730224bdaf3cc01157a0e9d6b,CC01000017,动漫,寒冷的空气凝结成一座晶莹剔透的水晶宫殿，华丽非凡。少女站在一簇簇水晶柱旁，看着夜空瑰丽奇异的极光。@乐次元,['水晶']
I01186523,笑靥如花,http://wallpaper.cdn.pandora.xiaomi.com/thumbnail/webp/w1080/MiTv/080c85a2fb42db17731215a6e97e940d78c4232db,CC01000017,动漫,女孩穿着毛茸茸的裙子，简洁的银色短发衬得女孩肌肤娇嫩，在寒冷的夜空下，双手紧握，哈气取暖。@乐次元,['温暖']
I01177090,春的消息,http://wallpaper.cdn.pandora.xiaomi.com/thumbnail/webp/w1080/MiTv/0e6a149ad96c05816b722e17da36fd3720f40454c,CC01000017,动漫,洋洋洒洒，细细如丝，春雨就这样来到了面前，带着独特的气息，敲打着红色伞面，渲染了整条街巷。@乐次元,['街道', '雨伞', '萝莉']
I01195398,心怀希望,http://wallpaper.cdn.pandora.xiaomi.com/thumbnail/webp/w1080/MiTv/0b6c757de94aa5c8030228bdab9cc81d59f436f0d,CC01000017,动漫,天空笼罩着一层蓝朦朦的雾气，远处的房屋变得模糊。可爱的长发少女咬着热腾腾的包子，慌慌张张的跑向学校。@乐次元,[]
I01268992,三大星座被表白的反应,http://wallpaper.cdn.pandora.xiaomi.com/thumbnail/webp/w1350/MiTv/0463e9e7efd5a4af2960c63321a57e781b4c317e4,CC01000017,动漫,如果你在跟射手座表白之后，他没有直接拒绝你，并且还会主动找你聊天的话就说明你们真的有戏。@乐次元,['华丽', '星座', '射手座', '唱歌']
I01173585,花语花心,http://wallpaper.cdn.pandora.xiaomi.com/thumbnail/webp/w1080/MiTv/09fba4b645f8fb748372038f7c97f26425143f351,CC01000017,动漫,我的花语是阳光，驱散冬日的寒冷，迎接暖阳，我是大自然喜欢的存在。@乐次元,['蝴蝶']
I01160632,明日方舟,http://wallpaper.cdn.pandora.xiaomi.com/thumbnail/webp/w1080/MiTv/05a46248b001846f42f3719bc1f192b38dbcbc471,CC01000017,动漫,这是一家明面上经营着正常的物流运输业务的公司，实际却从事着情报贩卖、武装押运、秘密运输等地下工作。@乐次元,['战斗', '游戏']
I01253988,可爱萝莉,http://wallpaper.cdn.pandora.xiaomi.com/thumbnail/webp/w1350/MiTv/0271cdf531cfa4fb5aa9ae3844ab7cc5e84aeb677,CC01000017,动漫,少女身着粉白色的小洋裙，淡粉色的秀发在空中飞舞着，白皙的脸庞上双眸干净明亮。@乐次元,['明亮', '萝莉']
I01250739,宫崎骏三大经典动漫,http://wallpaper.cdn.pandora.xiaomi.com/thumbnail/webp/w1350/MiTv/0f7554fd5e320dde09e343a50555c2b8958402f4f,CC01000017,动漫,《龙猫》：这好像是宫老爷子的作品中最“平淡”的一部了。没有轰轰烈烈的冒险，没有感人至深的大道理，从头到尾就是一家人普通的日子，但是却又那么的痛陈心扉。这个影片最厉害的就是在平平淡淡之中，带给了大家温暖。@好看,['动画电影', '宫崎骏', '龙猫']
I01295848,青葱岁月,http://wallpaper.cdn.pandora.xiaomi.com/thumbnail/webp/w1350/MiTv/0ded5b31a30c44851a6121e76a298c9122f84913e,CC01000017,动漫,白色窗帘被风吹得轻轻飘动着，温暖的阳光照在拿花的少女的脸上，泛着柔和的光。@乐次元,['温暖', '柔和', '金发']
I01279168,黑夜精灵,http://wallpaper.cdn.pandora.xiaomi.com/thumbnail/webp/w1350/MiTv/09987084f89f64fa0b8f89c88bdf94734f979b3c3,CC01000017,动漫,每当夜晚来临，荷塘里的，划一艘小船，大概就是我一天最放松的时候吧，知道吗，一个人面具戴久了就脱不下来了，而我也快不认识自己了。@乐次元,['小船', '荷花', '舒服', '轻松']
I01374865,梦中的世界,http://wallpaper.cdn.pandora.xiaomi.com/thumbnail/webp/w1350/MiTv/032e3b17359c144b7b9d827c170a18a31f43a4fb1,CC01000017,动漫,梦是夜晚被撕开的一扇时空大门，让我们去到另一个世界，在那个世界我们可以奔跑着去见想见的任何人。@乐次元,['笑容', '月亮', '魔法', '小米精选']
I01197793,调皮可爱小萝莉,http://wallpaper.cdn.pandora.xiaomi.com/thumbnail/webp/w1080/MiTv/0b36214f2b7b04a340c4f79ae2586b33aac9c5a4e,CC01000017,动漫,一袭红色公主裙的调皮可爱小萝莉，白净粉嫩的脸上镶嵌了一双明亮的眸子，灿若繁星，让人惊讶于她清雅灵秀的光芒。@乐次元,['萝莉']
I01175190,雨后漫步 让回忆氤氲,http://wallpaper.cdn.pandora.xiaomi.com/thumbnail/webp/w1080/MiTv/0872fd5b2861b4c010a07987eb1c1f845490bb424,CC01000017,动漫,雨后的世界变得明亮了许多，处处花香鸟语，女孩穿着心爱的小白裙，撑着心爱的小白伞，似乎有奇妙的精灵出现与女孩一同玩耍。@乐次元,['花园', '萝莉', '小米精选']
I01372182,冷起来最折磨人的星座,http://wallpaper.cdn.pandora.xiaomi.com/thumbnail/webp/w1350/MiTv/001f09e59de3c4b53a6741d1d6aeb964999b6f704,CC01000017,动漫,巨蟹座的人很情绪化，因为他们心思过于细腻感性而常常想得太多，导致自己的心情变化起伏很大，因此有人会觉得巨蟹会耍小脾气，会无理取闹。其实巨蟹不经常发脾气，只要巨蟹不开心了就会变得沉默，对一切问题冷处理。@有料,['优美', '鸽子', '星座']
I01269070,隐形的高情商星座,http://wallpaper.cdn.pandora.xiaomi.com/thumbnail/webp/w1350/MiTv/054a31b905bff44259d7f438b8ae099292f1e8aee,CC01000017,动漫,作为后天历练成才的星座，天秤座的情商绝对是随着时间推移越来越高的。天秤座更倾向于从“外界的反射弧”来确立自我，无论是对自我情绪的把握，还是对他人处境的察觉，天秤座都是后天慢慢进化，逐渐完成“情商高人”的目标的。@锐景,['魅力', '星座', '天秤座']
I01276177,脱发女生的自救指南,http://wallpaper.cdn.pandora.xiaomi.com/thumbnail/webp/w1350/MiTv/0e269c61241ee4d429b92c7ffdfd64c14cf6263d1,CC01000017,动漫,我们在选购洗发水之前，一定要先了解自己的发质、头皮的类型。比如，拥有油性发质的人适合用含月桂醇硫酸酯钠成分的洗发水，而含硅油的洗发水适合干枯毛躁、烫染损伤的头发。@站酷海洛,['云彩', '奔跑']
I01373897,童年记忆《加菲猫》,http://wallpaper.cdn.pandora.xiaomi.com/thumbnail/webp/w1350/MiTv/004001383823044648ed28d259de022fea7f354c1,CC01000017,动漫,《加菲猫》动画片主角加菲是全身长着橙色皮毛的加菲猫，是一只生长在大都会内一个平凡街区的猫儿，他天生具有哲人般的怪想法和似乎永无止境的旺盛食欲。@图虫创意,['搞笑', '动画片', '加菲猫']
I01174792,蓝色之梦,http://wallpaper.cdn.pandora.xiaomi.com/thumbnail/webp/w1080/MiTv/0472f54b2569b9c008a07a87e1bc1584508402bfd,CC01000017,动漫,纯真的女孩喜欢在水边嬉戏，脚丫踩在水里，溅起一片片欢快的浪花。@乐次元,['纯真', '萝莉']
I01172420,秋日私语,http://wallpaper.cdn.pandora.xiaomi.com/thumbnail/webp/w1080/MiTv/0043ab46f08b34d0b2f3b12bbf9c5e170f8ab2292,CC01000017,动漫,秋意正浓，驻足于这金灿灿的画幅中，唯你格外绕眼，这是个适合恋爱的季节。@乐次元,['银杏']
I01193738,青丝飞扬,http://wallpaper.cdn.pandora.xiaomi.com/thumbnail/webp/w1080/MiTv/0d041b5dcc2c7459e1a4d41b14aae7f354c5d4318,CC01000017,动漫,微风拂来，带着丝丝缕缕的花香，吹乱了少女一头柔顺的长发。校服少女长发飘扬，碧蓝的双眸似清泉，清澈见底。@乐次元,[]
I01306196,恋爱后最被宠爱的星座,http://wallpaper.cdn.pandora.xiaomi.com/thumbnail/webp/w1350/MiTv/076b2f3e4df2d4dcea23cb850dd3c9d869110a556,CC01000017,动漫,天生颜值出众的天秤女可不是只有颜值没有头脑的人，她为人处世恰到好处，做事永远都在对方可接受范围内，从不过界。因此，天秤女的另一半在恋爱的时候，永远都会感受到天秤女的如沐春风，自然就会把她放在心上宠爱。@锐景,['惬意', 'JK制服']
I01238265,如花般娇艳,http://wallpaper.cdn.pandora.xiaomi.com/thumbnail/webp/w1080/MiTv/055e1561e2dd7253dce46de4f2f74c379ca405e54,CC01000017,动漫,春日的暖阳最是不能辜负，少女捧一束七彩的花朵，走在这微风之中，享受阳光的温暖。@乐次元,['温暖', '春天', '微风']
I01373027,这个星座爱对方胜过爱自己,http://wallpaper.cdn.pandora.xiaomi.com/thumbnail/webp/w1350/MiTv/0892a6794b67c4e0cb3f7dce6aaf271aaf4c9405f,CC01000017,动漫,在一段感情中狮子明显爱对方胜过爱自己，会像照顾小孩子一样，舍不得爱人受一点委屈；哪怕自己在外怎么打拼，狮子也不愿让爱人吃苦，不为别的，就因为自己是狮子座，会疼人又贴心那是天生的。@品鉴图库,['漫画']
I01253974,回眸一笑百媚生,http://wallpaper.cdn.pandora.xiaomi.com/thumbnail/webp/w1350/MiTv/00a45483abfd645ba9cf401ffec7580d2075988fb,CC01000017,动漫,傍晚的夜空中升起五彩的绚烂烟火，微风轻抚起少女细软的发丝，少女带着淡淡的笑意回首的那一瞬间，美得时间仿佛都静止。@乐次元,['夜空', '黄昏', '傍晚', '微风', '烟花', '五彩缤纷']
I01259668,星座界的“福尔摩斯”,http://wallpaper.cdn.pandora.xiaomi.com/thumbnail/webp/w1350/MiTv/055afc29de5cd4e62bbd89cd5ab92c8df6f34de55,CC01000017,动漫,巨蟹座具有丰富的想象力，而且勤恳、不畏艰辛，做事非常的细腻有准则，对待事物的变化也非常的敏感，一旦有一点细微的变化，她都会有所察觉，她们的第六感是非常准的，所以很多事都在她们的意料之中。@锐景,['清新自然', '惬意', 'JK制服', '小米精选']
I01221866,艳丽红花,http://wallpaper.cdn.pandora.xiaomi.com/thumbnail/webp/w1080/MiTv/0b6531584ccda421a2cb5d0bddfb3d2366668342a,CC01000017,动漫,高贵的少女穿着白色的长裙，披着淡蓝的披风，趴在椅子上，身边红色的花朵绽放，在这淡蓝色的灯光中衬托出少女的美丽。@乐次元,['清新自然', '温柔']
I01248533,最受欢迎的动漫女神,http://wallpaper.cdn.pandora.xiaomi.com/thumbnail/webp/w1350/MiTv/0f3f84850d1bb2f61e0ccac8112fdc988e840f2b5,CC01000017,动漫,她是《刀剑神域》的女主角，外观优雅大方，深受网友喜爱，一头金色的长发简直美极了。这个女主的人设还是非常受网友喜爱的，为人非常的坚强，性格冷酷。@品鉴阅读,['绘画']
I01196303,天真无邪,http://wallpaper.cdn.pandora.xiaomi.com/thumbnail/webp/w1080/MiTv/03d63d4594e364bcd0335ca2b3dc11a56b3a57b88,CC01000017,动漫,道道流星穿梭在迷人的夜空中，倒映在少女如汪洋一般的眼眸里。晚风清凉，拂过帽子下的发丝，露出婴儿肥的脸颊。@乐次元,['萝莉']
I01236313,雍容大小姐,http://wallpaper.cdn.pandora.xiaomi.com/thumbnail/webp/w1080/MiTv/04d98c4b25e9f400e16693c4f096f32242825e12e,CC01000017,动漫,桃花树下，一位小姑娘手拿着打开的紫色印花油纸伞，一身蓝色汉服在粉红的花团中显得格外耀眼。@乐次元,['樱花', '油纸伞']
I01166970,爱拍照的女孩,http://wallpaper.cdn.pandora.xiaomi.com/thumbnail/webp/w1080/MiTv/08e6947531960ebd8a73f19aef654511ed943de7f,CC01000017,动漫,生活中爱拍照的女孩，有多可爱呢？她会用相机记录清晨日落的每一缕阳光，初春花朵的每一次盛放。@乐次元,['萝莉']
I01323264,最常出天才的星座,http://wallpaper.cdn.pandora.xiaomi.com/thumbnail/webp/w1350/MiTv/04c04c97de27b42d69f251afbe4f7dfd1a0330820,CC01000017,动漫,金牛座通常被认为吝啬，一毛不拔、铁公鸡，实际上金牛星人对于财富天生具有敏感力，当市场风向转变，金牛往往是最先察觉的，对市场的敏感力常使得金牛能够抢占先机。@品鉴图库,['漫画']
I01224535,羞涩小可爱,http://wallpaper.cdn.pandora.xiaomi.com/thumbnail/webp/w1080/MiTv/06708511dcd9b1d92f3cd0955da4df1f3754104ce,CC01000017,动漫,皎洁的月色带着轻纱般的光辉照亮了芦苇地，带着轻盈的风吹散了一地的芦花，女孩着急地捡起簪花，抚落了粘上的泥土。@乐次元,['清新自然', '和服', '日系']
I01246362,吉他少女,http://wallpaper.cdn.pandora.xiaomi.com/thumbnail/webp/w1350/MiTv/0b2194a3905e1ea52311dc9e5fc1562563d4025cb,CC01000017,动漫,女孩抱着她心爱的吉他，演奏着动人的曲调，她自信迷人，她光彩夺目。@乐次元,['迷人', '自信', '吉他']
I01055933,少女情怀总是诗,http://wallpaper.cdn.pandora.xiaomi.com/thumbnail/webp/w1080/MiTv/05c68a4c70a5e423a3190e5dd526949e91f2298d9,CC01000017,动漫,少女一袭粉红衣衫，托着腮，眼神迷离可人。她挂念的那个人来了吗，他此刻正处于何方呢？@有料,['优美']
I01181667,轻风拂动,http://wallpaper.cdn.pandora.xiaomi.com/thumbnail/webp/w1080/MiTv/05d1f565b6e4f9d3fcfd48e4953e4ce68a142493e,CC01000017,动漫,已是深夜，深蓝的空中繁星点点，晚风微凉，少女穿着大衣捧着奶茶走在花丛中，乌黑长发在风中凌乱，微红脸上洋溢着开心的笑容。@乐次元,['大衣']
I01189398,神奇的魔法世界,http://wallpaper.cdn.pandora.xiaomi.com/thumbnail/webp/w1080/MiTv/08429243c965c4c023afdb995b6c7cec4db5dcfa3,CC01000017,动漫,在魔法的世界里，可爱的兔耳少女驾驭着魔杖在空中飞翔，魔杖在空中划出魔法的轨迹，几根怪物的黑羽从空中飘落。@乐次元,['魔法']
I01175779,花开无声,http://wallpaper.cdn.pandora.xiaomi.com/thumbnail/webp/w1080/MiTv/016a1c4adf61048180722817d5e6f43629c6b374e,CC01000017,动漫,只要心中有春，春就在；只要心花盛开，蝴蝶就来。她的魅力，恰在于心。@乐次元,['短发', '蝴蝶', '和服']
I01373866,成人也爱《星际宝贝》,http://wallpaper.cdn.pandora.xiaomi.com/thumbnail/webp/w1350/MiTv/0ee4856c74e9647378cc2507274eeb81798d21ab2,CC01000017,动漫,《星际宝贝》融合了动作、喜剧和温馨的家庭情感，同时也提出了有关家庭、友谊和接纳他人的重要主题。在观众中获得了巨大的成功和认可，不仅受到了儿童的喜爱，也受到了成年观众的喜爱。@图虫创意,['迪士尼', '动画片']
I01190640,妩媚风情,http://wallpaper.cdn.pandora.xiaomi.com/thumbnail/webp/w1080/MiTv/06bca5f96c5a9f44ddb4c833c1def40386a42c442,CC01000017,动漫,夜色如水，翻涌而来。小萝莉坐在天台上，乌黑浓密的长发微微卷曲，蕾丝花裙在夜风中翻卷，如一朵盛开的蔷薇。@乐次元,['萝莉']
I01171770,毕业季的心绪,http://wallpaper.cdn.pandora.xiaomi.com/thumbnail/webp/w1080/MiTv/01960c593d2af4e5c12c9a54812a888c579e6e299,CC01000017,动漫,稚嫩的孩子气，无知的年少轻狂，坚韧的奋力拼搏，这些都留给了校园，如今就要分别，挥挥手，说再见。@乐次元,['萝莉']
I01273977,会成为好妻子的星座,http://wallpaper.cdn.pandora.xiaomi.com/thumbnail/webp/w1350/MiTv/034b0b847e9d24931a3597f3ef5ef4e1bada7e066,CC01000017,动漫,巨蟹座的人都非常顾家，如果你能娶一个巨蟹女孩，她就会把你的生活起居安排得明明白白。而且，大部分的巨蟹女孩很有金钱观念，懂得量入为出的道理，所以你可以放心地把财政大权交给她们。@站酷海洛,['围巾']
I01306476,绝不吃回头草的星座,http://wallpaper.cdn.pandora.xiaomi.com/thumbnail/webp/w1350/MiTv/000b63f849c104b7ba590e442272ace239b43370b,CC01000017,动漫,天蝎座敢爱敢恨，遇到喜欢的人就会一心一意地对待对方。比如他们会把对方放在第一位，甚至可以为了彼此的爱情与全世界为敌。然而，一旦对方提出分手，他们就会抽身离开。从此以后，在天蝎座眼里，对方就是不会再有任何交集的陌生人了。@站酷海洛,['清纯']
I01227082,款款柔情,http://wallpaper.cdn.pandora.xiaomi.com/thumbnail/webp/w1080/MiTv/09b7445b6974941c21cc0b9060b293d22eec632c6,CC01000017,动漫,女孩撑着花伞一步一步走过，如瀑的长发被风吹落胸前，双眸含情，似有春水荡漾，一颦一笑动人心魄。@乐次元,['优美', '日系']
I01256758,粉粉嫩嫩,http://wallpaper.cdn.pandora.xiaomi.com/thumbnail/webp/w1350/MiTv/009d406df22094965943328a56e3bb2bbdd46c85d,CC01000017,动漫,粉粉嫩嫩的可爱女孩，她像一份可口的甜点，软糯可爱甜到人们的心底。@乐次元,['可口', '俏皮', '粉嫩', '糕点', '甜食']
I01306152,拥有好性格的星座,http://wallpaper.cdn.pandora.xiaomi.com/thumbnail/webp/w1350/MiTv/04ec6a6bd812f4145848de6bc210fe3c3dce0ac07,CC01000017,动漫,金牛座沉稳踏实，不喜欢变动，有敏锐洞察力，行事谨慎，思虑周全，不打没把握的仗。金牛座喜欢享受生活和环境，是一名理财高手。@站酷海洛,['花环']
I01258769,最想拥有的超能力,http://wallpaper.cdn.pandora.xiaomi.com/thumbnail/webp/w1350/MiTv/028b7287e27cf48e5b834df34c1af6f97b144e85d,CC01000017,动漫,小时候希望自己拥有哆啦A梦的竹蜻蜓，想飞去哪里就去哪里，或者像葫芦娃一样可以隐身，这样捉迷藏不会被人找到。那些小时候最想拥有的超能力，现在想起来依旧可爱和令人向往，我们总是希望成为世界上最独一无二的那个人。@锐景,['蕾丝']
I01262054,可爱的围裙少女,http://wallpaper.cdn.pandora.xiaomi.com/thumbnail/webp/w1350/MiTv/0fb903c8e039a495980bdac67148d805f10113785,CC01000017,动漫,可爱俏皮的女孩，她像是一只白色的小精灵，与人们分享着她心爱的水晶球。@乐次元,['欢乐', '活泼', '俏皮', '精美', '精灵']
I01165501,思绪万千,http://wallpaper.cdn.pandora.xiaomi.com/thumbnail/webp/w1080/MiTv/0197ca5e0abed48900ef4662c434071f16d5b20a9,CC01000017,动漫,霞光暮影令人沉醉，也令人思绪万千，这夺目的灿烂，如世人的爱情，光华璀璨而又转瞬即逝。@乐次元,['萝莉']
I01208119,夜色迷人,http://wallpaper.cdn.pandora.xiaomi.com/thumbnail/webp/w1080/MiTv/0ad3154ead5383ce2caa4882080e8851d59420dc8,CC01000017,动漫,夜晚的灯光，像五颜六色的焰火溅落人间。少女穿着驼色大衣站在清风习习的河边，身后城市笼罩在朦胧的灯火下，若隐若现。@乐次元,['和服']
I01254062,美好的一天,http://wallpaper.cdn.pandora.xiaomi.com/thumbnail/webp/w1350/MiTv/02b1e5667c2a945fba53ac0cecf600febded70d2f,CC01000017,动漫,课堂上，女孩回头将试卷递了过来，她琥珀色的头发在阳光下熠熠生辉，她的眼眸仿佛装着星辰大海。@乐次元,['微笑', '中长发', '课堂']
I01294157,青春记忆里的少女,http://wallpaper.cdn.pandora.xiaomi.com/thumbnail/webp/w1350/MiTv/0ce2f37c3dee34c86bdcad4f8783966e7290cc3cb,CC01000017,动漫,在天台上，托着腮，看着远处的风景，这里的空气能给少女疲惫的身心以鼓励，总能给她受伤的心灵以温暖的抚慰。@乐次元,['马尾辫', '清纯']
I01299111,活力青春,http://wallpaper.cdn.pandora.xiaomi.com/thumbnail/webp/w1350/MiTv/0e6fde03e3d6c4c0fb084054e374d55fd74df0b73,CC01000017,动漫,女孩举起地上的水龙头，朝着远处的伙伴调皮的洒着水。这是只属于少年少女之间的独特游戏，如此的童真而又美好。@乐次元,['优美', '欢乐', '调皮', '童真']
I01275354,充满隐藏魅力的星座女,http://wallpaper.cdn.pandora.xiaomi.com/thumbnail/webp/w1350/MiTv/01f85a77e2f144b319cbd08d1bc2a10b80a81a287,CC01000017,动漫,巨蟹女非常具有东方女性的气质，她们神秘清高、贤惠善良，懂得把握分寸以保护自己，也会用最真诚的心对待那些对自己好的人。巨蟹女身上淡淡的气质非常让人舒服，越是和她们相处，就越会对她们着迷。@站酷海洛,['饮料', '银杏', '小米精选']
I01265838,笑看花开,http://wallpaper.cdn.pandora.xiaomi.com/thumbnail/webp/w1350/MiTv/02bf5cdb2a5c5406981a66ad06ba5535d160d192e,CC01000017,动漫,满枝的蔷薇花开，像走进了童话中公主的后花园，在浅夏的光阴里不与春花争艳，忽地开满篱笆墙，开出了盛世的无限缠绵。@乐次元,['温柔', '花园', '柔和', '蔷薇']
I01306510,特擅长反套路的星座女,http://wallpaper.cdn.pandora.xiaomi.com/thumbnail/webp/w1350/MiTv/0fdc256f709fb40ac90162c838c064e72497c7d74,CC01000017,动漫,双子座女生的智商非常高，她们古灵精怪，还很擅长逻辑推理。如果你要套路双子座的女生，她们很快就会看穿你。并且，她们会将计就计，让你在不知不觉中走进她们精心布置的圈套里。等你发现时却为时已晚，因为主动权早已掌握在双子座女生的手中。@站酷海洛,['陪伴']
I01319727,桃花多但单身率高的星座,http://wallpaper.cdn.pandora.xiaomi.com/thumbnail/webp/w1350/MiTv/06bd3bd4eccc64f64a7e0d845bd2b90befa3f9ac3,CC01000017,动漫,巨蟹的温柔与善良，让他散发出天使般的光芒，当然也让他招了许多桃花，说实话，质量都一般；首先那些相貌平平的，肯定入不了巨蟹法眼，其次人品不过关的，巨蟹也有多远离多远，就算是这样，还是有很多烂桃花前仆后继。@品鉴图库,['漫画']
I01242929,十二星座单身原因,http://wallpaper.cdn.pandora.xiaomi.com/thumbnail/webp/w1080/MiTv/0fe3749949fef281862fd5805c625e724bb410974,CC01000017,动漫,金牛座总是对得不到的爱情执着，认为这就是痴情的表现。这种因为执着而被放大的奉献精神，会让你变成典型的悲剧主角，放手才能得到更多。@品鉴阅读,['绘画', '星座', '金牛座']
I01153934,海边少女,http://wallpaper.cdn.pandora.xiaomi.com/thumbnail/webp/w1080/MiTv/0b3d585fd3a8f48ef265ea8e3993779ed51af188e,CC01000017,动漫,如果有一千个人从我身边走过，我也可以听出你的脚步声，因为有个是踏在地上，只有你踏在我的心上。@有料,['海边']
I01192402,少女的休闲时光,http://wallpaper.cdn.pandora.xiaomi.com/thumbnail/webp/w1080/MiTv/0b8445b2c19398c4b1aaf004e63acb6fc57417bc0,CC01000017,动漫,大雪纷纷飘落下来，明亮的小彩灯挂满街边的小树。女孩走在小镇的街巷，金色的短发戴着毛茸茸的耳暖，一双明亮的眼睛调皮可爱。@乐次元,['雪花']
I01290656,温柔的女仆小萝莉,http://wallpaper.cdn.pandora.xiaomi.com/thumbnail/webp/w1350/MiTv/0137b015363374bf597fa3e58ffcc243756abc4ca,CC01000017,动漫,日光下的猫耳女仆就这样踌躇着，站在那里不知所措的样子，双颊绯红，微微抬起眼睛。@乐次元,['俏皮', '微笑', '女仆装', '软萌']
I01279362,满山花海,http://wallpaper.cdn.pandora.xiaomi.com/thumbnail/webp/w1350/MiTv/0bb0a2e0a198f4a8eacedfd40df9d9a3f536aaeb8,CC01000017,动漫,踩着椅子，用颜料把每一棵绣球花染成蓝色，蓝的温柔，蓝的绚烂，我想了一千句话来形容这个夏天，都不及这一片无尽的夏来的浪漫。@乐次元,['蝴蝶结', '绣球花', '绚烂', '小巧']
I01174795,狐狸的面具,http://wallpaper.cdn.pandora.xiaomi.com/thumbnail/webp/w1080/MiTv/0572fd5b2864b4c030a07887eb0c1f8b54908b424,CC01000017,动漫,蓝天下，女孩深蓝色的衣裙被微风吹起，手上的狐狸面具透着诡异的笑，女孩回眸望着这个世界。@乐次元,['面具', '萝莉']
I01320239,找对象眼光很高的星座,http://wallpaper.cdn.pandora.xiaomi.com/thumbnail/webp/w1350/MiTv/0da885cc345484c0eb635e42f94aa3b20a464afa8,CC01000017,动漫,狮子座的择偶标准真的是挺高的，要知道狮子座的骨子里是比较高傲的，不如自己的通通肯定看不上，对方的身上必须要有能吸引他们的闪光点；狮子座天生就是比较慕强的，只有对方足够优秀了才能进入到狮子座的眼中。@品鉴图库,['漫画']
I01177046,咖啡心情,http://wallpaper.cdn.pandora.xiaomi.com/thumbnail/webp/w1080/MiTv/0e6a149adb6c098161722e17d936f0372af40454c,CC01000017,动漫,春日，乍暖还寒，阳光氤氲着，透过路边的樱花林倾洒下来，此刻心情之愉悦，如午后喝一杯冒着热气的咖啡。@乐次元,['春天', '樱花']
I01192424,万籁无声,http://wallpaper.cdn.pandora.xiaomi.com/thumbnail/webp/w1080/MiTv/0b8445b2c19397c4bbaafa04e33ace6fca7417bc0,CC01000017,动漫,一颗颗耀眼的星光，组成了一群巨大的鲸鱼，在银河的群星中遨游。流星划过深蓝色的夜空，悄无声息的陨落，少女仰望这奇幻的美景。@乐次元,['宇宙', '流星']
I01236307,古灵精怪小萝莉,http://wallpaper.cdn.pandora.xiaomi.com/thumbnail/webp/w1080/MiTv/0635f64d0e6e4434f254862143cbec147fc6459f7,CC01000017,动漫,冬天就应该是穿得暖暖和和的，尽管外面风雪飞舞，但是小萝莉还是毫不畏惧呢，背着一把武士刀想要走遍天下。@乐次元,['雪花']
I01316368,这些星座在感情里太卑微了,http://wallpaper.cdn.pandora.xiaomi.com/thumbnail/webp/w1350/MiTv/0c2f1a707913f48bd8d5221d31ffebaba15c9263f,CC01000017,动漫,单身时的狮子座是所向无敌的圈中大哥，但每次恋爱秒变小怂包，对于真爱更是卑微到不行；在自己心爱的人面前狮子总是会把最好的给对方，把最坏的留给自己承受，而且是不求回报那种。@品鉴图库,['漫画']
I01194699,甜蜜的爱恋,http://wallpaper.cdn.pandora.xiaomi.com/thumbnail/webp/w1080/MiTv/0b6c757de44aa3c804022bbdaf9cc81d5cf436f0d,CC01000017,动漫,思念你，在寒冷的冬季，这银白的世界满是我的爱意，拿掉那不能触碰的复杂情绪，愿雪花帮我保守秘密。@乐次元,['雪花']
I01331665,这个星座爱的轰轰烈烈,http://wallpaper.cdn.pandora.xiaomi.com/thumbnail/webp/w1350/MiTv/0adfbb6841a9f4a66b7a9cf6019bbe27fdfb97ad0,CC01000017,动漫,白羊座的恋爱甜蜜度，没体验过的人真的不懂，不仅拿出自己全部的热情，而且会毫无保留的对你好，如果是看对眼了，你长在白羊的审美点上了，那么他真的会无比上头，更加卖力的去制造浪漫。@品鉴图库,['漫画']
I01258502,最会甜言蜜语的星座,http://wallpaper.cdn.pandora.xiaomi.com/thumbnail/webp/w1350/MiTv/05556f4160d64483604011907d75cd8df73774b72,CC01000017,动漫,摩羯座的人虽然不喜欢跟人交流，但是在必要的时候，还是很能说会道的。而且还会抓住对方的要点“对症下药”，把对方哄的能上天了。如果你难过了，来找找摩羯，他会讲一些甜言蜜语去哄得你开心，其实更多的是鼓励。@今日必看,['清新自然', '毛衣', '背包', '礼物']
I01342490,名侦探柯南里的暖心告白,http://wallpaper.cdn.pandora.xiaomi.com/thumbnail/webp/w1350/MiTv/037510247457d44dd9cdf2c36397c9e82865496b8,CC01000017,动漫,兰或许不知道吧，初次见面的那一天起，你的笑容就让我心动不已。@乐次元,['《名侦探柯南》']
I01163852,明日方舟,http://wallpaper.cdn.pandora.xiaomi.com/thumbnail/webp/w1080/MiTv/075ec14849e4a4e90038c8b431668e601dc78d129,CC01000017,动漫,罗德岛制药公司如今面对史无前例的感染者暴乱，在各个势力间游走，发掘不为人知的内幕，抵挡感染者的疯狂进攻，你的决策将决定罗德岛的方向。@乐次元/明日方舟,['战斗', '科幻', '游戏', '手游']
I01306877,女性不可忽视的内在美,http://wallpaper.cdn.pandora.xiaomi.com/thumbnail/webp/w1350/MiTv/0880a1d24886840ed9173c68a1e6960e3edba4a7d,CC01000017,动漫,很多人认为女性之美在于容颜，可容颜再美，终有迟暮之时。而女性的风骨、智慧、善良以及优雅的气质却能经久不衰，而且愈是历经岁月的沉淀，愈能散发出独特的魅力。@站酷海洛,['害羞']
I01290609,猫系女生的魅力,http://wallpaper.cdn.pandora.xiaomi.com/thumbnail/webp/w1350/MiTv/0dcb8c1351af145d68048be2943c638b9edd74fbd,CC01000017,动漫,和猫系女人生活在一起，永远不用担心生活枯燥乏味。她身上的神秘感，会像宝藏一样，等着你去挖掘。@乐次元,['神秘']
I01164741,许你晴空万里,http://wallpaper.cdn.pandora.xiaomi.com/thumbnail/webp/w1080/MiTv/085ec14849eaa4e9d038c2b431268e661dc76d129,CC01000017,动漫,人生不过一场体验，我们都在感受中历练，不沉溺于阴霾，停止抱怨，行走在洒满阳光的道路，可谓心无阴郁万里晴。@乐次元,['马尾', '萝莉']
I01305426,不能用冷战对付的星座,http://wallpaper.cdn.pandora.xiaomi.com/thumbnail/webp/w1350/MiTv/0d7fbe476df684b408025a1950d301161c3835d36,CC01000017,动漫,如果你和白羊座吵架后选择冷战，把他们晾一边的话，对于做事容易急躁没有什么耐心的白羊座来说，如果冷战过度了，他们的内心一定会失望。而他们一旦失望了，热情就会下降，也会让白羊座失去爱对方的信心，所以吵架后千万不能和白羊座冷战。@今日必看,['清新自然', '紫色调']
I01200699,小萝莉的惬意时光,http://wallpaper.cdn.pandora.xiaomi.com/thumbnail/webp/w1080/MiTv/0cc7cb4c5d7fa44d9336f247dd01e212cec936ae1,CC01000017,动漫,静谧的阳光投在光洁的桌面上，落在小萝莉面前的书本上。女孩伸手拢起悄然滑落的发丝，露出白嫩嫩的小脸。@乐次元,[]
I01262422,女生的童话公主梦,http://wallpaper.cdn.pandora.xiaomi.com/thumbnail/webp/w1350/MiTv/095d39844ea804affa8ad577bc22dd0f13f867ae8,CC01000017,动漫,人鱼公主爱丽儿是童话中少有的悲剧结尾的故事，虽然她名气没有白雪公主那么大，可依然备受大家的欢迎。她太勇敢了，勇敢得让人心疼，令人惋惜，敬佩她的勇气。为了心爱的人，选择牺牲自己也不去伤害他，虽然故事结局并不好，但是女生也愿意成为一位这样的公主，来一场轰轰烈烈的爱情。@麦拉风,['童话', '美人鱼', '绘画', '人鱼', '小米精选']
I01279167,黑夜精灵,http://wallpaper.cdn.pandora.xiaomi.com/thumbnail/webp/w1350/MiTv/0c84c886eca32450eb00ad7797aac9adca261d4b6,CC01000017,动漫,我逆光而行，手提着黑暗之处的微光，就像一个被遗弃的木偶，无时无刻享受着命运赐予我的孤独空寂，虽然活在地狱，却向往天堂。@乐次元,['神秘', '孤独', '黑夜', '黑暗']
I01358354,初恋的味道,http://wallpaper.cdn.pandora.xiaomi.com/thumbnail/webp/w1350/MiTv/0037f189a35484df594059a02466120f43c140754,CC01000017,动漫,初恋的味道，就像初夏的冰激凌一样。冰冰的刺激感爽心，甜甜的香草味甜蜜。@乐次元,['海边', '冰激凌', '糕点', '甜食']
I01269083,三大星座的内心世界,http://wallpaper.cdn.pandora.xiaomi.com/thumbnail/webp/w1350/MiTv/0cd43480db35a4b33a12eda243b231f43e260b2ea,CC01000017,动漫,水瓶座不开心委屈难过会憋着，就像一个不会表达自己情感的怪小孩，其实他们最怕的就是自己信任的人突然换了一种语气。@乐次元,['儿童', '和服', '孩子', '情感', '星座', '水瓶座']
I01096452,暗恋少女,http://wallpaper.cdn.pandora.xiaomi.com/thumbnail/webp/w1080/MiTv/02cd05f98265aba7de4f52938ec9bf6dd0640b4bd,CC01000017,动漫,羞红的脸颊是少女独特的标志，暗恋中的少女总是会不自觉地微笑。@有料,['中长发', '蝴蝶结']
I01177557,春风也忧伤,http://wallpaper.cdn.pandora.xiaomi.com/thumbnail/webp/w1080/MiTv/095b8b5642561472d26f4a3a22cf4ea8d11d4b105,CC01000017,动漫,寺庙中香火不绝，许愿袋挂满了墙，年年岁岁花相似，岁岁年年人不同，这便是人生最无奈事吧。@乐次元,['和服', '萝莉']
I01293550,时光里的你,http://wallpaper.cdn.pandora.xiaomi.com/thumbnail/webp/w1350/MiTv/013f6594e9f124a799a7a31dc4118b74caf11cca8,CC01000017,动漫,右手撑着下巴，在日光下让思绪放假，回忆随着思绪飘扬，飞回那魂牵梦绕的向往。@乐次元,['笑容', '蝴蝶结', '萝莉']
I01266574,暗恋真的会有结果吗,http://wallpaper.cdn.pandora.xiaomi.com/thumbnail/webp/w1350/MiTv/01f021417c0db49d4bd7ab5275f00055b440b0039,CC01000017,动漫,没有回应的暗恋是所有青春旋律里的副歌，没有结果的结果，未必不是好的结果。暗恋一旦过了暧昧的时效，就会变成感动自己的冗长情愫。当你回首那种怦然心动的感觉时，你能想起来的绝不是那个暗恋对象，而是那个感情中怯懦的自己。@锐景,['魅力', '活泼', '感动']
I01166368,《非人哉》：九月,http://wallpaper.cdn.pandora.xiaomi.com/thumbnail/webp/w1080/MiTv/08301442263774df83fd199642f17f268df71bb0a,CC01000017,动漫,活了两百年而已的九尾狐，是白发齐肩的少女，喜欢白色T恤下身裤子，有些男孩子气，没入宅以前形象是普通的黑长直少女。@非人哉,['活泼', '动画', '非人哉']
I01223278,幸福的味道,http://wallpaper.cdn.pandora.xiaomi.com/thumbnail/webp/w1080/MiTv/01abbb5bcfd24440314eb93c24554eaa015d5f609,CC01000017,动漫,对于忙碌了一天的上班族来说，在休息的时候撸个猫解个乏，似乎已经成为女孩最理想的生活状态。@乐次元,['日系']
I01170579,宁静时分,http://wallpaper.cdn.pandora.xiaomi.com/thumbnail/webp/w1080/MiTv/099605793629f3e5e92c9c5486ea8c825cd41918c,CC01000017,动漫,雪花在暮色中从天宇飘忽而下，它们舞得优雅从容，温柔恬静，银装素裹的世界美不堪言。@乐次元,['雪花', '冬天', '夜幕', '白雪', '村落', '美景']
I01384551,脾气一点就炸的星座女,http://wallpaper.cdn.pandora.xiaomi.com/thumbnail/webp/w1350/MiTv/0a53895372720441faada846a039bbe3caed748f9,CC01000017,动漫,白羊性格大大咧咧不拘小节，往往是心直口快、有火就发，绝不会委屈自己半分；不管是友情或是爱情，白羊都有着较强的占有欲，一旦感觉到对方的目光不在自己身上停留，就很容易暴躁。@品鉴图库,[]
I01256847,多情的雨季,http://wallpaper.cdn.pandora.xiaomi.com/thumbnail/webp/w1350/MiTv/0ecdbcf9006f74202bb6beaf18c5cd541961edd04,CC01000017,动漫,淅淅沥沥的小雨敲打着整洁的窗棂，在这样的宁静的雨季安心学习真是一种另类的享受。@乐次元,['下雨', '学习']
I01181671,少女的礼物,http://wallpaper.cdn.pandora.xiaomi.com/thumbnail/webp/w1080/MiTv/060004e083e6595f0c46bc85175d494c51d409b16,CC01000017,动漫,在街头的转角处，女孩将手里捧着的巧克力守护在胸前，在这里等待着心中所想的那个人，微微泛红的脸颊透出女孩的紧张。@乐次元,['礼物']
I01258886,夏日护肤大作战进行时,http://wallpaper.cdn.pandora.xiaomi.com/thumbnail/webp/w1350/MiTv/0292f42ce7e2f4b12b375a0f1cd2a6d1eea225631,CC01000017,动漫,要知道，夏天里裸露在外的肌肤除了脸部还有身体，要想摆脱皮肤干燥粗糙，恢复光滑润泽，一定要Get这一点！洗澡后的3分钟，皮肤还处于湿润状态，这个时候涂抹身体乳，可以让水合作用达到最佳效果，也是滋润皮肤的最佳时机。@锐景	,['清新自然', '夏天', '向日葵']
I01256961,动漫角色都不换衣服吗,http://wallpaper.cdn.pandora.xiaomi.com/thumbnail/webp/w1350/MiTv/0a99e4ce261aa47edb25fc07740bf0e3724ea757b,CC01000017,动漫,一般来说，不管是中国，还是国外，动画中的人物都不爱换服装，有的更是一身衣服从头穿到位尾，而一旦有服装造型发生变化，那么将预示着人物性格的转变和命运的转折，在这里，色彩承担的也是人物的命运变化。@锐景,['清新自然', '和服']
I01333490,越活越年轻的星座,http://wallpaper.cdn.pandora.xiaomi.com/thumbnail/webp/w1350/MiTv/05e5e423b0e974d74834d4e8cbd5105947bba31b6,CC01000017,动漫,即使射手女活到了八十岁，那心态也一直都是十八岁，觉得自己永远年轻；不管发生什么事情，射手女的心态都非常好，骨子里就是一个小孩子，无论身在何处，一直都是兵来将挡水来土掩，从来不会发愁。@品鉴图库,['漫画']
I01275356,充满隐藏魅力的星座女,http://wallpaper.cdn.pandora.xiaomi.com/thumbnail/webp/w1350/MiTv/008d61a2e3f9f4fd586dede684224a9ccaeae0aa2,CC01000017,动漫,处女座的女孩子自带清冷气质，很容易让人产生距离感。和处女座的女生相处久了，的确会受不了她们对自己的严厉，但其实她们是在为你们的关系而着想呢！如此看来，背地里默默付出、嘴上却不饶人的处女座也太可爱了吧！@站酷海洛,['大树', '喝茶', '红茶', '小米精选']
I01332666,“百变歌姬”初音未来,http://wallpaper.cdn.pandora.xiaomi.com/thumbnail/webp/w1350/MiTv/0f91741fcf7d14cf2bcdb3071fabd0be5fc388845,CC01000017,动漫,初音未来是诞生于2007年的虚拟歌姬，被网友亲切地称为世界第一公主殿下。她是虚拟歌姬中的翘楚，甚至一度成为了日本亚文化的代表人物之一。由于原版人物的火爆和超高知名度，导致其衍生出了不少亚种。@锐景,['樱花', '初音未来']
I01177083,生活中的那抹蓝,http://wallpaper.cdn.pandora.xiaomi.com/thumbnail/webp/w1080/MiTv/0e6a149ad86c0d8164722717de36fb372df40454c,CC01000017,动漫,海上叩风响，天蓝看云飞，日子过得轻轻忽忽的，像梦，一切令人陶醉，一切都那么美。@乐次元,['萝莉', '小米精选']
I01246444,清纯和服小萝莉,http://wallpaper.cdn.pandora.xiaomi.com/thumbnail/webp/w1350/MiTv/08ab84c2099f6712b9e9041563957a3679f42f554,CC01000017,动漫,少女正蹲在院子里玩耍，手中绽放的仙女棒照耀着黑夜，同时映着少女白净的脸庞和清澈的眸子。@乐次元,['玩耍', '清澈', '烟花', '仙女棒']
I01269084,三大星座的内心世界,http://wallpaper.cdn.pandora.xiaomi.com/thumbnail/webp/w1350/MiTv/0ac1dcf815f444e8888d0b7e52c2aea4a4085314d,CC01000017,动漫,巨蟹座对这个世界最大的误解就是他们以为只要真心对待别人，别人也会真心相待，可后来才知道只是自己一厢情愿。@乐次元,['认真', '真诚', '真实', '星座', '巨蟹座']
I01279326,毛茸茸的爱,http://wallpaper.cdn.pandora.xiaomi.com/thumbnail/webp/w1350/MiTv/05dde22fe992447cfaf92e3640a0aa428c2d6436f,CC01000017,动漫,你可以慢慢了解这个神秘浩瀚的世界，但在那之前，你永远是我的小朋友，你可以抱着很多只毛茸茸的小白兔，可可爱爱的胡思乱想。@乐次元,['月亮', '兔子', '萝莉']
I01378325,到底谁是最强奥特曼,http://wallpaper.cdn.pandora.xiaomi.com/thumbnail/webp/w1350/MiTv/0fc220f75354946b8a9b2dcacb57ab0d05f8ca407,CC01000017,动漫,雷杰多奥特曼是一位来自雷电星的奥特曼，他以强大的雷电力量和机动性而闻名。他可以操控雷电，并利用快速移动和敏捷的身手进行战斗，有着相当出色的近战和远程攻击能力。@米拍,['英雄', '动画', '感动', '热血']
I01322055,公认颜值最高的星座,http://wallpaper.cdn.pandora.xiaomi.com/thumbnail/webp/w1350/MiTv/02a96036d82b14765b2945ffb51bc83f20b9c8d41,CC01000017,动漫,天蝎的颜值不流于表面，而是体现在内涵上，天蝎的美在于落落大方，也在于心有成算；天蝎惯爱思考，读万卷书，行万里路，他们的成长历程十分精彩，丰富的学识、超凡的经历，经岁月沉淀而越发迷人。@品鉴图库,['游戏']
I01378264,7月10日是奥特曼之日,http://wallpaper.cdn.pandora.xiaomi.com/thumbnail/webp/w1350/MiTv/0b6b517c2ffab4e968e00f40b81d0dba03dfebe87,CC01000017,动漫,从1966年至今，奥特曼的故事从未停止，几乎每一年，都有新的奥特曼影视作品问世。@好看,['儿童', '童年', '热血']
I01292220,魔法少女的萌力十足,http://wallpaper.cdn.pandora.xiaomi.com/thumbnail/webp/w1350/MiTv/08486904eb03448068874824c1e35b1cb4be47538,CC01000017,动漫,每个人都希望自己能够拥有魔法，可以做自己想做的事情，所以魔女家族出身的她让无数人羡慕不已。她不仅能力强大，身上也拥有许多美好的特质，可爱、活力、暖心、治愈、元气等等。@锐景,['奇幻', '紫色调', '魔法']
I01066072,雨季,http://wallpaper.cdn.pandora.xiaomi.com/thumbnail/webp/w1080/MiTv/0d866484ed3e81a5148effe3b6f71f0491342aa4d,CC01000017,动漫,帽衫上还挂着刚做好的晴天娃娃，刚做好的指甲在澄澈的天空下闪闪发亮，少女正在期待晴天来临。@有料,['漫画', '游戏']
I01165630,盛夏的旅途,http://wallpaper.cdn.pandora.xiaomi.com/thumbnail/webp/w1080/MiTv/00eb84f1e606da8bb44e396c41c8b4b06c8425004,CC01000017,动漫,夏日旅行的清凉，并不来自于手中的摇扇，而来自于你的关心与问候，温情与想念。@乐次元,['绿树', '萝莉', '旅游']
I01261519,娇俏动人的少女,http://wallpaper.cdn.pandora.xiaomi.com/thumbnail/webp/w1350/MiTv/02e6c9e3b32954644acd40c9549eceb588863b3aa,CC01000017,动漫,蓝天之下，少女一头细软的金棕色长发看起来乖巧可爱，精致的小脸上一双墨绿色的美眸，带着淡淡的笑意。@乐次元,['笑容', '活泼']
I01309009,紫罗兰永恒花园经典语录,http://wallpaper.cdn.pandora.xiaomi.com/thumbnail/webp/w1350/MiTv/0b0d7fac81487450ba82eb578c53086235b26abf8,CC01000017,动漫,“花无凋零之日，意无传递之时，爱情亘古不变，紫罗兰与世长存。” @品鉴图库,['漫画', '日漫']
I01171931,诗意的季节,http://wallpaper.cdn.pandora.xiaomi.com/thumbnail/webp/w1080/MiTv/0d960c593d2af4e5112c9f54811a888f579e0e299,CC01000017,动漫,包裹在秋风的凉意中，可否给我一个温暖的拥抱？让阳光照进心房，让飘逸的往事明亮起来。@乐次元,['枫叶', '诗意']
I01319726,桃花多但单身率高的星座,http://wallpaper.cdn.pandora.xiaomi.com/thumbnail/webp/w1350/MiTv/088c44261aa944833b4a118ee84dbea5835e2a647,CC01000017,动漫,要说星座圈谁最神秘，第一时间就会想到水瓶座，这个迷人又有趣的星座也确实招人稀罕，俏皮灵动的颜值招人疼，古灵精怪的性子惹人爱，但别看追求者多，在遇到桃花这件事上，水瓶真的没少踩雷。@品鉴图库,['漫画']
I01159088,诗与远方,http://wallpaper.cdn.pandora.xiaomi.com/thumbnail/webp/w1080/MiTv/0f7337551945f46cc18d1e5276441dea715ca68d3,CC01000017,动漫,我盼望那么一个你陪我去旅行，你负责照，我负责笑。@乐次元,['开心', '旅游']
I01336002,一个比一个难追的星座,http://wallpaper.cdn.pandora.xiaomi.com/thumbnail/webp/w1350/MiTv/04d59922f9da74990a5beceda24ba4aa5ec7a84fb,CC01000017,动漫,摩羯座口碑都很好，相处起来也很靠谱，但问题是他不好接近，特别是走不进他的内心；在感情中的摩羯座比较被动，他可以和你礼貌的寒暄，但始终会保持着疏离感，再加上他的理性，不会因为上头而恋爱，而是要知根知底后，才会考虑和对方处看看。@品鉴图库,['漫画']
I01166973,爱拍照的女孩,http://wallpaper.cdn.pandora.xiaomi.com/thumbnail/webp/w1080/MiTv/0ee69f45399104bdf373f79aee254714e768561d8,CC01000017,动漫,她一直在路上，她说终点固然重要，沿途的风景却也是美妙的旋律，抓拍美好，涵养了才情。@乐次元,['萝莉']
I01175783,怀念青春,http://wallpaper.cdn.pandora.xiaomi.com/thumbnail/webp/w1080/MiTv/079464af75d71bed9de1f1a31138952469041e0de,CC01000017,动漫,那是一个安静的傍晚，我们在房顶搭起帐篷，你看着书，我拿着望远镜看着星星。天空有流星从你头顶划过。多年以后，我在想，那夜的你恬静美丽。@乐次元,['少年', '帐篷', '朋友', '郊游']
