I01214164,别做“面瘫”，脸部运动要多练习！,http://wallpaper.cdn.pandora.xiaomi.com/thumbnail/webp/w1080/MiTv/0594df4830fe442a311e124fe1f842eca87058eaa,CC01000012,插画,上眼睑提肌的锻炼，防止上眼皮松弛。睁着眼，让眉毛尽量向上提升，停留5秒钟。然后眉毛不动，让上眼皮向下成眯缝眼，再停留5秒钟后恢复自然状态。每次做3遍。@视觉中国,['肌肉', '美容', '锻炼', '美人脸']
I01215923,于千万人中遇见你,http://wallpaper.cdn.pandora.xiaomi.com/thumbnail/webp/w1080/MiTv/0ab2d9502fa0e402c01d539315b86c8da4b671c89,CC01000012,插画,我行过许多地方的桥，看过许多次数的云，喝过许多种类的酒，却只爱过一个正当最好年龄的人。——沈从文@海洛创意,['情侣']
I01171308,十二星座的甜蜜心情,http://wallpaper.cdn.pandora.xiaomi.com/thumbnail/webp/w1080/MiTv/04725d41f7aea4c231ea20abe89e8c420105e63ec,CC01000012,插画,庄重、典雅却又不失童心，这就是白羊座，像奶油妙芙蛋糕，最受大众欢迎，最受朋友们器重依赖，给你慢慢的满足和幸福感。而在与白羊相处时，你能感受到ta不小心透露的童心，像藏在奶油中软软的棉花糖，总是那么恰当好处。@同道大叔,['甜蜜', '星座', '白羊座']
I01209154,你不知道的粽子“冷知识”,http://wallpaper.cdn.pandora.xiaomi.com/thumbnail/webp/w1080/MiTv/0bfdfb449e04b464506a4d7b02dc3ae6cce303ba7,CC01000012,插画,粽子最早并不是端午节吃的，和它相符合的节日是清明节，或是清明节的前一天寒食节。关于粽子最早的记载是春秋战国时期作为一种祭祀食品。等到了晋代后，粽子才正式成为了端午节的食物。@视觉中国,['想象力', '端午节', '粽子']
I01212824,窗内的世界是什么样的？,http://wallpaper.cdn.pandora.xiaomi.com/thumbnail/webp/w1080/MiTv/0f3e5149ccb5a454d1b1c15548a46c013713264f8,CC01000012,插画,温柔细腻的巨蟹座虽敏感却不易受到动摇，TA的安全感来源于宠辱不惊的淡泊自然。@同道大叔,['细腻', '星座', '同道大叔', '巨蟹座']
I01250236,梦的指引,http://wallpaper.cdn.pandora.xiaomi.com/thumbnail/webp/w1350/MiTv/0bb6ecf82826a487782d2611273569f6c163bbd66,CC01000012,插画,梦里，少女又来到了这片奇怪的湖，她坐在湖心的月亮上，流星划过，海豚在空中翻转跃过，身上星星点点闪烁着星光，美得仿佛不属于这个世界。@麦拉风,['绘画', '梦境']
I01209830,还在熬夜？你心可真大！,http://wallpaper.cdn.pandora.xiaomi.com/thumbnail/webp/w1080/MiTv/04e5c4c7b2a3da038606beb308b5776f54a43f4c1,CC01000012,插画,现在很多人都在运用各种方式进行减肥，但其实熬夜也会在无形之中造成肥胖，这就是很多人始终减不下来的原因。因为人在睡眠状态时，会分泌帮助变瘦的激素，有助于机体分解脂肪。但如果长期熬夜，则会导致激素的分泌紊乱，脂肪堆积，导致肥胖的发生。@视觉中国,['睡眠', '规律', '熬夜']
I01297182,一些治愈系的盛夏文案,http://wallpaper.cdn.pandora.xiaomi.com/thumbnail/webp/w1350/MiTv/00eb191a4ecaa41a3bf9a8fed06493684b6ed86ff,CC01000012,插画,夏天的日光很长，长到似乎没有尽头，但是它又很短，短到让我想起了那个奔跑的午后、那杯冰凉的西瓜汁和那个越走越远的人，这或许就是夏天最美好的地方。@锐景/王点点,['大气', '彩虹']
I01164559,樱花下的纸船,http://wallpaper.cdn.pandora.xiaomi.com/thumbnail/webp/w1080/MiTv/0361256d34cc6665ee0e5abe016e224e9724056bd,CC01000012,插画,樱花盛开的四月到了，眼前被漫天粉色的花朵所占据，偶尔有微风吹过，落下的点点花瓣漂浮在湖面上，在湖面上沉沉浮浮的小纸船还在前进，不知道它载着谁的愿望去向了远方。@锐景创意/王珺,['樱花', '梦想', '纸船']
I01207398,夏日畅饮,http://wallpaper.cdn.pandora.xiaomi.com/thumbnail/webp/w1080/MiTv/0a09b4fee8718ed0708aeb04acb5c9f33f24063e0,CC01000012,插画,白羊抱住了草莓：“Oh~SO sweet~”。@同道大叔,['星座', '白羊座', '同道大叔']
I01186533,遇见你真好,http://wallpaper.cdn.pandora.xiaomi.com/thumbnail/webp/w1080/MiTv/060c8b52fc4ed417e2121ba6e20e9d0a7a2717d38,CC01000012,插画,世间所有的相遇都有因果，当缘尽时，我们总无法云淡风轻的安然放下，曾经心有灵犀，就该无悔，曾经朝夕相伴，就足够。忆起，花满城，存封，心依然。@视觉中国,['优美', '清新自然', '人物画']
I01370198,小菜狗舒适的一天,http://wallpaper.cdn.pandora.xiaomi.com/thumbnail/webp/w1350/MiTv/0c43c82c513894f4599379570a05dead31a640b8a,CC01000012,插画,在家里静静躺着睡觉，眼看着雨季大片大片的水珠敲击窗户叮咚作响，听上去像是在为这个可爱的小狗送上清脆的乐曲。@圈子,['下雨', '白菜']
I01202629,夏日小食,http://wallpaper.cdn.pandora.xiaomi.com/thumbnail/webp/w1080/MiTv/01c7c5ec5d7ca44d9436f147da61e91ac0d43ed2b,CC01000012,插画,大多数的食物没法满足双鱼座的期望，樱桃布丁就是为了双鱼座而生，它不仅象征着爱情、幸福和甜蜜，更有珍惜这一含义。@同道大叔,['星座', '同道大叔', '双鱼座']
I01172200,甜蜜的幸福,http://wallpaper.cdn.pandora.xiaomi.com/thumbnail/webp/w1080/MiTv/0243a4f6f68833d0a2f3b22bb32c5112040429feb,CC01000012,插画,活泼的射手座总能给身边的人带来快乐和满满的正能量，就像美味又营养丰富的华夫饼，时刻为你加油打气，有射手在身边的幸福难以言表。@同道大叔,['甜蜜', '星座', '同道大叔', '射手座']
I01196143,活得有温度,http://wallpaper.cdn.pandora.xiaomi.com/thumbnail/webp/w1080/MiTv/009855443a4ce4d9830f6c317a09124f3cad85350,CC01000012,插画,这个世界，已经有很多人和事让你失望了，而最不应该的，就是自己还令自己失望。一定要记住：社会很残酷，你要活得有温度。@视觉中国,['清新自然', '温柔']
I01175286,“社畜”的一天,http://wallpaper.cdn.pandora.xiaomi.com/thumbnail/webp/w1080/MiTv/079464af77d71ded98e1f3a315389a246b041e0de,CC01000012,插画,早晨醒来一睁眼，满脑子想的都是今天咋搬砖？@吾皇万睡,['搞笑']
I01214743,汉韵华服,http://wallpaper.cdn.pandora.xiaomi.com/thumbnail/webp/w1080/MiTv/0a94d58831f7422a061e1b4fec8849eea9041a12f,CC01000012,插画,兰花盛开，香气四溢，白羊驻足守望着这一刻的美好。@同道大叔,['星座', '白羊座', '同道大叔']
I01373997,自由地生活有多惬意,http://wallpaper.cdn.pandora.xiaomi.com/thumbnail/webp/w1350/MiTv/09c5d6a8846954882a55018fd287686bfdfd99350,CC01000012,插画,人要高瞻远瞩，应走出生活里的山谷与阴影，进入一望无际的高原，然后沉浸在那阳光里，让灵魂翱翔，让内心充满伟大的梦想，让生命、生活和热情恣意奔放，让自由自在的生活填满整个心房。@站酷海洛,['兔子', '橘子', '白兔']
I01248540,风梦风铃,http://wallpaper.cdn.pandora.xiaomi.com/thumbnail/webp/w1350/MiTv/013f8545081db4f6300ccac8124fdb9a88b1e28ff,CC01000012,插画,粉色梦幻般的星云，风铃与气泡摇曳，风过声悠悠，轻歌为谁留?铃儿声声浅唱尽，风情依旧。@麦拉风,['绘画', '风铃']
I01372946,小狗之窗,http://wallpaper.cdn.pandora.xiaomi.com/thumbnail/webp/w1350/MiTv/072266194a48c4deabeb551c6e68facbfa7cc1e2c,CC01000012,插画,推开爱心窗户，一只可爱小狗趴在窗台前，向外张望着，似乎窗外有什么东西吸引着它。小狗水汪汪的大眼睛里透着好奇。@圈子/polly,['活泼', '活力', '爱心', '小米精选']
I01209146,十二星座大玩家,http://wallpaper.cdn.pandora.xiaomi.com/thumbnail/webp/w1080/MiTv/02fdfb449e04b464a06a447b02dc3aeacce333ba7,CC01000012,插画,运势欠佳，水逆来袭。符在运在，水逆退散！@同道大叔,['星座', '同道大叔']
I01175287,“社畜”的一天,http://wallpaper.cdn.pandora.xiaomi.com/thumbnail/webp/w1080/MiTv/079464af77d71ded95e1f3a318389f246a041e0de,CC01000012,插画,什么？天天叫的那家外卖居然下线了优惠券？@吾皇万睡,['搞笑', '外卖']
I01248541,风梦风铃,http://wallpaper.cdn.pandora.xiaomi.com/thumbnail/webp/w1350/MiTv/0c734857d34cd44532f800819d2676b1a06755705,CC01000012,插画,在风起的时候，风铃环佩叮当的摇曳，猫儿也来聆听，叮当声中那有关岁月的故事。@麦拉风,['绘画', '故事', '风铃']
I01250237,梦的指引,http://wallpaper.cdn.pandora.xiaomi.com/thumbnail/webp/w1350/MiTv/0ced1376453f442f089886c598712e659e0d9c070,CC01000012,插画,醒来后，少女想一探究竟，于是跟随着内心的声音，朝梦中湖的方向走去，夜空中流星划落，和梦中的情景相呼应，少女是否能找到梦中的那片湖呢？@麦拉风,['绘画', '内心']
I01207367,夏日畅饮,http://wallpaper.cdn.pandora.xiaomi.com/thumbnail/webp/w1080/MiTv/01d3185ea95384cea2aa4a820dee8c53d4323010a,CC01000012,插画,双鱼正在沉浸式体验着西瓜的甜蜜。@同道大叔,['星座', '同道大叔', '双鱼座']
I01297183,一些治愈系的盛夏文案,http://wallpaper.cdn.pandora.xiaomi.com/thumbnail/webp/w1350/MiTv/053225c5514b64928a15574068d98138e5e7d1d60,CC01000012,插画,没有谁能永远停在那个夏天，但总有人怀念那年夏天。到底是怀念那年夏天，还是怀念那年夏天的人呢？@锐景/王点点,['大气', '惬意']
I01182089,开心烂漫的日子,http://wallpaper.cdn.pandora.xiaomi.com/thumbnail/webp/w1080/MiTv/05d1f565b4e4f4d3f6fd42e4923e4ae682142493e,CC01000012,插画,人生过的不需要小心翼翼，不需要考虑良久，不需要在意别人的眼光，有什么愿望就去实现吧，有什么有喜欢的人就去告白吧。@锐景/一杂小草,['灿烂', '梦想', '享受', '小小的愿望']
I01202621,“稀里糊涂”爱上你,http://wallpaper.cdn.pandora.xiaomi.com/thumbnail/webp/w1080/MiTv/0a0ecf4d96d404ef415886bf5b8f0cdf9ef94bde2,CC01000012,插画,无论遇到什么事情，都不要轻易说你不喜欢我，不要轻易放弃我这段感情，下一站未必比我好。@视觉中国,['情感', '情人节', '感情']
I01214165,别做“面瘫”，脸部运动要多练习！,http://wallpaper.cdn.pandora.xiaomi.com/thumbnail/webp/w1080/MiTv/0c94df4830fe442a411e1b4fe15842e9a87038eaa,CC01000012,插画,两边嘴角提肌锻炼。上年纪的人嘴角往往呈八字形下垂，这是脸部表情不自然的原因。嘴唇轻闭，上下唇朝口中卷，先后将嘴角左右斜向，各往上提升5秒钟；嘴唇成U字形，嘴角尽量向两边拉开5秒钟。每次做5遍。@视觉中国,['美容', '锻炼', '学习']
I01209826,夏日畅游,http://wallpaper.cdn.pandora.xiaomi.com/thumbnail/webp/w1080/MiTv/0e6b1f4fb5214422c30b9ac9d59cba18a08b0575f,CC01000012,插画,巨蟹座漂浮在乌龙与蜜桃的海洋里，二者的碰撞迸发出苦涩而又清甜的口感，让人陶醉。@同道大叔,['星座', '同道大叔', '巨蟹座']
I01207399,夏日畅饮,http://wallpaper.cdn.pandora.xiaomi.com/thumbnail/webp/w1080/MiTv/0309b04ee27884d0f08ae604a3f5cefe3f175b36a,CC01000012,插画,水瓶满脑子都是奇奇怪怪：“我......好酸啊！”。@同道大叔,['星座', '同道大叔', '水瓶座']
I01293356,人生未满 友情至上,http://wallpaper.cdn.pandora.xiaomi.com/thumbnail/webp/w1350/MiTv/06ced2ad58f774f58918c9a4344cc1fc736e78f54,CC01000012,插画,友情对我们来说，不仅是生活中的温暖，也是精神上的明灯。真正的友情，从来不是相互捆绑和形影不离，而是各自忙碌，但彼此挂念。不管相隔多远，或者是朝夕相处。最好的朋友，在成长历程中都会相伴着从幼稚到成熟，一起疯，一起闹，一起笑。@锐景/yunä,['清新自然', '惬意']
I01250238,梦的指引,http://wallpaper.cdn.pandora.xiaomi.com/thumbnail/webp/w1350/MiTv/043867b7d631448cc864933a453f3eb7a6f7a960f,CC01000012,插画,“我感觉到了，就是这里！”，少女喃喃自语，可是眼前却只有一片荒芜的土地。流星不断地从夜空中滑落，空气中似乎有什么感受到了少女的呼唤，少女的手中慢慢地浮现出一束光。@麦拉风,['绘画']
I01234917,心灵纯净的星座女孩,http://wallpaper.cdn.pandora.xiaomi.com/thumbnail/webp/w1080/MiTv/099164f6f0d8eceabc86df25d415da96b96415ea7,CC01000012,插画,每当卸下心防，我们都害怕自己会受伤。而天秤座却选择敞开心扉，真挚地对待他人。透过她们纯净的眼眸，总是能够发现别人身上发光发热的善良，像天使一样。@锐景/圣熙,['天使', '大海湖泊', '纯真', '善良', '天秤座']
I01295133,很有修养的星座,http://wallpaper.cdn.pandora.xiaomi.com/thumbnail/webp/w1350/MiTv/04f720a8bfca24281b0c909504998268879482e64,CC01000012,插画,处女座很斯文，很少主动和他人发生争吵，和人聊天时也非常注意对方的感受，不会让其他人有被冷落的感觉。若与人发生矛盾，他们会将事情的原委娓娓道来，而非大吵大闹。这样的处女座，看起来十分有修养。@站酷海洛,['温柔']
I01182090,开心烂漫的日子,http://wallpaper.cdn.pandora.xiaomi.com/thumbnail/webp/w1080/MiTv/060004e088e65d5f0c46bb85185d404c5dd409b16,CC01000012,插画,两个人开心烂漫的日子不用多大的仪式，在日常生活中的一句关怀，一个不经意的小举动，一个温暖的拥抱，都是我们最温馨的日子。@锐景/一杂小草,['温暖', '开心', '拥抱', '仪式', '烂漫']
I01171307,十二星座的甜蜜心情,http://wallpaper.cdn.pandora.xiaomi.com/thumbnail/webp/w1080/MiTv/04725d41f7aea4c231ea25abe8ce8c420105263ec,CC01000012,插画,来自大自然的蜂蜜，涂抹在软糯香甜的焦糖蛋糕上，勾起你对过去沉淀时间中的无限回忆，这就是巨蟹座。回忆是幸福的，而巨蟹总能在你需要沉静回忆的时候，带给你最舒适的甜度与温度。@同道大叔,['甜蜜', '星座', '巨蟹座']
I01373888,浓情端午 粽子飘香,http://wallpaper.cdn.pandora.xiaomi.com/thumbnail/webp/w1350/MiTv/039b0f16ae7b0487dab511fca849cb0702264a57d,CC01000012,插画,粽子天然健康、营养全面，但是因其热量偏高，而且糯米黏度大、不易消化，不能一次吃太多。尤其是胃肠道疾病的患者以及严重的糖尿病患者要少吃。@锐景/少爷,['惬意', '兔子', '端午节', '粽子', '传统节日']
I01248542,风梦风铃,http://wallpaper.cdn.pandora.xiaomi.com/thumbnail/webp/w1350/MiTv/0f3f84850d1bb3f6120cc7c81c2fd09881840f2b5,CC01000012,插画,风铃悬挂在樱花树的枝梢，在晴空中发出悦耳的声音，仿佛在为小镇的人们祈愿顺遂无忧。@麦拉风,['绘画', '樱花树', '风铃']
I01373829,不期而遇的夏天,http://wallpaper.cdn.pandora.xiaomi.com/thumbnail/webp/w1350/MiTv/08370c021c6bf445b92f025729d9adab4b3ec1033,CC01000012,插画,有时间我们一定要在夏日的夜晚吹吹风，夜空中的月牙像条小船航行在长长的星河中，昏黄路灯下叶子的光圈交织，树影忽明忽暗，那些燥热和浮躁都会被风悄悄卷走。@锐景/阿屿Isle,['清新自然', '惬意', '治愈']
I01206411,汉服真的能流行起来吗？,http://wallpaper.cdn.pandora.xiaomi.com/thumbnail/webp/w1080/MiTv/0ad3144ea4538dce20aa4882000e8e51dd9420dc8,CC01000012,插画,不少人都希望汉服像衬衫、牛仔等西式服装一样，能出现在全国的大街小巷里，甚至重新成为中国人生活、工作的服饰。虽然这种心情可以理解，但汉服真的能流行起来吗？@海洛创意,['中式', '汉服', '古典风', '梅花', '仕女']
I01250239,梦的指引,http://wallpaper.cdn.pandora.xiaomi.com/thumbnail/webp/w1350/MiTv/06bf1a4747cb64cb29deda9cc9bddc43c99eb141d,CC01000012,插画,少女眨眼地一瞬间，眼前的景象豁然开朗，梦中的那个湖又出现了！少女的内心一时间无法平复，每晚梦中的场景，心中的向往，竟然就在自己眼前。夜空将星星汇聚成一条璀璨的星河，无数的流星划破夜空的寂静，少女痴迷于眼前的景象，久久不能语。@麦拉风,['绘画']
I01175290,美丽“喵”生,http://wallpaper.cdn.pandora.xiaomi.com/thumbnail/webp/w1080/MiTv/079464af77d71eed9de1fea31d3897246d041e0de,CC01000012,插画,只要心中有阳光，每一天都是花香满溢。@吾皇万睡,[]
I01250241,卿本佳人,http://wallpaper.cdn.pandora.xiaomi.com/thumbnail/webp/w1350/MiTv/008e303d0cb6b46ec82e77888c35d456a79b5f868,CC01000012,插画,“公子可曾听过我这一曲？”说罢，少女指尖在琵琶弦上轻拨，一曲高山流水缓缓而出。@麦拉风,['绘画', '古风']
I01245903,暖冬甜心,http://wallpaper.cdn.pandora.xiaomi.com/thumbnail/webp/w1350/MiTv/0fc5bc51ba7eb4e771619f88ca073cffebe8ec35a,CC01000012,插画,白羊就像生活中的一颗草莓，外表热情似火，实则清甜温润，跟TA在一起仿佛是每天都是恋爱的感觉。@同道大叔,['星座', '白羊座', '同道大叔']
I01223156,单身和恋爱的区别,http://wallpaper.cdn.pandora.xiaomi.com/thumbnail/webp/w1080/MiTv/0c5b8427fe81b104df6b3042ca58d5afb4440738a,CC01000012,插画,单身和恋爱最大的区别就是，无论我在外面怎么样，心里都十分确定，有个人在家里等着我。在孤独的人海中，有一盏灯永远为你而守候，让你的内心足够有安全感。然而，单身也有优点，一个人可以无拘无束过日子，没有人可以打扰你享受自由。@锐景/王点点,['享受生活', '清新自然', '惬意', '自由', '小米精选']
I01373804,邂逅夏至声声蝉鸣,http://wallpaper.cdn.pandora.xiaomi.com/thumbnail/webp/w1350/MiTv/0a5e41b46eaf34d72b42f8932c2f7c16d3287a7a0,CC01000012,插画,夕凉恰恰好溪行，暮色催人底急生。半路蛙声迎步止，一荧松火隔篱明。——杨万里《夏至雨霁与陈履常暮行溪上二首其一》@米拍/一只鹿崽,['节气', '绘画', '夏至', '诗词']
I01368954,夏季野钓有妙招,http://wallpaper.cdn.pandora.xiaomi.com/thumbnail/webp/w1350/MiTv/0ef3d8e42ea884d9c8c38d5ff1a2b2b8fea30abc2,CC01000012,插画,在初夏的气温还不算太高的时候，一天中几乎都可以垂钓，特别是大雨过后的晴天，这时钓点可选水草区、入水口、野果树下等地。晚上则是夜钓的黄金时期，盛夏的夜晚气温较低，鱼儿更加活跃，可以选择夜钓，获得更好的垂钓体验。@锐景/姑苏阿焦,['夏天', '惬意', '钓鱼']
I01212825,窗内的世界是什么样的？,http://wallpaper.cdn.pandora.xiaomi.com/thumbnail/webp/w1080/MiTv/0311f5e41e1f43203a0ce57be4c151e5c05412b68,CC01000012,插画,霸道热情的狮子座气场强大，有自己的态度，TA的安全感来源于发自内心的勇气。@同道大叔,['星座', '狮子座', '同道大叔']
I01207400,夏日畅饮,http://wallpaper.cdn.pandora.xiaomi.com/thumbnail/webp/w1080/MiTv/03060247f8e344b232ffed1d0cf2ddeb4decb0cf7,CC01000012,插画,天秤：“让我随着这座雪山漂浮吧！”。@同道大叔,['星座', '同道大叔', '天秤座']
I01186535,遇见你真好,http://wallpaper.cdn.pandora.xiaomi.com/thumbnail/webp/w1080/MiTv/080c85a2fe42de1776121fa6ea7e970d71c4232db,CC01000012,插画,世界这么大，我们需要多深的缘分才会相遇，相伴走过这一程时光静好，心与心的相守，灵与灵的相依，胜过千言万语的对白。@视觉中国,['优美', '清新自然', '人物画']
I01253428,萌力爆棚的大耳狗,http://wallpaper.cdn.pandora.xiaomi.com/thumbnail/webp/w1350/MiTv/0fd3ba9e92d4947f0adf1a94d0603364237a14a6d,CC01000012,插画,大耳狗性格冷沉静，不太说话，但是和蔼可亲喜欢与人相处，尤其喜欢靠在客人的膝盖上睡觉。对了，他是个男生哦。@麦拉风,['卡通']
I01247916,此景可待成追忆,http://wallpaper.cdn.pandora.xiaomi.com/thumbnail/webp/w1350/MiTv/015a44bd2c94527c6a80929cad299aebe6a43c981,CC01000012,插画,落英缤纷，纸笼飞舞，风轻拂女孩及腰的长发，女孩站在树下，享受炎炎夏日里少有的清凉。@麦拉风,['色彩', '绘画', '古风']
I01298506,要永远保持对生活的热爱,http://wallpaper.cdn.pandora.xiaomi.com/thumbnail/webp/w1350/MiTv/0c6eb307e0dbc4f96bd50fe919f9085e466870e15,CC01000012,插画,想告诉你，这世间美好的事情仍有许多：比如朝晨簇新的阳光，微风吹起的素衣一角，蓄着故事的篝火，写满月亮的诗歌，女孩儿脸颊的绯红，少年嘴角的梨涡。@锐景/唏嘘的星辰,['草坪', '清新自然', '惬意']
I01214166,别做“面瘫”，脸部运动要多练习！,http://wallpaper.cdn.pandora.xiaomi.com/thumbnail/webp/w1080/MiTv/0d94df4830fe442a411e154fe14842e8a87068eaa,CC01000012,插画,颧骨肌的锻炼。口纵向微开，嘴角尽量向上提升，直到牙齿和颊部粘膜形成空间。停留5秒钟。每次做3遍。坚持颧骨肌锻炼，能有效防止颊部肌肉僵硬、衰退形成的凹洼。@视觉中国,['肌肉', '美容', '锻炼']
I01247915,此景可待成追忆,http://wallpaper.cdn.pandora.xiaomi.com/thumbnail/webp/w1350/MiTv/041e25fc04aa07a1b03c1b39d23757041f842f57b,CC01000012,插画,柳枝摇曳，燕语呢喃，女孩穿着汉服，在柳条下漫步，燕子围绕在女孩身旁，仿佛在说着悄悄话。@麦拉风,['绘画', '颜色', '古风']
I01251958,可可爱爱小羊猫,http://wallpaper.cdn.pandora.xiaomi.com/thumbnail/webp/w1350/MiTv/0a07b9e7ba3264e33aae5ab3906f9b1b2f72747c0,CC01000012,插画,小羊猫是羊哦，被猫带大的，所以叫它小羊猫。家住在小羊山坡。看看小羊猫，一天都会很美好。@麦拉风/小羊猫,['绘画']
I01297136,捕捉夏日里的小美好,http://wallpaper.cdn.pandora.xiaomi.com/thumbnail/webp/w1350/MiTv/0d3a7dc69843c431b8c74442cf0e52d14972bc6cf,CC01000012,插画,夏之绿，恰似一条携带光影的绿毯，覆盖田野、溪岸、山川、道路，妆点景色，也催生万物。人间草木只有到了夏天，才肆意生长，繁盛茂密，在这浓绿的色彩里，整个世界才是鲜活的。徜徉在深浅不一又清爽宜人的绿荫里，连呼吸也变得更加自由。@锐景/森林抱抱,['享受生活', '清新自然', '夏天', '惬意']
I01373742,南北粽子的“咸甜”之争,http://wallpaper.cdn.pandora.xiaomi.com/thumbnail/webp/w1350/MiTv/04fbb14e78bb9406f964302cc1c757acc31541d26,CC01000012,插画,作为节日食品，粽子又称“角黍”。粽子和豆腐脑一样，因为南北文化差异不同，也存在着咸甜之争。一向在饮食中偏爱吃甜的南方人，在粽子上却更喜欢咸粽子；一向饮食重口的北方人却在粽子这里嗜好甜意。@锐景/少爷,['端午节', '粽子', '传统节日', '粽叶']
I01173020,十二星座的花语,http://wallpaper.cdn.pandora.xiaomi.com/thumbnail/webp/w1080/MiTv/09fba4b646f8f5748972018f7497fd6425143f351,CC01000012,插画,天秤座有些悲观、不自信，容易自暴自弃。其实只要再坚持一下，结果就会有很大的不同。牵牛花能带给天秤座自信和阳光，这样遇到事情也不会害怕了。@同道大叔,['优美', '星座', '天枰座', '牵牛花']
I01209246,可爱的猫咪和我,http://wallpaper.cdn.pandora.xiaomi.com/thumbnail/webp/w1080/MiTv/070605d7f5ee46b2cfffe31d0402d8ec40842fcd2,CC01000012,插画,比起狗狗我还是喜欢猫咪的可爱，正如柠檬味的汽水，翻腾的气泡沾染了夏日的气息，在漫长的日光中经久不散，猫咪的陪伴就好像最动人的情话。@锐景/Grace_詹詹,['温暖', '陪伴']
I01167039,给奥古丝塔的诗章,http://wallpaper.cdn.pandora.xiaomi.com/thumbnail/webp/w1080/MiTv/0f612d5d32c86465a00e5dbe06fe2b4596ce56e53,CC01000012,插画,对这世界我并不鄙薄，也不在意世人对我的谴责。——拜伦《给奥古丝塔的诗章》@视觉中国,['神秘', '水晶球']
I01215924,于千万人中遇见你,http://wallpaper.cdn.pandora.xiaomi.com/thumbnail/webp/w1080/MiTv/03b2d9502fa0e402f01d5c9315886c80a4b6e1c89,CC01000012,插画,我希望有个如你一般的人。这世界有人的爱情如山间清爽的风，有人的爱情如古城温暖的阳光。但没关系，最后是你就好。——张嘉佳@海洛创意,['情侣', '太空']
I01212826,窗内的世界是什么样的？,http://wallpaper.cdn.pandora.xiaomi.com/thumbnail/webp/w1080/MiTv/0311f5e41e1f4320340ced7bebc154e5c25412b68,CC01000012,插画,思维灵活的双子座无拘无束，充满少年感，TA的安全感往往与新鲜感相伴相随。@同道大叔,['双子座', '星座', '同道大叔']
I01296280,生活不是选择 而是热爱,http://wallpaper.cdn.pandora.xiaomi.com/thumbnail/webp/w1350/MiTv/053ea98c33ef240c292d1fe1fdabb3869fa592fd2,CC01000012,插画,在疲倦的生活中总要有些温柔的梦想，每一个人远道而来这人世间，都是因为热爱。如果你喜欢花的温暖，那么一定要活出自己的灿烂，不要因为盲从而失去了对生活的基本判断，生活永远不是选择题，它没有正确答案。@锐景/Jin金-金Jin,[]
I01369442,大熊猫为什么叫“活化石”,http://wallpaper.cdn.pandora.xiaomi.com/thumbnail/webp/w1350/MiTv/0f7a0a5f113d143d1b6573d3207f33a755b7333a2,CC01000012,插画,大熊猫作为国宝，一直备受大众的喜爱与关注。它还被誉为活化石，有着800多万年的历史，和熊猫同一时期的其他物种，绝大部分都灭绝了。而且大熊猫一身黑白配如同太极图一般，既可爱又有禅意，悠闲自得的生活态度让人深爱不已。@锐景/大号小熊,['草坪', '大熊猫', '惬意', '西瓜', '小米精选']
I01372947,小狗之窗,http://wallpaper.cdn.pandora.xiaomi.com/thumbnail/webp/w1350/MiTv/0ba648ee34f2d4500a07cd41397d03a3624ffd884,CC01000012,插画,小狗慢慢爬上梯子，趴在窗台边，摘下一朵又一朵鲜花，鲜花沁人心脾的香味让小狗心情大好，它晃悠着小尾巴表示很开心。@圈子/polly,['温暖', '活泼', '活力', '小米精选']
I01245634,“甜到掉牙”的穿搭,http://wallpaper.cdn.pandora.xiaomi.com/thumbnail/webp/w1350/MiTv/0870a530a2db34eb238fc735151af95e5b842151d,CC01000012,插画,生活中，总有一些女孩，甜甜的笑容总是让人无法招架，谁会不喜欢甜美的女孩子呢？要知道成为一个sweet女孩，不仅仅是靠笑容，还有可爱的穿搭。哪有少女不喜欢粉色，粉色的短款毛衣搭配同色系的短裙，少女超甜的气质立马显现了出来。@锐景/王点点,['蝴蝶结', '穿搭']
I01245904,暖冬甜心,http://wallpaper.cdn.pandora.xiaomi.com/thumbnail/webp/w1350/MiTv/00ab84420f98641202e90b156555753e7cfb296f8,CC01000012,插画,追求自由的射手，在面对心爱的人就像天真的孩子一般，为你献上世界上最好的礼物。@同道大叔,['星座', '同道大叔', '射手座']
I01223526,十二星座的本色,http://wallpaper.cdn.pandora.xiaomi.com/thumbnail/webp/w1080/MiTv/0ca6050d421786ccdfafa112b906e4920b1413dc9,CC01000012,插画,在旁人看来，摩羯座是个冷漠固执且缺乏浪漫情趣的一个人，实际上TA比任何人都要认真可靠，即使感情热烈也会用一种细水长流的方式表达出来。@同道大叔,['星座', '同道大叔', '摩羯座']
I01158647,夏天的汽水,http://wallpaper.cdn.pandora.xiaomi.com/thumbnail/webp/w1080/MiTv/057337451940f46cf18d155276941ded715c668d3,CC01000012,插画,加了冰块的汽水带走了炎炎的夏天，穿着短裙的女孩迈着轻盈的步伐，在透着光的树荫下散步，连周遭的风也变得凉快了起来。@锐景创意,['清新自然', '冰块', '夏天', '汽水']
I01295486,适合发朋友圈的夏日文案,http://wallpaper.cdn.pandora.xiaomi.com/thumbnail/webp/w1350/MiTv/098a454777c9a42bdb88971d11d4296ae575e2c59,CC01000012,插画,每年夏季总会有几场雨，催着南山花开，西山青梅熟，总之岁月还漫长，人生何处不相逢，终会有一人陪你骑马喝酒潇洒走四方。@锐景/王点点,['清新自然', '紫色调']
I01295408,当代年轻人的选择,http://wallpaper.cdn.pandora.xiaomi.com/thumbnail/webp/w1350/MiTv/097f2226064e24f4e9f27e56b7ee2ac7c2b5e1cca,CC01000012,插画,大多数年轻人都喜欢过城市生活，灯红酒绿，文化生活也比较丰富。但也有部分人偏爱农村生活，远离闹市的喧嚣，仿佛空气都更清新了，自己种点不喷农药的瓜果和绿色环保的蔬菜，也不用为了温饱而发愁，丰收的喜悦带来自给自足的成就感。@锐景/散装Ender,['少年', '享受生活', '清新自然', '惬意', '稻田']
I01213150,20岁时 你遇到过哪些难题？,http://wallpaper.cdn.pandora.xiaomi.com/thumbnail/webp/w1080/MiTv/0892c94ae661840d51642dc5e8df5ef7631641849,CC01000012,插画,众人期待已久的《二十不惑》正在热播。该剧讲述了大学一个宿舍里的四个女生，在步入大四毕业季这一年，所发生的关于青春与成长的故事。不少人看了剧之后大呼真实，这不就是我的二十岁嘛？@海洛创意,['小提琴']
I01294450,七月运气爆棚“锦鲤”星座,http://wallpaper.cdn.pandora.xiaomi.com/thumbnail/webp/w1350/MiTv/06203e59b18964e9db1a95055bfb4357e6c5dd8a8,CC01000012,插画,七月的天秤座在人际交往方面会非常出色，能给初次相识的人留下好印象，并且与你成为朋友。你的好人缘会还为你结识一些贵人，这些贵人在未来有可能会给予你巨大的帮助。@锐景/麦宝饱,['清新自然', '紫色调', '惬意']
I01251959,可可爱爱小羊猫,http://wallpaper.cdn.pandora.xiaomi.com/thumbnail/webp/w1350/MiTv/0bcc9839d97da49599f258391771cb94224087b52,CC01000012,插画,小羊猫带着小羊山坡里的小伙伴来啦！希望大家都可以保持善意与柔软，让心永远闪耀着温柔的光。愿你每一天都开心，拥有好运与幸福。@麦拉风/小羊猫,['绘画']
I01266392,今世的五百次回眸,http://wallpaper.cdn.pandora.xiaomi.com/thumbnail/webp/w1350/MiTv/04dfedb89942a4bd28e46db0beb8ee3d74996d877,CC01000012,插画,不为虚缈的擦肩而过，而把余生定格在回眸之中。——毕淑敏《今世的五百次回眸》@圈子,['优美', '翅膀', '陪伴', '洁白', '小米精选']
I01247918,此景可待成追忆,http://wallpaper.cdn.pandora.xiaomi.com/thumbnail/webp/w1350/MiTv/0e5a414d2a9c547c43809e9ca9e998e7eb4692bc1,CC01000012,插画,雪花落在枝头的花瓣上，美得不可方物，女孩被这番景物深深吸引，竟把伞随意的丢在边上。@麦拉风,['色彩', '绘画', '古风']
I01179067,十二星座的闲暇时光,http://wallpaper.cdn.pandora.xiaomi.com/thumbnail/webp/w1080/MiTv/01106155709a34aec284a3a53df9fb8f2232ffb55,CC01000012,插画,躲在温暖的小屋里刷刷剧，是快乐的白羊座的冬日正确打开方式。@同道大叔,['欢乐', '星座', '白羊座']
I01293339,少女感穿搭让你元气一夏天,http://wallpaper.cdn.pandora.xiaomi.com/thumbnail/webp/w1350/MiTv/064d42fc316b14b8997721cfe7605c5ba131761d9,CC01000012,插画,夏季要穿出少女感，穿搭的配色很关键，像浅蓝、浅绿等的低饱和度颜色，在视觉上会显得格外舒缓温柔，看上去就像是一只毫无攻击力的小兔子，非常容易勾起别人的保护欲。@锐景/麦宝饱,['清新自然', '惬意']
I01204511,夏日小食,http://wallpaper.cdn.pandora.xiaomi.com/thumbnail/webp/w1080/MiTv/0529b851916a242ad3b266ca2b4fee2f80ab54057,CC01000012,插画,处女座仿佛芒果雪糕一般，冰冷的外表下有颗炙热的心，细腻且丰富。@同道大叔,['同道大叔']
I01180105,梦想中的夜晚,http://wallpaper.cdn.pandora.xiaomi.com/thumbnail/webp/w1080/MiTv/08d1fe45b1e4f4d322fd47e499ee43e1864f43645,CC01000012,插画,沿着河流最深处走去，漫天的彩霞神秘又美丽，还有闪着光亮的星星在对我招收，在那里我看到无数不曾经见过的曼妙景色。@锐景/王珺,['黄昏', '彩霞', '傍晚', '冒险']
I01186534,遇见你真好,http://wallpaper.cdn.pandora.xiaomi.com/thumbnail/webp/w1080/MiTv/0e0c8b52fc4ed417e21219a6e2ee9d0d7a2707d38,CC01000012,插画,常常不禁问自己，如果不曾与你相遇，我的故事又会是怎样的结局，还有没有人像你一样，让我爱到倾尽所有的柔情，将心沉醉在那一场花事中。@视觉中国,['优美', '清新自然', '人物画']
I01215925,于千万人中遇见你,http://wallpaper.cdn.pandora.xiaomi.com/thumbnail/webp/w1080/MiTv/09b2d54020abef02641d549315186b8ca0f4085c9,CC01000012,插画,于千万人之中遇见你所遇见的人，于千万年之中，时间的无涯的荒野里，没有早一步，也没有晚一步，刚巧赶上了，那也没有别的话可说，惟有轻轻的问一声：“噢，你也在这里吗？”——张爱玲@海洛创意,['夜空', '情侣', '月亮', '烛光']
I01289680,如何“拯救”你的睡眠,http://wallpaper.cdn.pandora.xiaomi.com/thumbnail/webp/w1350/MiTv/02a77b0af08d7469380af4ea691515f87bfe465d0,CC01000012,插画,睡前用热水洗脚，可促进足部血管扩张，加快血液循环。足部穴位较多，热水的刺激能起到很好的保健作用，尤其是患有失眠和足部静脉曲张者，用热水洗足也能减轻症状，也易于入睡。@锐景,['星星']
I01252357,这些小裙子，你了解吗？,http://wallpaper.cdn.pandora.xiaomi.com/thumbnail/webp/w1350/MiTv/03dc48bd66ad94c79b324c36e77b2c04e1be2fe43,CC01000012,插画,轻Lolita风格，比较偏向日常的一种风格，接近平时所穿着的裙子，但是从一些细节还是可以看出Lolita风格的影子。@麦拉风,['绘画']
I01179475,《诗经》里的学问,http://wallpaper.cdn.pandora.xiaomi.com/thumbnail/webp/w1080/MiTv/05106525789338ae2384a2a53cf9fc8b270425db1,CC01000012,插画,成语“鸠占鹊巢”，源自《诗经·召南·鹊巢》：“维鹊有巢，维鸠居之。之子于归，百两御之。”此诗所描述的，是盛大的迎亲场面。归，即出嫁之意。@有料/蓝铅笔/落笙,['小鸟', '绘画', '艺术感']
I01372948,小狗之窗,http://wallpaper.cdn.pandora.xiaomi.com/thumbnail/webp/w1350/MiTv/076a42bb31ed44851ab59e885bae6eee4c7c293be,CC01000012,插画,夏日的气息愈发浓烈，湛蓝的天空中飘着朵朵白云，小狗的向日葵在阳光的沐浴下茁壮成长。@圈子/polly,['云彩', '活力', '温柔', '小米精选']
I01036607,星座自由度大揭秘,http://wallpaper.cdn.pandora.xiaomi.com/thumbnail/webp/w1080/MiTv/0d5de7504221a478c004162b4fce1f55ff500fbaa,CC01000012,插画,精分高手双子座，一会安静如雪，一会风雨交加，TA们的心情比天气预报还随性。狮子座的气势与生俱来，让TA拥有很多常人无法拥有的自由。天秤座的爱美之心，让天秤一天可以换180个造型不重样，在装扮和颜值上可以说是百变娇娃！@同道大叔,['双子座', '星座', '狮子座', '同道大叔', '天枰座']
I01219331,二十不惑才能勇往直前,http://wallpaper.cdn.pandora.xiaomi.com/thumbnail/webp/w1080/MiTv/0ebdc5063d086ad8abc4dfd49c00e59b4ea420183,CC01000012,插画,20岁的我们都是这个新世界的实习生，满怀期待地想要给人留下美好的第一印象，温柔地说一句，初次见面，请多关照，可这陌生的世界却告诫我们，初次见面，你在这里，微不足道。@有料/木子担担,['迷人', '艺术感', '干练', '穿搭', '《二十不惑》']
I01175292,美丽“喵”生,http://wallpaper.cdn.pandora.xiaomi.com/thumbnail/webp/w1080/MiTv/01946e4f70d714ede1e1f0a310f89d296a79834e7,CC01000012,插画,美好的生活，就像满载冰淇淋的花车，口口都是甜蜜。@吾皇万睡,['冰淇淋']
I01253932,小羊猫 温暖且治愈,http://wallpaper.cdn.pandora.xiaomi.com/thumbnail/webp/w1350/MiTv/01f1aa94d3e174e638298eae2e6f3bb4dcf103218,CC01000012,插画,温柔的风吹过闪光的花海，可爱蠢萌的小羊猫感恩每一个善意温柔的人。希望你充满希望，慢慢发光，平安可爱，平和善良。一切都会变得更好。@麦拉风/小羊猫,['绘画']
I01207076,你能善待自己吗？这个习惯不好！,http://wallpaper.cdn.pandora.xiaomi.com/thumbnail/webp/w1080/MiTv/0a09b4fee57188d0798aea04adb5ccf33024063e0,CC01000012,插画,记忆力下降。正常来说，人的交感神经应该是夜间休息，白天兴奋，来支持人一天的工作。而熬夜者的交感神经却是在夜晚兴奋，所谓一张一弛，熬夜后的第二天白天，交感神经就难以充分兴奋了。@视觉中国,['保护', '记忆']
I01255558,童年永远值得怀念,http://wallpaper.cdn.pandora.xiaomi.com/thumbnail/webp/w1350/MiTv/0ad8682c7b6b94149a5a97220c57eed26a72636f1,CC01000012,插画,“有的人的童年可以治愈一生，而有的人却在用一生治愈童年。”这句话扎了多少人的心？不幸的人生活里苦很多，但只要一点甜就可以填满，所以小时候不被爱的孩子，长大后会寻尽一切方法治愈自己。@锐景/猫不烦,['童话', '紫色调', '兔子']
I01175291,美丽“喵”生,http://wallpaper.cdn.pandora.xiaomi.com/thumbnail/webp/w1080/MiTv/079464af77d71eed95e1fea31d3897246d041e0de,CC01000012,插画,努力工作、用心生活，每一天都要“飞”起来。@吾皇万睡,[]
I01176096,十二星座的冬季食物语,http://wallpaper.cdn.pandora.xiaomi.com/thumbnail/webp/w1080/MiTv/02946e5f70d014ed61e1faa310789d2e6a79034e7,CC01000012,插画,天生乐观主义的射手座，在寒冷的冬季，能因为吃着热腾腾的红薯而感到快乐。这种情绪也会感染到周围的人，使这个冬天不再寒冷。@同道大叔,['食品', '星座', '红薯', '射手座']
I01369349,可爱可抵漫长岁月,http://wallpaper.cdn.pandora.xiaomi.com/thumbnail/webp/w1350/MiTv/03b4b4e3c5ebb47fab539c0059e967dbd73affa5f,CC01000012,插画,要始终保持热情和乐观向上，去喜欢自己正要和将要做的每一件事情，热爱身边的一切，努力让自己的选择正确，生活一定会悄无声息按照你的美好希翼向你走来。@锐景/猫吖77,['清新自然', '熊猫', '惬意', '治愈']
I01281999,乐观的人有多可爱,http://wallpaper.cdn.pandora.xiaomi.com/thumbnail/webp/w1350/MiTv/055d6c257e2234df8b1d20d7ee8de49ce131ba967,CC01000012,插画,人生征途漫漫，当你用乐观的心态去生活的时候，生活会回馈给你更多美好。未来，请做一个乐观、积极的人，不困于过去，不惧怕未来。要坚信枯木终会逢春，有志终会成功。乐观者，往往会在生活中找寻到希望，并借此开雾睹天。@锐景/长草颜团子,['优美', '色彩丰富', '小米精选']
I01163060,快去避暑啦,http://wallpaper.cdn.pandora.xiaomi.com/thumbnail/webp/w1080/MiTv/0db50d5e5f2294611217f3847f48a0e18d1dd3f15,CC01000012,插画,炎热的酷暑，金牛不需要避暑圣地，需要金钱和另一半！@同道大叔,['金币', '海盗', '星座', '金牛座']
I01245635,“甜到掉牙”的穿搭,http://wallpaper.cdn.pandora.xiaomi.com/thumbnail/webp/w1350/MiTv/0870a530a2db35eb258fcd35171af35e54842151d,CC01000012,插画,其实少女感的穿搭并不是要走软萌甜的路线，而是一种适当减龄，但又不装嫩的穿搭方式。就像泡泡袖元素，不管是在夏天穿的的小裙子上，还是在秋冬的内搭都占有一席之地。宫廷风的设计弥漫着浓厚的法式复古风情，将中世纪优雅的贵族少女展现的淋漓尽致。@锐景/王点点,['穿搭']
I01290165,愿你永远都是小孩,http://wallpaper.cdn.pandora.xiaomi.com/thumbnail/webp/w1350/MiTv/030f1278e91914d01a121d375476c9cce8e451a6d,CC01000012,插画,人永远是孩子，谁也长不大，有的保留着孩子的心灵，有的保留着孩子的脑筋。—— 周国平@圈子,['质感', '爱心']
I01172202,甜蜜的幸福,http://wallpaper.cdn.pandora.xiaomi.com/thumbnail/webp/w1080/MiTv/07960c593d2bf4e5c12c9f5481fa8887579e6e299,CC01000012,插画,属于水瓶的甜蜜是焦糖布丁，稳重又充满QQ弹弹的幸福，最上面是一颗唯美的红醋栗，让整个布丁都变得像水瓶一样，俏皮了起来！@同道大叔,['甜蜜', '星座', '同道大叔', '水瓶座']
I01210567,做个有教养的人，很难吗？,http://wallpaper.cdn.pandora.xiaomi.com/thumbnail/webp/w1080/MiTv/0be5c147baacd4033306b9b304757c695c381bff4,CC01000012,插画,面带微笑、衣着得体、落落大方。有教养的人不会浓妆艳抹、油头粉面，始终面带微笑，为人处事不坑不卑，不矫情、不做作，给人落落大方的感觉，让人如沐春风，心情愉悦。@站酷海洛,['微笑', '知识', '学习']
I01258108,总是向前的生活,http://wallpaper.cdn.pandora.xiaomi.com/thumbnail/webp/w1080/MiTv/00a158d9412ff4e75a8595cf25dfbac50cd3911b5,CC01000012,插画,已去之事不可留，已逝之情不可恋，能留能恋，就没有今天。——亦舒《花常好月常圆人长久》@圈子,['海边', '微风', '纯洁', '小白裙']
I01204485,再忙碌，也不要迷失了自己,http://wallpaper.cdn.pandora.xiaomi.com/thumbnail/webp/w1080/MiTv/0729b501936a2c2ab9b266ca244fea20871435be8,CC01000012,插画,不要在忙碌中迷失了自己，在学习工作之余，欣赏一下生活，会让你的心情像花儿一样绽放。@视觉中国,['自行车', '桥梁', '步行', '都市']
I01168337,青春之恋,http://wallpaper.cdn.pandora.xiaomi.com/thumbnail/webp/w1080/MiTv/0a3e2455db1d39d3166565d17b1e76f902e41226b,CC01000012,插画,多年后，再回想起年少时的懵懂青涩，或许契机都记不得了，但游乐场的那场邂逅，却始终铭记于心。青春就是让我们张扬的心动，莫名的憧憬，爱了就爱了。面对喜欢的你，我不会唯唯诺诺。@锐景创意/林生,['恋人', '回忆', '游乐场']
I01252358,这些小裙子，你了解吗？,http://wallpaper.cdn.pandora.xiaomi.com/thumbnail/webp/w1350/MiTv/03b0a4caa4d914e539e5ad6cf3b563f4134519eb3,CC01000012,插画,JK裙夏服，顾名思义就是日本女高中生所穿的校服，因为轻便可爱后成为一种穿着风格，一般分为格子裙和纯色裙两种，穿着起来更加凸显女孩子的青春活力。@麦拉风,['绘画']
I01036665,珍惜你的处女座朋友,http://wallpaper.cdn.pandora.xiaomi.com/thumbnail/webp/w1080/MiTv/01dab55084f53433c26f22ff3ee47ed77913ea0f9,CC01000012,插画,喜欢一个人死活不说就要藏着掖着，藏在心里一万多年纠结来纠结去也没想好要不要表白！内心已经波涛汹涌到不发作就爆炸的地步了，外表却还要保持着一副岁月静好我什么都不care的傲娇状态！@同道大叔,['清新自然', '处女座', '星座', '同道大叔']
I01196141,活得有温度,http://wallpaper.cdn.pandora.xiaomi.com/thumbnail/webp/w1080/MiTv/08d635b59be369bcaa3358a2be7c1fab6b440831d,CC01000012,插画,不随波逐流，不妄自菲薄，做自己喜欢做的事，赚自己喜欢赚的钱。@视觉中国,['清新自然', '温柔']
I01209148,十二星座大玩家,http://wallpaper.cdn.pandora.xiaomi.com/thumbnail/webp/w1080/MiTv/07fdf4c4940ebb64306a4d7b023c39ebcae40a2ab,CC01000012,插画,天蝎：“奶茶奶茶~三分糖~就不会胖......”。@同道大叔,['星座', '同道大叔', '天蝎座']
I01263588,想爱你到老,http://wallpaper.cdn.pandora.xiaomi.com/thumbnail/webp/w1350/MiTv/0a3d19f346a6d4bb78bbdb62e6d32a1cf4472b0f9,CC01000012,插画,它是生命飘落在这世上的落叶，或许被谁拾去，夹在书页中。或许随风飘散，化作尘泥。——胡发云《想爱你到老》@圈子,['草坪', '友谊', '广阔', '陪伴', 'JK制服', '小米精选']
I01249893,“没存在感”的避暑地,http://wallpaper.cdn.pandora.xiaomi.com/thumbnail/webp/w1350/MiTv/0bd7b4878cfade3b8c6b1c4e29e041957ef40c229,CC01000012,插画,炎炎夏日既不想成天呆在空调房中，又不想去人挤人的地方，那么你一定不能错过贵州开元。贵州本就是一个很适合夏天出游的地方，贵州的夏天就和别的城市的春天一样舒服。开元是贵州的一个不怎么出名的小城市，在这里的日子既安逸又清净。@锐景/长草颜团子,['享受生活', '清新自然', '夏天', '饮料']
I01180107,梦想中的夜晚,http://wallpaper.cdn.pandora.xiaomi.com/thumbnail/webp/w1080/MiTv/0cbc1422cdf00719caa0fa567d38687e3374000b3,CC01000012,插画,钢琴声伴着海浪拍打沙滩的声音，宁静悠远，仿佛这个世界只有我一个人。突然从云层中游过一条巨大的鲸鱼，不知道它将要去哪里呢。@锐景/王珺,['未来', '鲸鱼', '钢琴', '大海湖泊', '冒险']
I01208588,你不再是少年，抗衰老要认真了！,http://wallpaper.cdn.pandora.xiaomi.com/thumbnail/webp/w1080/MiTv/070604d7f8ee4fb2cbffec1d0f02d3ec4c842fcd2,CC01000012,插画,改善生活习惯最好延缓衰老的方法，例如每天坚持做有氧运动30-45分钟之间，使身体微微出汗，并且能够提高人体的新陈代谢率和基础代谢率，对于延缓衰老十分有效。@视觉中国,['美容', '护肤', '保健']
I01210374,低头族要小心，别忽视健康,http://wallpaper.cdn.pandora.xiaomi.com/thumbnail/webp/w1080/MiTv/0e6b1f5fb5254422530b9ac9d5ecba19a08b6575f,CC01000012,插画,长时间直视屏幕会使眼部遭受强烈的刺激，引发眼部肌肉疲劳，视力下降。尤其在昏暗的环境下长时间玩手机，更容易导致近视，严重的会诱发干眼症、白内障、青光眼、视网膜病变等疾病，甚至可能引发黄斑部水肿，导致眼睛永久性伤害。@站酷海洛,['低头', '电子屏幕', '手机']
I01373996,自由地生活有多惬意,http://wallpaper.cdn.pandora.xiaomi.com/thumbnail/webp/w1350/MiTv/08aefadab3116407d93dea6be51675113ab470d2f,CC01000012,插画,对于人生而言，自由是最好的礼物。拥有自由，就等于拥有一片任我翱翔的蓝天；拥有自由，就等于掌握了生命运转的齿轮。自由，是伟大的产物，是让生活充满无限可能的支撑点。@站酷海洛,['草坪', '大象', '小熊']
I01168336,青春之恋,http://wallpaper.cdn.pandora.xiaomi.com/thumbnail/webp/w1080/MiTv/0a3e2455db1d39d31f6560d17e1e7ef901e41226b,CC01000012,插画,能够与你遇见，应该是我最幸福的一件事情了吧。未曾体会过的喜欢心情，就在见到你的那一个瞬间，涌出心田。一旦察觉到这种感情，就再也不发抵挡了。放学后的操场，是我们的初见。那一天，我恋爱了。@锐景创意/林生,['黄昏', '恋人', '操场', '傍晚']
I01229367,十二星座的告白,http://wallpaper.cdn.pandora.xiaomi.com/thumbnail/webp/w1080/MiTv/02d94419c2b0fa245159f8e3063f919abc74286d6,CC01000012,插画,一只羊...两只羊....嘿哈！噩梦噩梦快走开，不要打扰白羊。@同道大叔,['星座', '白羊座', '同道大叔']
I01271160,爱情可以有多甜,http://wallpaper.cdn.pandora.xiaomi.com/thumbnail/webp/w1350/MiTv/060d09dba7c604c939b0b2f10f94e91e5ffd87219,CC01000012,插画,余暗于案下握其腕，暖尖滑腻，胸中不觉砰砰作响。——沈复《浮生六记》@圈子,['想象力', '空灵感']
I01179069,十二星座的闲暇时光,http://wallpaper.cdn.pandora.xiaomi.com/thumbnail/webp/w1080/MiTv/0a106155709a34aed284a9a53dd9fb822232efb55,CC01000012,插画,天生王者狮子座，即使一个人在家，也要保证站在舞台中央的绝对姿态。@同道大叔,['音乐', '星座', '狮子座']
I01376759,海绵宝宝 可爱漫画风,http://wallpaper.cdn.pandora.xiaomi.com/thumbnail/webp/w1350/MiTv/085a568e25ffc428295afb7cc0d093926cf48a237,CC01000012,插画,如果你愿意相信自己，再施一点小魔法，你的梦想就会全部实现。@麦拉风,['开心', '漫画', '海绵宝宝']
I01268695,生活中的大道理,http://wallpaper.cdn.pandora.xiaomi.com/thumbnail/webp/w1350/MiTv/0a3598a8e862d4ba4b5d53bbefba625db342e0fa7,CC01000012,插画,衣服要趁新珍惜，名誉要从小爱护。——普希金《上尉的女儿》@圈子,['温暖', '优美', '友谊', '陪伴', '时光']
I01166248,解相思,http://wallpaper.cdn.pandora.xiaomi.com/thumbnail/webp/w1080/MiTv/0377d4d1e6076545a4637cbddbf3ab6b366415877,CC01000012,插画,柳腰拂风过，彩蝶随香走，发髻挽就，思绪上心头。世人怕相思，偏偏已相思，满腹相思无处辞，眉眼露一丝。蝶语君心似我心，心结锝解盼君归。@锐景创意/张溶,['壁画', '蝴蝶', '沉思', '古风']
I01207112,打“疫苗”有哪些好处？,http://wallpaper.cdn.pandora.xiaomi.com/thumbnail/webp/w1080/MiTv/02d3185ea95284ce62aa46820d3e8c53d4322010a,CC01000012,插画,预防多种疾病。有些小宝宝抵抗力本来就较虚弱，一直都有不同的疾病，那家长当然就会想方设法通过多种方式来改善这些体质，其中非常重要的一种方法就是注射疫苗，可以增强体质，改善人体的抗体成分。@视觉中国,['保护', '安全', '防疫']
I01217752,人生中最值得看的风光,http://wallpaper.cdn.pandora.xiaomi.com/thumbnail/webp/w1080/MiTv/0ebdc506320867d8a9c4dbd49f00ee9b42a420183,CC01000012,插画,在这个世界上有太多美到失语的景色了，我们会追逐知名的景点，一览雄伟壮阔，却往往忽视了身边最美好的景象。傍晚时分，迎着落日余晖下班、放学，这样的场景值得每个人去体验。 @锐景/唏嘘的星辰,['享受生活', '惬意', '小米精选']
I01253933,小羊猫 温暖且治愈,http://wallpaper.cdn.pandora.xiaomi.com/thumbnail/webp/w1350/MiTv/00cb232698e7049869bfad24cf4b928012c31d069,CC01000012,插画,一切都还在继续，你还是要继续加油。希望小羊猫治愈你的心灵，清澈且宁静。一直有温暖的灯光，在你的心底。@麦拉风/小羊猫,['绘画']
I01296502,十二星座之乐趣生活,http://wallpaper.cdn.pandora.xiaomi.com/thumbnail/webp/w1350/MiTv/0e64d6d7e50594feda159ae69f163a00e6ee6aa98,CC01000012,插画,处女座是一个精神世界的富翁，TA们想要的生活无非就是满足了自己精神需求的生活。只有当一个人的精神世界富足了，TA的思想能够支持自己的生活，那这个人才会活得快乐，才会体会到生活的乐趣。@同道大叔,['处女座', '星座', '同道大叔']
I01053246,向往的生活,http://wallpaper.cdn.pandora.xiaomi.com/thumbnail/webp/w1080/MiTv/04e13f47caa9144303072b8775564fc9a1d4ca89c,CC01000012,插画,在宁静的小城镇中，拥有一个自己的小屋，和闺蜜一起追逐阳光，一起感受风雨，这样的生活令人神往。@有料,['享受生活', '清新自然', '惬意']
I01217111,你不知道的宇航员秘密,http://wallpaper.cdn.pandora.xiaomi.com/thumbnail/webp/w1080/MiTv/000c1410d7df964ace5c8cbe62c2788d3a6412599,CC01000012,插画,宇航员的衣服有多贵？探索太空不仅需要很高的科技含量，还需要非常庞大的财富，仅仅是宇航员在航外活动的一件宇航服，从造价的角度来说，就要超过一个亿！@有料,['草坪', '太空', '宇航员', '震撼', '伟大', '太空服', '外太空']
I01169340,入梦,http://wallpaper.cdn.pandora.xiaomi.com/thumbnail/webp/w1080/MiTv/0814059966b3b2b6b9f116ae7b0651eef92439daa,CC01000012,插画,我梦见，我变成了一条大鱼，在大海深处，在蔚蓝的海中，自由自在的游走，阳光透过海平面投射下来的斑斑点点，在深海中如同星辰一般，是这片漆黑的海域唯一的光芒所在。@锐景创意/王瑶渊,['星辰', '大鱼', '光芒']
I01252359,这些小裙子，你了解吗？,http://wallpaper.cdn.pandora.xiaomi.com/thumbnail/webp/w1350/MiTv/0360e1147f26b4bbda8ab4c7418bd753eb54a9a08,CC01000012,插画,田园风Lolita裙子，田园风的一大特点就是较好辨认的兜裙，是不是有点像中世纪贵族家里女仆的装束呢？@麦拉风,['绘画']
I01168045,将夜,http://wallpaper.cdn.pandora.xiaomi.com/thumbnail/webp/w1080/MiTv/0a3e2455dd1d36d318656ed1761e78f90fe41226b,CC01000012,插画,晚风吹起你柔软的秀发，脚下的湖面将你倒映成了她。身后的画框中开出巨大的，炫目的莲花，湖面上升腾起的斑斑点点，变成了夜空中最亮的星星，你也是我心中最亮的那颗。@锐景创意/王瑶渊,['银莲花']
I01384561,线条小狗 魔法汪汪,http://wallpaper.cdn.pandora.xiaomi.com/thumbnail/webp/w1350/MiTv/0acc6c4f740e6436e92f9abdfe1104372e3bfc826,CC01000012,插画,许下你的小心愿，魔法小狗会听见，十个愿望一次满足！@线条小狗Maltese,['治愈', '魔法', '小米精选', '线条小狗']
I01217772,毕业之后的路,http://wallpaper.cdn.pandora.xiaomi.com/thumbnail/webp/w1080/MiTv/0ebdc406350867d8acc4d8d49800ee9b47a420183,CC01000012,插画,作为一名刚毕业的学生，经历过找工作的艰辛，面对过客户的刁难，但却不曾迷失过自我。因为只要心里有了目标，就一定会闯出属于自己的一条路。@锐景/唏嘘的星辰,['清新自然', '未来', '梦想']
I01181967,十二星座的闲暇时光,http://wallpaper.cdn.pandora.xiaomi.com/thumbnail/webp/w1080/MiTv/00d1fe55b1e2f4d352fd41e499be43e9864f33645,CC01000012,插画,高冷的摩羯座盖着喜欢的毛毯，看一本喜欢的书，就算是冬季，也有阳光出来的时候。@同道大叔,['读书', '星座', '摩羯座']
I01148165,春天的期许,http://wallpaper.cdn.pandora.xiaomi.com/thumbnail/webp/w1080/MiTv/0fee94cfa4068ae470214a5e219a2874b14421a97,CC01000012,插画,天马行空的双子也有着柔软的一面，ta们害怕孤独、缺乏安全感，渴望着被朋友们紧紧围绕。@同道大叔,['春天', '双子座', '星座']
I01231741,十二星座之水逆消消乐,http://wallpaper.cdn.pandora.xiaomi.com/thumbnail/webp/w1080/MiTv/04e67474149a0c694e8f34ef5ffa5af7019426f8f,CC01000012,插画,嗷嗷嗷！狮子发动技能——奥义·水逆退散术！@同道大叔,['星座', '狮子座', '同道大叔']
I01287716,致敬“大白” 感恩守护,http://wallpaper.cdn.pandora.xiaomi.com/thumbnail/webp/w1350/MiTv/02e67d3ee63f64ec298d9a45edbf929429da04215,CC01000012,插画,大白是网友们对医护工作者的尊称，一支支棉棒，一份份情，一次次洗消，双眸闪着光。吃一包泡面，充饥，喝一小口水，润润干涸的嗓，舍小家为大家，汗湿内衣裳。蓝天白云下，你与太阳比肩，夜色茫茫，你伴星月成双，只是为了保民众健康，愿社区安祥。@有料,['震撼', '感动', '伟大', '医生', '护士', '感恩']
I01262863,美好时光多温柔,http://wallpaper.cdn.pandora.xiaomi.com/thumbnail/webp/w1350/MiTv/032ddf0420ce54f2b9b0ecefa02e251d9eaa41677,CC01000012,插画,有时你会发现，让自己摆脱陈规旧习或困境最好的方法，就是为自己或他们创造更美好的生活。——力克·胡哲《人生不设限》@圈子,['温暖', '优美', '云彩', '治愈', '微风']
I01215926,于千万人中遇见你,http://wallpaper.cdn.pandora.xiaomi.com/thumbnail/webp/w1080/MiTv/09b2d54020abe1026b1d51931818678ca1f4085c9,CC01000012,插画,你要是愿意，我就永远爱你，你要不愿意，我就永远相思。——王小波@海洛创意,['情侣', '萤火虫']
I01384567,捕捉夏日最治愈的风景,http://wallpaper.cdn.pandora.xiaomi.com/thumbnail/webp/w1350/MiTv/0ae46d9cbad7948ecb71ce262582f6e8a484f67e0,CC01000012,插画,蓝色，在柔和的暖意里肆意生长，初夏，在温柔的清风中尽情盛放。人生最美好的事总发生在夏天，蔚蓝的大海，冰爽的气泡水，突然撞进我心里的你，以及听一场唱进心里的音乐会。@锐景/兔懵懵,['夏天', '惬意', '兔子']
I01211675,窗内的世界,http://wallpaper.cdn.pandora.xiaomi.com/thumbnail/webp/w1080/MiTv/08df455e3d7d442d036293a9a2c450168e4ef4a36,CC01000012,插画,射手沉迷在冰爽的酒精海洋里：“夏天就该来一杯！”。@同道大叔,['星座', '同道大叔', '射手座']
I01161455,一个人的旅行,http://wallpaper.cdn.pandora.xiaomi.com/thumbnail/webp/w1080/MiTv/0c36b52509171cda7c257763d30ebb80499408c9d,CC01000012,插画,双子座是出了名的胆大，再加上有强烈的好奇心，立刻能来一场不计后果说走就走的旅行。@同道大叔,['双子座', '钓鱼', '星座']
I01213556,让电影陪伴你，可以吗？,http://wallpaper.cdn.pandora.xiaomi.com/thumbnail/webp/w1080/MiTv/0c3e5149ccb8a45451b1c45548346c063713164f8,CC01000012,插画,电影让我们放松心情，体验不一样的生活方式。虽然电影是艺术形式，但艺术终究来源于生活。通过看电影可以体验不一样的人生经历。@视觉中国,['陪伴', '娱乐']
I01253126,异世奇旅,http://wallpaper.cdn.pandora.xiaomi.com/thumbnail/webp/w1350/MiTv/00ae77c3be1444621bf139794891404a974704675,CC01000012,插画,白羊座阳光乐观，永远保持着一颗童心，对TA来说新的世界就是新的机遇，与其惧怕陌生的环境，不如勇敢面对。@同道大叔,['星座', '白羊座', '同道大叔']
I01259161,天生浪漫的水象星座,http://wallpaper.cdn.pandora.xiaomi.com/thumbnail/webp/w1350/MiTv/0c06b0de969ec49deb08fd648879dd4143a7a919a,CC01000012,插画,恋家且责任心重的巨蟹座，虽然不及双鱼座将浪漫完全外放，更敏感的他们却同样是浪漫而专一的。她们没有天马行空的幻想，但能捕捉到平淡生活中能激起波澜的快乐细节，她们的浪漫往往藏在小事中。@锐景/Dear寻,['清新自然', '夏天']
I01370199,小菜狗舒适的一天,http://wallpaper.cdn.pandora.xiaomi.com/thumbnail/webp/w1350/MiTv/0e06679c821744f3aa3edaeca9805b42bb433b674,CC01000012,插画,小菜狗在雨天过起了舒适惬意的生活。一大早就在门口迎接小伙伴来家里做客，展现了它友善可爱的一面。@圈子,['雨天', '下雨', '白菜']
I01384571,长草颜团子的日常,http://wallpaper.cdn.pandora.xiaomi.com/thumbnail/webp/w1350/MiTv/02da6f5c396064fa195d74cbf7f69d12edd19f086,CC01000012,插画,长草颜团子意味着童真、成长、简单可爱。呆萌的表情和头顶的小嫩芽，白白胖胖的团子乖顺地趴在凉席上，这小日子真的过得也太滋润了吧！@图虫创意,['治愈']
I01294806,宫崎骏的夏日浪漫,http://wallpaper.cdn.pandora.xiaomi.com/thumbnail/webp/w1350/MiTv/0e0a01bc5d7494738ae112b94ce3ef145f3b728f7,CC01000012,插画,只有一个人在旅行时，才会听到自己的声音，它会告诉你，这世界比你想象中的宽阔。——宫崎骏@有料,['优美', '清新自然', '夏天', '宫崎骏']
I01268714,我们的爱永远都在,http://wallpaper.cdn.pandora.xiaomi.com/thumbnail/webp/w1350/MiTv/004d03647d229481f9a0f235985f0d9e772fc53e1,CC01000012,插画,不管我本人多么平庸，我总觉得对你的爱很美。——王小波《爱你就像爱生命》@圈子,['温暖', '优美', '气球', '治愈']
I01053247,向往的生活,http://wallpaper.cdn.pandora.xiaomi.com/thumbnail/webp/w1080/MiTv/01e13f47caa914430307208775d64fc5a1d48a89c,CC01000012,插画,秋雨渲染了一幅静秋雨韵图，经过它洗礼后，一切回归宁静，坐在庭院中，听着雨滴呢喃，闻着淡淡花香，甚是惬意。@有料,['优美', '清新自然']
I01254788,少女心满满的大耳狗,http://wallpaper.cdn.pandora.xiaomi.com/thumbnail/webp/w1350/MiTv/02e6b27b1c6b446be87048b9ca2cd8ee0f734824e,CC01000012,插画,大耳狗有着像肉桂卷的卷卷尾巴，拿手绝活是用大大的耳朵吧嗒吧嗒在天空飞。@麦拉风/三丽鸥,['绘画', '小米精选', 'IP内容']
I01266550,从童话中看孩子的思维世界,http://wallpaper.cdn.pandora.xiaomi.com/thumbnail/webp/w1350/MiTv/0109702cd302c4822a606c5e3052ad738054cc677,CC01000012,插画,孩子们从来就热爱童话，辛德瑞拉落在宫殿台阶上的水晶鞋，披荆斩棘闯入幽寂古堡中的王子，童话里有白天鹅，魔法，城堡，爱和勇气，童话创造了一个恶与美并存的梦幻世界，孩子们到底从童话中得到了什么样的快乐？童话的什么逻辑暗合了孩子们独特的思维世界呢？@麦拉风,['童话', '儿童', '孩子', '绘画', '小米精选']
I01214548,窗内的世界,http://wallpaper.cdn.pandora.xiaomi.com/thumbnail/webp/w1080/MiTv/0a94d58835f74e2a001e1c4fe4884eeeaf041a12f,CC01000012,插画,白羊座开朗热情，充满了阳光气息，即使眼前满目阴霾，TA也会满怀温暖，勇敢以对。@同道大叔,['星座', '白羊座', '同道大叔']
I01251436,收好这份露营攻略,http://wallpaper.cdn.pandora.xiaomi.com/thumbnail/webp/w1350/MiTv/07e610b5ea4e04138a3560c9da16f1e99fee56d5d,CC01000012,插画,从阳光暖暖到星光熠熠，晚上守着营地安静和清幽，等待月亮升上来、星光漫天。在惬意度假的时候也不要忘了自身安全，在架设帐篷的时候要选择地势平坦地带，用准备好的杀虫剂在露营地四周进行喷洒，防止有害虫类进入露营地。@锐景/长草颜团子,['星星', '小米精选']
I01247920,于闲暇中找寻自我,http://wallpaper.cdn.pandora.xiaomi.com/thumbnail/webp/w1350/MiTv/041e25fc05aa08a1b33c1839da3759041d842f57b,CC01000012,插画,梁实秋说过：“人在有闲的时候才最像是一个人。手脚相当闲，头脑才能相当地忙起来。”忙碌的工作之余，把握难得的闲暇时光，和自己独处，问问内心真实的需求，找寻自我。@麦拉风/野火,['绘画', '小米精选']
I01221517,追忆我的童年时光,http://wallpaper.cdn.pandora.xiaomi.com/thumbnail/webp/w1080/MiTv/0b09fb52e0d83460735493c9cc0c09c1c7629b692,CC01000012,插画,时光流逝，纯真美好的童年时光，已经一去不复返了。但那些温暖纯真的记忆，将会永远刻在我的脑海中。当我老的时候，我便拿出来回忆。@锐景/王点点,['童年', '纯真']
I01223525,十二星座的本色,http://wallpaper.cdn.pandora.xiaomi.com/thumbnail/webp/w1080/MiTv/0ca6050d421785ccdaafa312b106e7920a1413dc9,CC01000012,插画,射手座直率、果敢、酷爱自由，在社交场合总能用TA那热情似火的乐观情绪带动周围的人，振奋人们的精神。@同道大叔,['星座', '同道大叔', '射手座']
I01254611,猫咪也思考“猫生”？,http://wallpaper.cdn.pandora.xiaomi.com/thumbnail/webp/w1350/MiTv/0d06a3675adbb4ba9b160fb43ecc2a4480d1f807c,CC01000012,插画,猫咪喜欢观察窗外的世界，蓝天白云、花草树木、行人车辆……窗外的世界给猫咪提供了多样的视觉元素，当它开始集中精力观察某种让它感兴趣的物体时，给铲屎官们一种在发呆的感觉。@麦拉风,['绘画', '宇宙', '流星', '星球', '小米精选']
I01219665,洗衣区放这里，确实很方便！,http://wallpaper.cdn.pandora.xiaomi.com/thumbnail/webp/w1080/MiTv/0209f572e7d63b602c549bc9c9bc0ec6c20439c9b,CC01000012,插画,阳台由于日照充足，强烈的紫外线会使洗衣机加速老化，使洗衣机使用寿命减短可以把洗衣机安放到阳台上而减少风吹日晒的损伤，保护机身外壳。@视觉中国,['衣服', '洗衣机']
I01207368,夏日畅饮,http://wallpaper.cdn.pandora.xiaomi.com/thumbnail/webp/w1080/MiTv/0ad3154ea95385ce23aa4c82000e8051dc9420dc8,CC01000012,插画,金牛座悠闲的躺下：“我还能继续喝~”。@同道大叔,['星座', '同道大叔', '金牛座']
I01254221,每一束花的浪漫含义,http://wallpaper.cdn.pandora.xiaomi.com/thumbnail/webp/w1350/MiTv/09b3eab74487e47e7999e83af83d6065829e3505a,CC01000012,插画,如果把不胜凉风的水莲花比作一位娇羞的小家碧玉，那么舒展大方的玉兰，就像是温婉高洁的大家闺秀，同样诠释着令人陶醉的温柔。玉兰花开绚烂，质地洁白且冰清玉洁，就像它的花语一样，真挚、高洁、芬芳、纯洁。@锐景/一颗沙子,['纯洁', '玉兰花', '古风']
I01231742,十二星座之水逆消消乐,http://wallpaper.cdn.pandora.xiaomi.com/thumbnail/webp/w1080/MiTv/087eae5e160b446331b32f6ce75ed5985bc1b39bf,CC01000012,插画,啊哈！摇到你们这些坏果啦！机智如水瓶！wink~@同道大叔,['星座', '同道大叔', '水瓶座']
I01250288,少女的祝愿,http://wallpaper.cdn.pandora.xiaomi.com/thumbnail/webp/w1350/MiTv/0f28e3209ef944ef091be093dceaedd4a8f9d6889,CC01000012,插画,少女踏着彩虹而来，手中捧着一个奇异的小物件，点点的星光从中散发出来。少女口中唱着歌谣，仔细听，是对于幸福的祝愿。@麦拉风,['色彩', '绘画']
I01387927,收集温柔去爱这个世界,http://wallpaper.cdn.pandora.xiaomi.com/thumbnail/webp/w1350/MiTv/08d1ccce09bd84955ab7efcbe921d701877b53a4f,CC01000012,插画,温柔的爱是有力量的，它能化解我们内心的不安和困惑；它能给我们力量和动力，让我们去面对这个复杂的世界。温柔的爱是和平的、智慧的，让我们的人性中浮现出最美好、最渴求和最神速的潜力，以及前进的力量和动态。@锐景/微微的微微,['熊猫', '惬意']
I01166096,黄昏时分,http://wallpaper.cdn.pandora.xiaomi.com/thumbnail/webp/w1080/MiTv/0cefe47db609384de6027adc5a219f88e78433f98,CC01000012,插画,黄昏时透过云层倾泻下来的光芒，使海面看上去波光粼粼。宁静的海水浸过少年的双脚，远处在缓慢浮动的白云，就好像一幅刚刚好的油画一样。@锐景创意/卓文强,['黄昏', '少年', '傍晚', '光芒']
I01048279,猫趣,http://wallpaper.cdn.pandora.xiaomi.com/thumbnail/webp/w1080/MiTv/0115495a7fa164ba105b901de40d2d3bd630094d8,CC01000012,插画,猫眯着眼，任秋风翻阅每根毛发，然后带走一团团毛茸茸的飞絮，邀约飘落的红叶，去一趟未知的旅行。——猫小姐《生而为猫挺好的》@视觉中国
,['桌布']
I01215952,那些藏在夏天里的小确幸,http://wallpaper.cdn.pandora.xiaomi.com/thumbnail/webp/w1080/MiTv/0cb2d9502fa8e402f01d569315a86c84a4b6d1c89,CC01000012,插画,越来越喜欢夏天的到来，弥漫着花香的小巷，树荫下的风，还有女孩子飞扬的裙角和满眼的绿。你笑着向我跑来，带着阳光和果香。@视觉中国,['清新自然', '夏天']
I01261199,为什么中学时代最令人怀念,http://wallpaper.cdn.pandora.xiaomi.com/thumbnail/webp/w1350/MiTv/0ff080882138d4b54a4fa1da26ceb733acd381e69,CC01000012,插画,很多人的初恋或者暗恋基本都是在中学时代。那个时候的情窦初开和大学谈恋爱是完全不同的，有些在中学时代的初恋，一记就是一辈子，无法忘却。而且那种全班一起拼命努力学习的氛围和感觉，以前不会有，以后就更不会再有了。@麦拉风/野火,['绘画', '学生']
I01173030,我的朋友是只猫,http://wallpaper.cdn.pandora.xiaomi.com/thumbnail/webp/w1080/MiTv/0d43ab56f08334d022f3b72bbffc5e1c0f8ab2292,CC01000012,插画,我有一个最好的朋友喵小萌，在平凡的日子里，我们经常扮演着吃瓜群众的角色，却学会了要如何对待生活中的挫折与磨难。@锐景/Tea茶酒伴,['乐观', '活泼']
I01174125,请不要“以毛取猫”！,http://wallpaper.cdn.pandora.xiaomi.com/thumbnail/webp/w1080/MiTv/044064dfc629212cd599adc81b3b4a1a0b140ec08,CC01000012,插画,拥有橘色毛色的猫咪个性较为友善，而且特别粘人，同时比较抵触与陌生人接触。@视觉中国
,['领结', '小米精选']
I01245636,“甜到掉牙”的穿搭,http://wallpaper.cdn.pandora.xiaomi.com/thumbnail/webp/w1350/MiTv/003a05538b3364ad9125b8d4e3e97b83b8da5e06c,CC01000012,插画,素有素的雅致，艳有艳的情绪。“甜到掉牙”的穿搭，始终离不开连衣裙和那朦胧奶白色的上衣。娃娃领的衬衫，看似冷酷，实则少女心满满。粉色的背带百褶裙都像是被轻风拂过的湖面，细细的波纹荡漾在水面，给人波澜不惊的温柔。@锐景/王点点,['穿搭']
I01268739,醒来觉得甚是爱你,http://wallpaper.cdn.pandora.xiaomi.com/thumbnail/webp/w1350/MiTv/007b976d119774d3eb4790c57c1efa97bfd957c30,CC01000012,插画,时间似乎走了一圈一圈以后在这样一个夏天的下午终于找到了出口，归位重合，我握住你的手，一切都像第一次见面时候的样子，似乎连秒针都一下子也没走。——安东尼《陪安东尼度过漫长岁月Ⅲ》@圈子,['温暖', '优美', '回忆', '感动', '陪伴']
I01207369,夏日畅饮,http://wallpaper.cdn.pandora.xiaomi.com/thumbnail/webp/w1080/MiTv/0cd3185ea95984ce62aa4d820d3e8c52d432d010a,CC01000012,插画,摩羯在薄荷的海洋里畅快遨游：“爽！”。@同道大叔,['星座', '同道大叔', '摩羯座']
I01184078,奋斗永远在路上,http://wallpaper.cdn.pandora.xiaomi.com/thumbnail/webp/w1080/MiTv/049a9d55bb5404b96370364318e236327a94948e5,CC01000012,插画,一生或许只是几页，不断在修改和誊抄着的诗稿，从青丝到白发，有人还在灯下。——席慕蓉《以诗之名》@视觉中国,['少年', '海底', '小米精选']
I01284314,春日好运正在派送,http://wallpaper.cdn.pandora.xiaomi.com/thumbnail/webp/w1350/MiTv/0bea86d4baca84a06ba7583a839c8bf9b960ac1b3,CC01000012,插画,找一个好朋友，找一个好天气，找一棵结满果子的树，摇下几颗甜美的果子。找一个安安静静的角落，分享彼此无聊的生活点滴。等待微风轻轻吹拂，观看白云静静流散。@锐景/王点点,['清新自然', '紫色调', '惬意']
I01261759,发现夏日里的美好日常,http://wallpaper.cdn.pandora.xiaomi.com/thumbnail/webp/w1350/MiTv/0689a7d30444241d4a11a0e84c5af04aedbffde7e,CC01000012,插画,微风、鸟叫、虫鸣，是夏天最舒服的组合了。在郊外寻一个僻静之处，约个三五好友，躲进树林里，群花之间，享受着夏日最宁静的日常。仲夏的凉风吹走炙热的焦虑，没有城市的喧嚣，可以静下心来感受大自然的美妙。@锐景,['清新自然', '惬意', '野餐', '小米精选']
I01167314,美丽的你,http://wallpaper.cdn.pandora.xiaomi.com/thumbnail/webp/w1080/MiTv/003e2b45de1034d3916563d1725e76fb05d11192a,CC01000012,插画,学生时代的你，已亭亭玉立、一笑倾城。路边的鲜花已绽放，十分美丽。而你竟比花娇、比花美。愿你可以留住青春，留住学生时代最美的你。@锐景创意/叶紫筠,['白鸽', '惬意', '蔷薇']
I01253131,异世奇旅,http://wallpaper.cdn.pandora.xiaomi.com/thumbnail/webp/w1350/MiTv/0f66f4d3171cd4d918c5437d43e3788da7144ba22,CC01000012,插画,机敏灵活的双子座，面对外界的艰难险阻始终能了如指掌，并轻松应对。@同道大叔,['双子座', '星座', '同道大叔']
I01188837,姗姗来迟的爱情,http://wallpaper.cdn.pandora.xiaomi.com/thumbnail/webp/w1080/MiTv/099f753b614fd16860f2286d0db82973d8f41c4f2,CC01000012,插画,我们穿着盔甲行走在人世间，总能感到我们所爱的人，近在咫尺却又无法触及。——珍妮特·温特森@视觉中国,['男孩']
I01253130,异世奇旅,http://wallpaper.cdn.pandora.xiaomi.com/thumbnail/webp/w1350/MiTv/01458cce358884a1d9036ebb71f06d42bca2e2e29,CC01000012,插画,金牛座始终能保持佛系的心态对待得与失，朝着前进的目标有时累了偶尔会停下脚步看沿途的风景。@同道大叔,['星座', '同道大叔', '金牛座']
I01367464,热爱生活也会被生活治愈,http://wallpaper.cdn.pandora.xiaomi.com/thumbnail/webp/w1350/MiTv/0bc5f68d0dc0542ad8a9f382b11c8570a3eef5b63,CC01000012,插画,成长的道路上总有更新奇的事情，更有趣的新朋友，人的心灵却很小，根本装不下那么多，所以一路前行，一路抛弃。我们终其一生，就是要摆脱他人的期待，找到真正的自己，希望我们每个人都能够，活出自己想要的样子。@锐景/王蹬蹬和班步步,['清新自然', '大熊猫', '惬意']
I01369389,给疲惫的心灵放个假,http://wallpaper.cdn.pandora.xiaomi.com/thumbnail/webp/w1350/MiTv/0e66720e70de149549a1ce7014df74195293256ce,CC01000012,插画,太累了，就给自己放个假，什么都不要管，也不要想太多，做一回真实的自己，约几个朋友，去喝喝茶，打打球或去做一些户外活动。人生苦短，只有学会善待自己，才会拥有更强大的能量继续走下去！@站酷海洛,['儿童', '孩子', '小熊']
I01261781,最温柔的星座女生,http://wallpaper.cdn.pandora.xiaomi.com/thumbnail/webp/w1350/MiTv/09870e1333fb94447a888fbea22f917ff5c444a5b,CC01000012,插画,温柔的人相处起来总是会让人觉得温暖，而平时看起来高傲的狮子座，在遇到自己爱的人之后会变得像一只温柔的小绵羊。不轻易低头的他们，会把喜欢的人捧在手心，小心翼翼地呵护对方。@锐景/王点点,['清新自然', '星星', '惬意']
I01261198,为什么中学时代最令人怀念,http://wallpaper.cdn.pandora.xiaomi.com/thumbnail/webp/w1350/MiTv/0980e36942a724f9e98cb959b53d2b03ea485d210,CC01000012,插画,中学时代是介于青涩和成熟之间的美好年纪，也是人生中最宝贵的时代。同学关系，是非常重要的人际关系，在平等和非功利这一基础上建立起来的同学间的友谊，最纯洁、稳定和长久。哪怕是日后很少联系，那一张张熟悉的脸庞和记忆也都深深的刻在脑海中无法抹去。@麦拉风/野火,['绘画', '学生']
I01041139,和十二星座一起出游！,http://wallpaper.cdn.pandora.xiaomi.com/thumbnail/webp/w1080/MiTv/027b86501b2e14a9023cdf507b856e75161160c60,CC01000012,插画,假期里最开心的事可能就是跟朋友一起出去玩。工作的烦恼、学习的苦闷，这个时候都可以统统抛在脑后。享受当下就是呼吸着新鲜的空气，和好朋友们一起开开心心地玩乐。无论多大的烦恼，给自己缓冲的时间，都可以KO掉！@同道大叔,['火车', '处女座', '星座', '狮子座', '水瓶座', '摩羯座']
I01376771,万物可爱人间值得,http://wallpaper.cdn.pandora.xiaomi.com/thumbnail/webp/w1350/MiTv/0bab8356eb9154eb78cd566c762277b48db6c122d,CC01000012,插画,心情不好时，轻轻对自己说，生活，就是这样，休息一下，别忘了明天会有阳光。心情愉悦时，偷偷告诉自己，人生，不能总是得意，生命中，有风有雨；人生就是在曲曲折折的过程中，学会振作起来。@图虫创意,['有趣', '卡通']
I01223524,十二星座的本色,http://wallpaper.cdn.pandora.xiaomi.com/thumbnail/webp/w1080/MiTv/0a5b8a57f484b404706b3842c3d8d8a0b21d75f7c,CC01000012,插画,天蝎座爱恨分明，有着极强的占有欲，别看TA平时沉默冷淡，背地里可能拿着死亡笔记记仇呢！@同道大叔,['星座', '同道大叔', '天蝎座']
I01171563,秋天的童话,http://wallpaper.cdn.pandora.xiaomi.com/thumbnail/webp/w1080/MiTv/0c960c593d2cf4e5312c9854810a8881579e7e299,CC01000012,插画,喜欢在秋日的清晨早早起床，穿着规整却不厚重的衣服，在庭院中摆上一副桌椅。泡上一杯温热的咖啡，与喵小姐静坐欣赏这镀了金的秋色。秋风微凉，树木洒下片片金黄，勾勒出属于秋天的童话。@锐景/黄晓琳,['金色调', '惬意']
I01385197,随身的行囊装些可爱包裹,http://wallpaper.cdn.pandora.xiaomi.com/thumbnail/webp/w1350/MiTv/073da49ef99924fe0ba84dc9e62b36fb3abb517a5,CC01000012,插画,可爱并不仅仅是指外貌上的俏皮和童真，更是一种内在的气质和心态。拥有可爱的生活态度意味着我们对待生活的方式充满热情、乐观和包容。无论遇到什么困境，都能够以积极的心态去面对，寻找解决问题的方法，从而让自己变得更加坚强和成熟。@锐景/少爷,['魅力', '活泼', '兔子', '糖果']
I01369040,6月风象星座好运连连,http://wallpaper.cdn.pandora.xiaomi.com/thumbnail/webp/w1350/MiTv/0d959f7884f0d4a12a3f5cb2dca7da586df2783de,CC01000012,插画,天秤座在6月份情感会有一个落脚点，但注意快速到来的情感或者快速到来的合约都要谨慎。在事业方面，切不可操之过急，厚积薄发是天秤座6月的核心生活方式。@锐景/幸粟一,['惬意']
I01266245,这才是理想的单身旅行,http://wallpaper.cdn.pandora.xiaomi.com/thumbnail/webp/w1350/MiTv/044bd27ef24a5485f9e86e8ea1ff8bafb78baaa24,CC01000012,插画,单身并不意味着孤独，不如背上行囊来一场说走就走的旅行，也许在旅途中你会遇到志同道合的小伙伴，也许在路上仍是孤身一人，但那又怎么样呢，因为美好的旅程可以充实你的生活，让你更加热爱世界。@锐景/小羊驼三三,['清新自然', '惬意', '荷叶', '荷花', '小米精选']
I01326200,冬天的治愈系温暖,http://wallpaper.cdn.pandora.xiaomi.com/thumbnail/webp/w1350/MiTv/0cc06e19b025b47419719064adee271732248b7fe,CC01000012,插画,如果你够及时，能赶上这个冬天，与我一起吃火锅、喝奶茶，看电影，那么这个冬天一定很美好，如果你这个冬天不来，那我就买长一点的衣服，把手塞到袖子里 ，等到来年你一定要牵起我冷了一个冬天的手。@锐景/奶油兔,['清新自然', '兔子', '云层']
I01386547,让生活变充实的几种方式,http://wallpaper.cdn.pandora.xiaomi.com/thumbnail/webp/w1350/MiTv/0b0b78abe04a44fe8b8d21236902e6a28b77b13a6,CC01000012,插画,寻找并追求自己的激情和兴趣。找到你热爱的事物，无论是绘画、音乐、运动或写作，花时间投入其中。这将带来满足感和成就感，使你的生活更加充实。@站酷海洛,['田野', '草丛', '兔子']
I01384577,大熊猫冷知识,http://wallpaper.cdn.pandora.xiaomi.com/thumbnail/webp/w1350/MiTv/00b7f66c776374d228419a9075efcfd1f86c2f67f,CC01000012,插画,大熊猫一天有一半左右的时间要用来睡觉，另外一半就基本都在吃，一只成年大熊猫一天大概可以吃掉30公斤左右的竹子。但是它们并不是白天吃，晚上睡觉，而是吃两个小时，就休息两个小时。@图虫创意,['大熊猫', '有趣']
I01180108,梦想中的夜晚,http://wallpaper.cdn.pandora.xiaomi.com/thumbnail/webp/w1080/MiTv/05d1fe45b1e4f4d332fd4ce4995e43e8864f73645,CC01000012,插画,我也不是一次的梦见过，在白雪覆盖的树林中，藏着一颗一颗的小星星，白天他们安静的躺在雪地里，到了晚上就闪着耀眼的光芒，温暖了周围。@锐景/王珺,['温暖', '星星', '白雪', '光芒']
I01295859,撩人的暖心告白情话,http://wallpaper.cdn.pandora.xiaomi.com/thumbnail/webp/w1350/MiTv/04cee89bc59384190af1e64cf9a97f58521488d0d,CC01000012,插画,情话是看来的，情书是抄来的，套路是学来的，玫瑰是偷来的，勇气是借来的，爱你是天生的。@锐景/早文吕,['情侣', '清新自然', '夏天']
I01289636,受00后欢迎的职业,http://wallpaper.cdn.pandora.xiaomi.com/thumbnail/webp/w1350/MiTv/0c49c7dec69b3430d9c6fbbe18645990bb633b900,CC01000012,插画,伴随着产业的飞速迭代，人才的更替速度不断加快，迷茫和焦虑充斥着整个时代。如今的就业形势越来越严峻，政府和各高校对职业规划的重视程度也越来越高，社会对职业规划的需求越来越大。因此职业规划师在00后们看来是一个非常吃香的朝阳职业。@站酷海洛,['优美', '清纯', '小米精选']
I01386538,贩卖星星的月亮,http://wallpaper.cdn.pandora.xiaomi.com/thumbnail/webp/w1350/MiTv/000459e63b0f7438ca4c0d6217bd444c72d581329,CC01000012,插画,星星发亮是为了让每一个人有一天都能找到属于自己的星星。@有料/珍妮吴JW,['深色背景', '治愈', '绘画', '冰糖葫芦']
I01291194,学会管理自己的情绪,http://wallpaper.cdn.pandora.xiaomi.com/thumbnail/webp/w1350/MiTv/0912e67f206ba4e0d9b584a5014cba80797e11579,CC01000012,插画,网上有个提问：“一个人走向成熟的标志是什么？”有个回答获赞上万：“学会驾驭自己的情绪，而不是一味受它驱使。”@视觉中国,['优美', '清新自然', '绘画']
I01384986,夏天的晚霞才是浪漫第一名,http://wallpaper.cdn.pandora.xiaomi.com/thumbnail/webp/w1350/MiTv/0b486d89cc90a40c08df2ebea56ce6121403cbd9e,CC01000012,插画,昨日的天空就像是谁不小心打翻了调色盘，云不远万里来到身旁，变成灿烂的晚霞。看不尽的烟火和万里山河，川江湖泊都映着你的轮廓。吹不散的云朵落满山坡，残缺不全的旧梦也不再提醒我，这条路曾共你走过。@锐景/裴杰,['紫色调', '夏天', '惬意', '小米精选']
I01249380,梦幻之境,http://wallpaper.cdn.pandora.xiaomi.com/thumbnail/webp/w1350/MiTv/0cbc72ffb283d4613a2ceb6bf785090b7e6281bee,CC01000012,插画,当少女触碰到那星河之时，无数海豚涌现出来，伴随着似曾相识的歌声，少女情不自禁地跟上海豚。@麦拉风,['色彩', '绘画']
I01173551,阳光正好,http://wallpaper.cdn.pandora.xiaomi.com/thumbnail/webp/w1080/MiTv/09fba4b645f8f8748e72048f7a97f66420143f351,CC01000012,插画,微风徐徐，阳光正好。带着眼镜的少女站在操场的栅栏旁，她闭上眼镜，细细的感受着微风，感受着阳光。一阵微风吹来，少女的秀发也随风飘飘。@锐景/宛絮和年,['清新自然', '微风']
I01247962,这是你的周末日常吗?,http://wallpaper.cdn.pandora.xiaomi.com/thumbnail/webp/w1350/MiTv/041e25fc08aa01a1b93c1f39d0375f0418842f57b,CC01000012,插画,午后的阳光从窗外懒洋洋的洒落进来，青年坐在沙发上，手里是以前自己写的笔记，可爱花斑猫在一旁午睡，一切静谧又美好。@麦拉风/野火,['绘画', '青年']
I01249379,梦幻之境,http://wallpaper.cdn.pandora.xiaomi.com/thumbnail/webp/w1350/MiTv/028b40e80b143475ca1a0ddc177bd5e785d8e8af4,CC01000012,插画,少女沉沉的睡去，再醒来时，发现自己已然身处旷野之中，天上的星河逐渐落下将她环绕，她小心翼翼地伸手去触摸。@麦拉风,['色彩', '绘画']
I01378570,夏天是数不清的气泡水,http://wallpaper.cdn.pandora.xiaomi.com/thumbnail/webp/w1350/MiTv/0d26f814e6c1042d7b1016472b91148205b868175,CC01000012,插画,在悠闲自在的夏日午后，打开一瓶冰镇气泡水，咕嘟咕嘟地喝下，让清凉的感觉沁满心脾。在漫长的夏日，都能让我慢慢地静下来，心境简单了，就有心思经营生活；生活简单了，就有时间享受人生。@锐景/酒窝深深,['紫色调', '夏天', '月亮', '惬意', '气泡水']
I01249381,梦幻之境,http://wallpaper.cdn.pandora.xiaomi.com/thumbnail/webp/w1350/MiTv/0b19acb469deb491999b02e52be6d6e2623f33dd7,CC01000012,插画,海豚将少女带入了一片梦幻之境，这里的鲸鱼在云中自由地穿梭遨游，水母在空中惬意地舞动着轻柔的身姿，若有若无的花香在少女的周身弥漫，少女沉醉在这梦幻之境。@麦拉风,['色彩', '绘画']
I01263584,心似猛虎嗅蔷薇,http://wallpaper.cdn.pandora.xiaomi.com/thumbnail/webp/w1350/MiTv/05e6bc5d4d85642d6b595f89d8d2da03e90a259af,CC01000012,插画,成人之间不屑也不敢的幼稚口吻、离奇动作，我们在孩子面前，特权似地，却可以完全解放，尽情表演。——余光中《心有猛虎 细嗅蔷薇》@圈子,['短发', '优美', '治愈', '明亮', '窗边', 'JK制服']
I01261144,生活就是最好的修行,http://wallpaper.cdn.pandora.xiaomi.com/thumbnail/webp/w1350/MiTv/0f5e66d63f2ee45bf808eee5eb16ee503bb3fa27a,CC01000012,插画,生活是一场像是时而很深，时而很随意，时而很温暖，时而搞笑的话剧，有人一路繁花似锦，有人一生坎坎坷坷。@视觉中国,['优美', '清新自然', '绘画']
I01215473,原来这就是爱情啊,http://wallpaper.cdn.pandora.xiaomi.com/thumbnail/webp/w1080/MiTv/0594df5830f6442a011e144fe10842eba87038eaa,CC01000012,插画,在青春懵懂的年纪里，空气中弥漫着似有似无的暧昧气息，那一束阳光正好落在你身上，你的眼睛中闪着光芒，是我不曾见过的风景，原来这就是爱情啊。@锐景/棱-Edge,['温暖', '清新自然', '校园']
I01214744,汉韵华服,http://wallpaper.cdn.pandora.xiaomi.com/thumbnail/webp/w1080/MiTv/0a94d58831f7432a071e144fe08846eea7041a12f,CC01000012,插画,又是花开之季，快乐的金牛怀抱着花束，从容起舞。@同道大叔,['星座', '同道大叔', '金牛座']
I01262857,人心温暖,http://wallpaper.cdn.pandora.xiaomi.com/thumbnail/webp/w1350/MiTv/07bab538acff645d280a564a120fd9862f7ca743b,CC01000012,插画,别人是别人，自己是自己，我想永远按照自己内心所决定的生活方式生活。——渡边和子《心是一切温柔的起点》@圈子,['温暖', '优美', '男孩', '陪伴', '环境']
I01250287,少女的祝愿,http://wallpaper.cdn.pandora.xiaomi.com/thumbnail/webp/w1350/MiTv/01ef874600b6c4912a828eb88c4964def17e2629c,CC01000012,插画,少女穿着洁白华丽的婚纱，一头栗色的长发散落到腰，手中满天星的花束象征着美好，少女低头诉说着什么，是对于未来的美好祝愿。@麦拉风,['色彩', '绘画']
I01380872,夏日会在汽水碰杯中开始,http://wallpaper.cdn.pandora.xiaomi.com/thumbnail/webp/w1350/MiTv/0433e7f9a22634665b760d0cb550483f1360c6cc4,CC01000012,插画,春风走了十万八千里，往南一步，便是初夏，夏天是绿色的存在，少年人的心绪和汽水一样躁动，迎着天空看附在杯壁的气泡小声破裂，崩开青柠的气味。@锐景/酒窝深深,['惬意', '杨梅', '气泡水']
I01247596,这是你记忆中的青春吗,http://wallpaper.cdn.pandora.xiaomi.com/thumbnail/webp/w1350/MiTv/0e1e2b4c08ae04a1723c1039d58757091fab234f4,CC01000012,插画,樱花瓣与夏日的柔风共舞，少年看着对面走过来的女孩。只见女孩微红着脸颊，低着头不敢看他，仿佛说了些什么。少年戴着耳机，只能隐约听到风中的话语，于是摘下耳机侧耳倾听。@麦拉风,['清新自然', '色彩', '樱花', '颜色', '小米精选']
I01284313,春日好运正在派送,http://wallpaper.cdn.pandora.xiaomi.com/thumbnail/webp/w1350/MiTv/0235900f3f53a4c35b5425dd1839ba62b280ed178,CC01000012,插画,没有任何一个季节的风，比春天更让人觉得人间温柔且值得。世间真正温煦的春色，都熨帖着大地，潜伏在深谷，春天的温柔都藏在我们平淡的日常里。@锐景/王点点,['清新自然', '郁金香', '春天', '云层']
I01181965,十二星座的闲暇时光,http://wallpaper.cdn.pandora.xiaomi.com/thumbnail/webp/w1080/MiTv/030006508de0545f4046b7851bed41445e6095c96,CC01000012,插画,冷酷只是表象，天蝎座下厨做的美味食物，只会给最爱的人哦！@同道大叔,['厨房', '星座', '烹饪', '天蝎座']
I01263591,这些道理 早知早受益,http://wallpaper.cdn.pandora.xiaomi.com/thumbnail/webp/w1350/MiTv/05f6cf6d6ac0f4909be902e782789651210e16a8b,CC01000012,插画,玩耍要趁夜，对面不相识的时候。——清少纳言《枕草子》@圈子,['优美', '温柔', '侧颜', '时光', '小米精选']
I01385444,人生幸事 八九不离食,http://wallpaper.cdn.pandora.xiaomi.com/thumbnail/webp/w1350/MiTv/0eee3dc7908b44201856bab14122729cf468012e4,CC01000012,插画,别让生活耗尽了你的耐心和向往，你还有美食要品尝，比如果肉晶莹剔透、鲜甜多汁的荔枝，咬下去清甜的汁水在空中迸发，想想就很幸福。而食物中存留的烟火气，也构成了我们努力生活的最大底气。@锐景/桃喜芒芒,['夏天', '惬意', '荔枝']
I01174124,请不要“以毛取猫”！,http://wallpaper.cdn.pandora.xiaomi.com/thumbnail/webp/w1080/MiTv/02492461f4135f429a855d4d40d78d36f11437ced,CC01000012,插画,奶牛猫的性格关键词是捕鼠能手、猫老大、神气，它们喜欢自由，性格有点高傲但又十分聪明。@视觉中国
,['领结', '小米精选']
I01292863,关于盛夏的记忆,http://wallpaper.cdn.pandora.xiaomi.com/thumbnail/webp/w1350/MiTv/0e7c317ae7ffd4ce083f3cb16de723f18efb470c9,CC01000012,插画,在记忆里的盛夏，有过许多难忘的回忆，那是青春里的美好，也是青春里的遗憾。——慢明野@圈子,['夏天', '旧时光']
I01378574,理想生活需要热爱和心动,http://wallpaper.cdn.pandora.xiaomi.com/thumbnail/webp/w1350/MiTv/077c67dfe430f4f93bc96bea4f8ed3bf3998e18be,CC01000012,插画,比起来日可期，我更喜欢如约而至。该来的自然来，会走的留不住。不违心，不刻意，不必太在乎，放开执念，随缘是最好的生活。@锐景/西咔Shika,['惬意']
I01217498,盘点电影中的经典配乐,http://wallpaper.cdn.pandora.xiaomi.com/thumbnail/webp/w1080/MiTv/0534f258c451c40003534259717f5cfe17c46bee5,CC01000012,插画,北野武的代表作《菊次郎的夏天》确认引入内地，比原片更火的是原声碟中由久石让作曲的配乐“Summer”，这首耳熟能详的配乐承载了一代人关于盛夏、关于情感的记忆。除了这首曲子，还有不少电影的配乐成为了经典之作。@视觉中国,['奇幻', '钢琴', '音乐', '小米精选']
I01174835,十二星座的花语,http://wallpaper.cdn.pandora.xiaomi.com/thumbnail/webp/w1080/MiTv/0472f54b2269bac001a07d87ecbc1a84588402bfd,CC01000012,插画,守护巨蟹座的花朵是洋桔梗，巨蟹座喜欢人和人之间亲密的融和感，心思细密，但却无法忍受勾心斗角的生活环境，所以要用纯洁浪漫的洋桔梗来守护巨蟹座。@同道大叔,['优美', '星座', '巨蟹座']
I01140012,十二星座恋爱中的表现,http://wallpaper.cdn.pandora.xiaomi.com/thumbnail/webp/w1080/MiTv/0ccc2945eddf64ac50038434f6b77392bfe6b466e,CC01000012,插画,金牛座的人都呆头呆脑的？那得看对方是谁，当面对另一半时，金牛可是头脑在线，不仅会毫不吝啬去付出，还会时不时来个小惊喜。@同道大叔,['星座', '金牛座']
I01386535,愿美好与你相遇,http://wallpaper.cdn.pandora.xiaomi.com/thumbnail/webp/w1350/MiTv/07ac41e144ab94e68b5f3d2d171f1b014859627f6,CC01000012,插画,当努力到一定程度，幸运自会与你不期而遇。愿你依旧生如夏初活如夏花，望你依然喧闹如初笑如温阳。风很温柔，愿所有美好与温暖都能与你相遇。@锐景/飞想飞,['草坪', '惬意', '小米精选']
I01378564,朋友的意义,http://wallpaper.cdn.pandora.xiaomi.com/thumbnail/webp/w1350/MiTv/0de639f93e4af4e2cb1e58b481c976e7802446992,CC01000012,插画,人为什么需要朋友？人与人之间的互动和关系可以让我们感到温暖、爱、支持和关怀，满足我们的情感需求，并能陪伴我们度过生活中的高峰低谷。@站酷海洛,['草坪', '花园', '兔子', '朋友', '友情']
I01387931,软萌的小白兔,http://wallpaper.cdn.pandora.xiaomi.com/thumbnail/webp/w1350/MiTv/0b8e459787715497d99b329d05a0d40da84d9776e,CC01000012,插画,在纷繁复杂的现代社会中，治愈系的事物往往能为人们带来一缕温暖和安慰。而软萌小白兔，作为其中一种，以其天真可爱的形象，成为了很多人心中的治愈代表。@圈子/polly,['樱花', '兔子', '白兔']
I01299606,你还记得童年时的梦想吗,http://wallpaper.cdn.pandora.xiaomi.com/thumbnail/webp/w1350/MiTv/002018b5835e645cf85572eb84101481e79b7e478,CC01000012,插画,梦想给我们建立了前进的目标，赋予了我们战胜困难的勇气，可是只有目标就能成功了吗？当然不是。目标如同沙漠中的绿洲，指引着你前进的方向。可是如果你始终不肯迈开双脚，那么梦想就永远只是一幅景象。@拍信创意,['优美', '童年', '孤独', '治愈', '秋千', '梦想']
I01164571,听海的声音,http://wallpaper.cdn.pandora.xiaomi.com/thumbnail/webp/w1080/MiTv/00b50d5e5f2394617217f1847fb8a0e18d1d43f15,CC01000012,插画,因为热爱画画所以享受宁静，每次没有灵感的时候就来这片海滩上，有时候能听到海豚的叫声，叫声中包含着对自由的喜爱，对大海的热爱正如我对这个世界的热爱。@锐景创意,['黄昏', '男孩', '傍晚', '鲸鱼']
I01271154,兴趣所在,http://wallpaper.cdn.pandora.xiaomi.com/thumbnail/webp/w1350/MiTv/0af5e702e4d7041dc9cc8413aaf4a43c8d2b3bd55,CC01000012,插画,她爱海只爱海的惊涛骇浪，爱青草仅爱青草遍生于废墟之间。她寻找的是情绪，并非风景。——福楼拜《包法利夫人》@圈子,['优美', '想象力', '艺术感']
I01262852,时光灿烂美好,http://wallpaper.cdn.pandora.xiaomi.com/thumbnail/webp/w1350/MiTv/0ab4d735dc8074d16b6dae9ac10429bce49bba5c3,CC01000012,插画,我知道，当你拭干面顿上的泪水，你会灿然笑，那时，我会轻轻对你说，走吧你看，槐花正香，月色正明。——汪国真@圈子,['优美', '海边', '温柔', '愉快', '玩耍', '时光']
I01178115,十二星座冬季食物语,http://wallpaper.cdn.pandora.xiaomi.com/thumbnail/webp/w1080/MiTv/0e6a159ade6c058160722017de36f33721f40454c,CC01000012,插画,性格直来直往的白羊座，不论什么时候都是那么地豪放率真，吃着红薯都会给人开心的感觉。@同道大叔,['欢乐', '食品', '星座', '白羊座']
I01299816,水墨中的秋意,http://wallpaper.cdn.pandora.xiaomi.com/thumbnail/webp/w1080/MiTv/0f5c30b6e8473497687a2a3612b69de290a52815d,CC01000012,插画,已识山中早晚凉，今朝况复立秋当。如何午热为孤注，疑是金官让末光。——乾隆《立秋日作》@视觉中国,['优美', '水墨画']
I01219861,西瓜味的夏天 ,http://wallpaper.cdn.pandora.xiaomi.com/thumbnail/webp/w1080/MiTv/01aa4a435c706405139762186aefc9425e0a25ef8,CC01000012,插画,现在大伙都不愿意出门，因为在家要远比逛街有意思。午后吹着电风扇，抱着个大西瓜挖来吃，一勺挖到了中间最甜的西瓜心，嘴巴特别满足。伴随一旁呼呼大睡的橘猫的呼噜声，没有比这更幸福的事情了。@锐景/线条不要刻,['享受生活', '慵懒', '夏天', '惬意']
I01271171,理想生活的模样,http://wallpaper.cdn.pandora.xiaomi.com/thumbnail/webp/w1350/MiTv/07693ec4161e541f8934bb71f0e48a92b4a718631,CC01000012,插画,越长大越能体会到被理解的同时也被接受的幸福感，我愿称之为理想生活的灵魂。@圈子,['艺术感', '想象', '理想', '生活方式', '小米精选']
I01035069,又得浮生一日凉,http://wallpaper.cdn.pandora.xiaomi.com/thumbnail/webp/w1080/MiTv/070bf58f420ad79ab228d0d38cc56b2fa2f429375,CC01000012,插画,香莲碧水动风凉，水动风凉夏日长。长日夏凉风动水，凉风动水碧莲香。@视觉中国
,['餐盘', '清新自然', '柠檬', '夏天', '冰棍']
I01382730,夏季时令水果图鉴,http://wallpaper.cdn.pandora.xiaomi.com/thumbnail/webp/w1350/MiTv/0ef9aa235d8924e7188e38545180942e317cc6d68,CC01000012,插画,西瓜，自古以来就是夏日里的消暑佳品。不仅口感清甜，还蕴含着丰富的营养。其形态各异，颜色艳丽，有的如翡翠般的翠绿，有的如夜空般的深邃。每一个西瓜，都仿佛是一个小小的宇宙，充满了无尽的可能和诱惑。@锐景/少爷,['享受生活', '夏天', '惬意', '兔子', '西瓜']
I01188904,平凡又快乐的一天,http://wallpaper.cdn.pandora.xiaomi.com/thumbnail/webp/w1080/MiTv/0b469c43ead92497a2068e389ad4d5b973337002e,CC01000012,插画,打开精心准备的便当盒，有我最爱吃的西兰花和鸡蛋，将工作中的繁忙一扫而空，心满意足的喝着味噌汤，这样日常又惬意的生活才是最美好的，不是吗？@锐景/Maru不是马鹿,['享受生活', '橙色调', '惬意', '午餐', '便当']
I01184260,有梦,http://wallpaper.cdn.pandora.xiaomi.com/thumbnail/webp/w1080/MiTv/0b275c486dded48640adaa8df2156560108042686,CC01000012,插画,我登上百米之外天梯，看梦幻的云海就在我脚下，偶尔有鲸鱼跃出云层，朝着更远的地方飞去，这里就是我的天堂。@锐景/王点点,['鲸鱼', '飞翔']
I01370200,小菜狗舒适的一天,http://wallpaper.cdn.pandora.xiaomi.com/thumbnail/webp/w1350/MiTv/0724c757d681d46b5a1f63c72792314e13d50b1e1,CC01000012,插画,小菜狗带上雨伞出门，碰到雨中的小蜗牛，于是蹲下身给小蜗牛打伞，希望给走在雨季中的伙伴们一份温暖与舒适。@圈子,['雨伞', '温柔', '下雨', '桃花', '善良']
I01258671,穿山甲松果喊你玩”立蛋”,http://wallpaper.cdn.pandora.xiaomi.com/thumbnail/webp/w1350/MiTv/0ae82538be11149e4b8dabff64c388b07ac49338a,CC01000012,插画, 国际爱护动物基金会（IFAW）于2021年夏至日，推出穿山甲形象“松果”。据说，人类在夏至这天有立蛋风俗。松果用TA的方式“立蛋”，同时，喊你一起来挑战。@IFAW,['绘画', '穿山甲']
I01041138,和十二星座一起出游！,http://wallpaper.cdn.pandora.xiaomi.com/thumbnail/webp/w1080/MiTv/00239488fdb3f3d453950819cf53926073b402c48,CC01000012,插画,旅行的时候你喜欢去户外亲近自然，还是在城市里懒洋洋地享受生活？户外可以爬山、徒步，呼吸一些新鲜空气，锻炼锻炼身体；找一个节奏慢的城市，可以坐在一个安静的小店里写写信看看书，慢下来感受惬意。双子宝宝说：不管哪一种，只要能把我从工位上移开就可以啦！@同道大叔,['双子座', '星座', '狮子座', '双鱼座']
I01270139,让自己慢下来,http://wallpaper.cdn.pandora.xiaomi.com/thumbnail/webp/w1350/MiTv/0fccbb50d7ad64841aac471a42e36bfccacf7a1dd,CC01000012,插画,不与世俗为伍。哪怕这是自己许给自己的诅咒。——宫崎骏《红猪》@圈子,['优美', '栏杆', '美景', '时光']
I01377739,行动起来 拒绝“空心症”,http://wallpaper.cdn.pandora.xiaomi.com/thumbnail/webp/w1350/MiTv/07f45ec17641e44a4a07b52415f3a9f88b5d528de,CC01000012,插画,“空心病”正在困扰当代青年人，不知为何奔波，不知为何忙碌，让他们深陷疲惫之中。如果你也处于这种状态，你可以试着给自己定一些想完成的事情，让自己获得方向感，在完成目标的过程中感受到生命的意义和价值。@锐景/七安菲,['月亮', '惬意']
I01308421,活成自己喜欢的样子,http://wallpaper.cdn.pandora.xiaomi.com/thumbnail/webp/w1350/MiTv/06d39726f611043aa98f0c93ac8bb9338dae867d1,CC01000012,插画,只有做自己，才能快乐生活。按照自己喜欢的方式生活，不讨好谁，不依赖谁，自己努力，自己体验人生的多姿多彩，生活才会更有意义，你才会每天过得更加快乐。@站酷海洛,['金鱼', '鱼缸']
I01184196,食之趣,http://wallpaper.cdn.pandora.xiaomi.com/thumbnail/webp/w1080/MiTv/059a95a5be590eb94e7039431042323875b43e86d,CC01000012,插画,世界上有两个我，一个吃货的我，一个真心想减肥的我。@视觉中国
,['休闲', '优美', '糕点', '甜食']
I01381137,让可爱治愈“微笑抑郁症”,http://wallpaper.cdn.pandora.xiaomi.com/thumbnail/webp/w1350/MiTv/080944ecbde6a40769103bf10277769de1fac0570,CC01000012,插画,当可爱遇见微笑抑郁症，一种奇妙的化学反应发生了。微笑抑郁症的患者可能被可爱事物所吸引，因为它们能够在他们的内心照亮一片光明。那些天真纯洁的眼神，那些无辜而快乐的表情，都能够唤起他们内心深处已经遗失的感觉。@锐景/少爷,['惬意', '兔子', '爆米花']
I01304929,秋色渐浓岁月向晚,http://wallpaper.cdn.pandora.xiaomi.com/thumbnail/webp/w1350/MiTv/0317b92952561442db61d38d4dd39c4cbbfbcc976,CC01000012,插画,秋云淡淡，悠然飘过山冈，飘逸的姿态，令人羡慕也令人遐想。高远的天空，秋水明净，倒影里光影交错，静水流深，坐看云起时，静观水沉静。@视觉中国,['优美', '兔子']
I01383133,人生的抉择,http://wallpaper.cdn.pandora.xiaomi.com/thumbnail/webp/w1350/MiTv/0c4020ce86f2243b08185743af41bcc4f35240fa2,CC01000012,插画,你在人生不同际遇的时候会选择什么？是一无所有时候的面包，还是大腹便便时候的爱情。当人生的天平注定有所偏转的时候，“月亮与六便士”的命题，就需要你自己作出抉择。@锐景/yunä,['惬意', '小猪']
