I01189592,这些超跑真的分得清吗,http://wallpaper.cdn.pandora.xiaomi.com/thumbnail/webp/w1080/MiTv/099f724b6f4ed46871f2296d04c82f71d3f60b3c9,CC00000002,座驾,在大多数人的眼中，阿斯顿马丁总是和007联系在一起，二者有不少共同点，身手不凡还能时刻保持优雅。Vulcan就是一个大号的周末玩具，是用来下赛道的，而且它不隶属于任何一项比赛。@有料,['公路', '速度', '日落', '酷炫', '超跑', '驰骋', '阿斯顿马丁', '小米精选']
I01143492,百公里加速仅需3秒,http://wallpaper.cdn.pandora.xiaomi.com/thumbnail/webp/w1080/MiTv/032c274f2045b442e1bd1e1a219a16dda721821a5,CC00000002,座驾,由于配备了Brembo Extreme Design刹车系统，法拉利 488 Spider的制动距离较前作车型缩短了9%。@观车,['法拉利', '超跑', '法拉利488Spider']
I01171720,气势如“蛮牛”,http://wallpaper.cdn.pandora.xiaomi.com/thumbnail/webp/w1080/MiTv/004a32494c993499d046becbcf967c42e197b6398,CC00000002,座驾,兰博基尼Huracan Sterrato-offroad是基于兰博基尼Huracan EVO车型进行打造，并在外观上加装了一些很有越野范儿的车身套件。@图虫创意,['速度', '兰博基尼', '豪华', '超跑', '驾驶']
I01212780,超跑们的完美身段,http://wallpaper.cdn.pandora.xiaomi.com/thumbnail/webp/w1080/MiTv/03fdfb549e0cb464b06a487b026c3aedcce323ba7,CC00000002,座驾,兰博基尼总是和犀利、激情这些词汇联系到一起。这台车的外观透露着兰博基尼的元素，锋利的前脸，Y字形的日行灯和尾灯，犀利的腰线，倾斜的车尾，粗壮的排气以及22寸的超大轮毂搭配440毫米碳陶瓷刹车盘，都能够让人感受到它的凶猛。@有料,['速度', '酷炫', '兰博基尼', '超跑', '驰骋', '小米精选']
I01197533,性能与速度的顶级盛宴,http://wallpaper.cdn.pandora.xiaomi.com/thumbnail/webp/w1080/MiTv/049d5455ad5e2824211a2e2f6d83f2e36d641ac6e,CC00000002,座驾,布加迪Chiron Pur Sport基于Chiron打造，设计上延续家族化的设计和8.0L 16缸的超级动力，并从技术和设计上带来更极致的奢华之作。布加迪表示它能给驾驶者带来更极致的赛道体验。@有料,['公路', '速度', '酷炫', '超跑', '驰骋', '布加迪', '布加迪Chiron']
I01157552,完美的兰博基尼灵魂,http://wallpaper.cdn.pandora.xiaomi.com/thumbnail/webp/w1080/MiTv/03225446a3ffb4b4d225f9348fb5e7702b8323c85,CC00000002,座驾,如果说上帝赋予给了Aventador战神般的外观和皮囊，那么V12发动机就是赋予给它的完美灵魂。@观车,['兰博基尼', '超跑', '意系车']
I01142404,超级快的法拉利,http://wallpaper.cdn.pandora.xiaomi.com/thumbnail/webp/w1080/MiTv/0ecc24f5e9de62ac61038334f0477496bad406639,CC00000002,座驾,为充分展现跑车的完美性能，以及完美的车身重量配比，工程设计师们在前置发动机上搭载了一款后置变速器。@观车,['法拉利', '超跑', '法拉利812 Superfast']
I01143485,意式狂野风范,http://wallpaper.cdn.pandora.xiaomi.com/thumbnail/webp/w1080/MiTv/0e8345cc18fead69bf2d00daa4b0d716a724056b5,CC00000002,座驾,法拉利488 Spider车身两侧的底部进气被一片中央扰流板分流。流向上部的气流，一部分用于引擎进气，一部分则流过扰流板，由车尾流出。@观车,['法拉利', '超跑', '法拉利488Spider']
I01158447,阿斯顿·马丁旗舰级,http://wallpaper.cdn.pandora.xiaomi.com/thumbnail/webp/w1080/MiTv/06e47487c0440b566e22f15129e47421010429b9d,CC00000002,座驾,阿斯顿·马丁DBS Superleggera性感十足，巧妙将侵略性与优雅结合在一起。@观车,['阿斯顿·马丁', '超跑']
I01125606,霸气十足的兰博基尼,http://wallpaper.cdn.pandora.xiaomi.com/thumbnail/webp/w1080/MiTv/0217859ed0d37f4889409b6367dcca0b06d433452,CC00000002,座驾,MANSORY一直以来专门为顶级豪华车做性能和外形上的改装，目的是为了迎合这些车主“避免撞衫”的生活品味。例如，Mansory利用新的发动机控制系统将兰博基尼LP700“微升”54马力至754马力，扭矩增长至750牛米。@观车,['酷炫', '兰博基尼', '超跑', '小米精选']
I01189609,入门版跑车了解一下,http://wallpaper.cdn.pandora.xiaomi.com/thumbnail/webp/w1080/MiTv/07469c53ead62497a20687389ad4d5bc73331002e,CC00000002,座驾,Sián在外观设计上借鉴了Terzo Millennio概念车的部分元素，使得新车前脸看起来非常夸张，全新的Y字形日间行车灯将成为未来兰博基尼的设计元素之一，同时标志性的楔形车身得以保留。@有料,['速度', '酷炫', '兰博基尼', '超跑', '运动感', '速度感', '小米精选']
I01195140,跑车界的“网红”,http://wallpaper.cdn.pandora.xiaomi.com/thumbnail/webp/w1080/MiTv/0804144dc42c795954a4d11b1e4ae9f35cc41147b,CC00000002,座驾,巴博斯基于奔驰推出了一款改装版的车型，它的外表看起来非常凶悍，前脸采用的是很粗犷的风格，比原厂奔驰跑车的硬派效果更浓厚。不仅如此，动力方面也更强悍。@有料,['速度', '酷炫', '超跑', '驰骋', '奔驰', '小米精选']
I01195156,纵享激情 非凡驾趣,http://wallpaper.cdn.pandora.xiaomi.com/thumbnail/webp/w1080/MiTv/0f9d5e45a6502424911a262f6c03f6ec65e2183a4,CC00000002,座驾,宝马4系代表了宝马品牌设计的精髓，黄金比例与精准独到的设计在这里合为一体。从侧面看来，4系概念车要收敛不少，粗壮的腰线，修长的引擎盖，加上富有光泽的车漆与灯光交相辉映，立体感很强，21英寸的轮圈也让车身很有运动感。@有料,['公路', '速度', '酷炫', '宝马', '超跑', '驰骋', '宝马4系']
I01257681,私人定制的库里南,http://wallpaper.cdn.pandora.xiaomi.com/thumbnail/webp/w1350/MiTv/0bc432a8b1d944b4b9f28f0deaa0071e8d0f65892,CC00000002,座驾,Fux先生曾在南佛罗里达州见过一款鲜艳的橙色女士围巾，于是他向劳斯莱斯总部的Bespoke高级定制设计与色彩研发团队提出想法，希望用这种颜色作为高级定制车型的外观配色。@观车,['越野车', '劳斯莱斯', '劳斯莱斯Cullinan', '库里南']
I01208879,奔驰“最美”跑车 你喜欢吗？,http://wallpaper.cdn.pandora.xiaomi.com/thumbnail/webp/w1080/MiTv/071c65a49ff46566abcdc4c600adc70563441c099,CC00000002,座驾,虽然AMG GT R面世有一段时间了，但它毕竟是高性能跑车，两百多万的价格摆在那里，所以保有量不算多，时至今日依旧能给人足够的新鲜感，行驶在马路上，收获的注目礼不比“牛”、“马”少。@图虫创意,['超跑', '奔驰', '奔驰AMG GT', 'AMG GT R']
I01195130,这些车又能耍帅又实用,http://wallpaper.cdn.pandora.xiaomi.com/thumbnail/webp/w1080/MiTv/0e6c7d4def42a4c873022ebdaffcc01f57a0c9d6b,CC00000002,座驾,兰博基尼Veneno设计兼顾空气动力学性能和稳定性，带给高速赛车独特体验，具有良好的道路适应性。它的外观延续家族式的Y型大灯，并且搭配狼牙式的引擎盖，整体看起来更加显得凶悍。@有料,['公路', '速度', '酷炫', '兰博基尼', '超跑', '驰骋', '兰博基尼Veneno']
I01189591,这些超跑真的分得清吗,http://wallpaper.cdn.pandora.xiaomi.com/thumbnail/webp/w1080/MiTv/099f743b6f4fd9686af2286d0ab82b73dcf41c4f2,CC00000002,座驾,如果是入手人生第一台跑车的话，718算是很好上手的跑车，不用担心一踩油门就上天，不过遇到减速带记得要减速哦！而且这款718在跑车里算是舒适性比较好的了！@有料,['速度', '酷炫', '保时捷', '超跑', '驰骋', '保时捷718', '小米精选']
I01274590,你不知道的兰博基尼,http://wallpaper.cdn.pandora.xiaomi.com/thumbnail/webp/w1350/MiTv/05db22501aa9e46a58a5edb3ec3c34a8594685ae3,CC00000002,座驾,第一台被命名为兰博基尼的车辆是拖拉机。1948年，32岁的费鲁吉欧·兰博基尼利用一些零部件，组装了这台拖拉机。@圈子/BENSON本森超跑俱乐部,['室内', '高端', '兰博基尼', '科技感', '品质']
I01217260,兰博基尼 开启混合动力时代,http://wallpaper.cdn.pandora.xiaomi.com/thumbnail/webp/w1080/MiTv/010c1950d6df944a815c8dbe6522798031fc8cd20,CC00000002,座驾,所以当所有人都认为电动是未来、混动是趋势的时候，兰博基尼Sián打破了大家的认知。首先在命名上Sián不再是之前兰博基尼惯用以蛮牛为车型命名的传统，Sián在意大利博洛尼亚的方言中是“闪光”、“闪电”的意思，所以这个名称也说明了它是一台与电有关的超级跑车。@汽车博览,['兰博基尼', '超跑', '混动车', '兰博基尼Sián']
I01212781,超跑们的完美身段,http://wallpaper.cdn.pandora.xiaomi.com/thumbnail/webp/w1080/MiTv/04e5c4c7b6a3d0038506b2b309b57e6f57a43f4c1,CC00000002,座驾,法拉利458是一款中后置8缸双门跑车，标志着法拉利在其原有基础上实现了重大飞跃。法拉利458的诞生不仅是法拉利的骄傲，更是意大利人的荣耀。它的整体造型颠覆了过去法拉利跑车给人的既有印象，充满了前所未有的未来感。@有料,['速度', '酷炫', '法拉利', '超跑', '驰骋', '法拉利458', '小米精选']
I01209193,“黑化版”库里南,http://wallpaper.cdn.pandora.xiaomi.com/thumbnail/webp/w1080/MiTv/07fdf4c49a0eb3643c6a4e7b053c32ebcbe40a2ab,CC00000002,座驾,黑色，绝对算得上市汽车领域最偏爱的颜色之一。而作为汽车界里尊贵的存在，劳斯莱斯同样是“黑化”的终结追崇者，其相继推出涵盖了曜影、古思特、魅影以及库里南在内的Black Badge系列车型。@图虫创意,['劳斯莱斯', '豪车', '库里南']
I01193865,超跑图鉴,http://wallpaper.cdn.pandora.xiaomi.com/thumbnail/webp/w1080/MiTv/05e8275d717bf413016b17c2ce75004ddd3cfcc0b,CC00000002,座驾,别看宝马M4车身这么低，以为它只是普通的姿态玩家，它却是一位实打实的运动能手。这辆M4可以说是内外兼修，由于经常下赛道，所以换上了Recaro桶形座椅和四点式安全带，发动机舱内也加入了更多的碳纤维制品，为轻量化和散热作出了不少努力。@有料,['速度', '赛车', '酷炫', '宝马', '超跑', '驰骋', '宝马M4', '小米精选']
I01143835,1160匹马力的怪兽,http://wallpaper.cdn.pandora.xiaomi.com/thumbnail/webp/w1080/MiTv/052c247f2342be4213bd151a222a1fd1ab041a167,CC00000002,座驾,当你选了碳纤维套件后，碳纤维将会出现在Valkyrie的前大灯，车侧，扶手，中控台空调通风口和方向盘上。@观车,['阿斯顿·马丁', '超跑', 'Valkyrie']
I01298483,男人的梦想 兰博基尼,http://wallpaper.cdn.pandora.xiaomi.com/thumbnail/webp/w1350/MiTv/0234ccbb16747484da80ccae17658fb777afa6d67,CC00000002,座驾,兰博基尼的标志是一头充满力量、正向对方攻击的斗牛，这与兰博基尼大马力高速跑车的特性相吻合，据说这一标志也体现了创始人兰博基尼斗牛般不甘示弱的脾性。@锐景,['大气', '炫酷', '兰博基尼']
I01157592,战斗民族超级跑车,http://wallpaper.cdn.pandora.xiaomi.com/thumbnail/webp/w1080/MiTv/0d7fca4ca294b4e63166d9c1f7f313b64c8cb6fcc,CC00000002,座驾,Marussia B2给人一种兰博基尼和七八十年代玛莎拉蒂超跑混合体的感觉，外壳设计理念很独特。@观车
,['超跑', 'Marussia']
I01195142,跑车界的“网红”,http://wallpaper.cdn.pandora.xiaomi.com/thumbnail/webp/w1080/MiTv/096c7d4def43a4c8d30220bdaf4cc01757a099d6b,CC00000002,座驾,阿尔法罗密欧搭载的是一台1.8T L4涡轮增压发动机，车身匹配7速双离合变速箱，发动机马力高达240匹，百公里加速仅需4.5秒即可完成，极速可达250时速，动力强悍的同时，颜值也不差。@有料,['速度', '霸气', '酷炫', '超跑', '驰骋', '阿尔法·罗密欧', '小米精选']
I01193875,超跑的正确打开方式,http://wallpaper.cdn.pandora.xiaomi.com/thumbnail/webp/w1080/MiTv/0f041b4dcc297459c1a4df1b149ae7fe54c524318,CC00000002,座驾,R8是奥迪基于兰博基尼盖拉多打造的高性能跑车。饱满的前脸和富有运动感的车尾，使得视觉效果十分亮眼。流畅的线条，极具科技感的电子配置，无与伦比的大排量自吸声浪，让它赚足了世人的眼球，诠释了一款超级跑车应该有的调性。@有料,['公路', '速度', '赛车', '酷炫', '超跑', '驰骋', '奥迪', '奥迪R8']
I01189608,入门版跑车了解一下,http://wallpaper.cdn.pandora.xiaomi.com/thumbnail/webp/w1080/MiTv/0e469533e6d32997360686389f04d2b077a422a5c,CC00000002,座驾,建立在“大牛”Aventador SVJ上的Sian，除了同样具有6.5升V12自然进气引擎外，更透过48V电动马达建构轻型复合油电动力，在结合7速自排变速箱后，综效马力高达819匹之谱，是兰博基尼有史以来最强悍的量产车款。@有料,['速度', '酷炫', '激情', '兰博基尼', '超跑', '运动感', '小米精选']
I01130267,山外有山车外有车,http://wallpaper.cdn.pandora.xiaomi.com/thumbnail/webp/w1080/MiTv/027da4b9ab1c9b1294a63a5699a74e21ef1410582,CC00000002,座驾,如果你把现在市面上性能最好的超级跑车交给一家最好的改装公司来改装会发生什么？Novitec会告诉你答案。@观车,['迈凯伦', '超跑', '迈凯伦720S']
I01175018,性能朝圣之旅,http://wallpaper.cdn.pandora.xiaomi.com/thumbnail/webp/w1080/MiTv/0e72fd5b286eb4c0b0a07f87eb6c1f8a54905b424,CC00000002,座驾,兰博基尼Huracán EVO可以预判下一刻的驾驶情况并做出最合理的选择，让整车持续保持在最佳状态。@汽车博览,['速度', '兰博基尼', '豪华', '超跑']
I01111197,641马里邂逅兰博,http://wallpaper.cdn.pandora.xiaomi.com/thumbnail/webp/w1080/MiTv/08de3413a66bdbe53fc7725bf3fdf32c09f43dec4,CC00000002,座驾,Ares Design是2014年在意大利所成立的品牌，其创始人早前任英国老牌跑车厂路特斯的CEO，其将在路特斯车厂的经历和经验带到了这个全新的品牌当中，为整个汽车带来了全新的设计。@观车,['酷炫', '兰博基尼', '超跑', '小米精选']
I01201622,这才是男人的终极梦想,http://wallpaper.cdn.pandora.xiaomi.com/thumbnail/webp/w1080/MiTv/07e5b85628adb42d136fd2af3dc23a7fc0286af3c,CC00000002,座驾,兰博基尼centenario是为了纪念兰博基尼创始人费鲁吉欧·兰博基尼诞辰100周年而专属打造的。外壳全部采用碳纤维材质打造，车重仅为1520公斤。车辆的外部融入了大量空气动力学设计，车身高度仅为1143mm，充满了未来感。@有料,['速度', '酷炫', '兰博基尼', '豪华', '超跑', '驰骋', '兰博基尼Centenario', '小米精选']
I01157734,阿斯顿·马丁之精神,http://wallpaper.cdn.pandora.xiaomi.com/thumbnail/webp/w1080/MiTv/09e47d47c04404562222f1512b9479270846be196,CC00000002,座驾,DBS Superleggera的尾部造型很有层次感，双边共四出的排气和底部的扩散器搭配的很协调。@观车,['阿斯顿·马丁', '超跑']
I01195141,跑车界的“网红”,http://wallpaper.cdn.pandora.xiaomi.com/thumbnail/webp/w1080/MiTv/0b6c747de34aadc80f022dbdad9ccd1d54f436f0d,CC00000002,座驾,从2006年开始，R8就已经成为奥迪车速度的象征，并且积攒了大量忠实的车迷。R8全身上下都是硬通货，五辐式经典造型附带镂空，造型极具动感活力，超级饱满的前脸、极具运动感的车尾，视觉效果十分亮眼。@有料,['速度', '酷炫', '超跑', '驰骋', '奥迪', '奥迪R8', '小米精选']
I01189588,速度与激情,http://wallpaper.cdn.pandora.xiaomi.com/thumbnail/webp/w1080/MiTv/0627550869d8d5860eadaa8df025676619d40825c,CC00000002,座驾,相信沉迷于乐高玩具的伙伴们，一定不会对下面这台陌生了，911 RSR，天鹅颈支架的尾翼，中置后驱，4194cc排量的六缸自然吸气式发动机动力系统输出功率可达515PS。@有料,['路灯', '酷炫', '保时捷', '超跑', '驰骋', '保时捷911']
I01232183,冬季座驾养护秘籍,http://wallpaper.cdn.pandora.xiaomi.com/thumbnail/webp/w1080/MiTv/06a7752c6ed76c21b62ea09c176c31a366a420467,CC00000002,座驾,在北方地区，如果清晨出门发现雨刮器被雪水粘在挡风玻璃上的话，千万不要用热水直接冲洗，这样容易使车窗因为温度变化而炸裂、雨刮器变形。正确的方法应该是将空调开至热风，吹风模式为前风挡，待雨刮器自然化开。@有料,['速度', '酷炫', '超跑', '驰骋', '小米精选']
I01125607,霸气十足的兰博基尼,http://wallpaper.cdn.pandora.xiaomi.com/thumbnail/webp/w1080/MiTv/01d785d9a9ce9f9b18d757eb69f7a03d855415972,CC00000002,座驾,不同于德系改装车的大刀动斧，MANSORY在保持原车优雅风度的同时，通过匠心独具的选材和设计使跑车的霸气十足。通过碳纤维的轻量化处理后，这辆兰博基尼LP700的0-100km/h从2.9秒进阶至2.8秒，最高时速355km/h。@观车,['大气', '高端', '炫酷', '兰博基尼', '超跑', '小米精选']
I01193864,超跑图鉴,http://wallpaper.cdn.pandora.xiaomi.com/thumbnail/webp/w1080/MiTv/06bca5f9695a9744d3b4c533cbdef80380a42c442,CC00000002,座驾,在进入21世纪以前，保时捷最经典的车是911，进入21世纪以后，保时捷最经典的车依然是911。911 GT3 RS可以说是民用级别中刷圈儿的神器，着重提升了空气动力学效率，进一步优化了安全性，并降低了维护和零配件成本。@有料,['公路', '速度', '酷炫', '保时捷', '超跑', '驰骋', '保时捷911', '小米精选']
I01157582,来自俄罗斯的超跑,http://wallpaper.cdn.pandora.xiaomi.com/thumbnail/webp/w1080/MiTv/0c225456a3fdb4b48225f6348fc5e77b2b83c3c85,CC00000002,座驾,MARUSSIA车辆外形设计借鉴了俄罗斯战机的元素，气动效率出众，并带有强烈的侵略性。@观车,['俄罗斯', '超跑', 'Marussia']
I01295440,玩儿越野摩托车必知,http://wallpaper.cdn.pandora.xiaomi.com/thumbnail/webp/w1350/MiTv/0ea0e9ebb44dc47bc95e038111cccd898a721352a,CC00000002,座驾,越野摩托车和一般摩托车比，排气筒位置较高，轮胎是越野专用轮胎，一般采用二冲程发动机，档位是踩一挑四式，通俗说就是一档下踩，二三四档依次上挑。发动机和整车较高，离地间隙大，减震长，行程大，轮胎花纹较深，车把比较宽直。@有料,['优美', '酷炫', '摩托车', '摩托', '热血', '小米精选']
I01208711,充满肌肉感的战车,http://wallpaper.cdn.pandora.xiaomi.com/thumbnail/webp/w1080/MiTv/01060247f8e644b242ffef1d0cc2dded4dece0cf7,CC00000002,座驾,布加迪以精巧的造车技术而出名，每一辆轿车都被誉为世界名车，以布加迪为品牌的车型在世界多个著名汽车博物馆中都能看到，且性能上乘。@锐景,['道路', '速度', '激情', '超跑', '布加迪']
I01133429,把竞争对手抛到身后,http://wallpaper.cdn.pandora.xiaomi.com/thumbnail/webp/w1080/MiTv/0629f4ac90285a47603467b3fdb464f13844332b6,CC00000002,座驾,若阁下是标准车迷兼一直有留意欧洲改装的话，一定听过Novitec个大名，这家来自德国的超级改装厂。@观车,['迈凯伦', '超跑']
I01294121,汽车的常规保养项目,http://wallpaper.cdn.pandora.xiaomi.com/thumbnail/webp/w1350/MiTv/0e4376109471340c3b47378dc5a2d48b607da6987,CC00000002,座驾,机油和机油滤清器：主要用于润滑系统的维护，有效润滑汽车发动机的各个部件，防止过度磨损。@品鉴图库,['赛车', '车身', '超跑']
I01143493,百公里加速仅需3秒,http://wallpaper.cdn.pandora.xiaomi.com/thumbnail/webp/w1080/MiTv/0e8345cc18feab69bd2d00daa0b0de16a624056b5,CC00000002,座驾,源自LaFerrari的应用，法拉利488 Spider刹车系统配备全新的卡钳。同时，全新的材料也使得刹车系统能够更快达到理想的工作温度。@观车,['法拉利', '超跑', '法拉利488Spider']
I01144251,首款涡轮增压赛车,http://wallpaper.cdn.pandora.xiaomi.com/thumbnail/webp/w1080/MiTv/002c275f2045b44251bd101a216a16daa721d21a5,CC00000002,座驾,作为法拉利挑战赛有史以来首款涡轮增压发动机赛车，全新法拉利488 Challenge搭载3.9升V8双涡轮增压发动机。该赛车以1分15.5秒的速度创下费奥拉诺赛道的最快单圈纪录，将458Challenge EVO的成绩提升了足足一秒。@观车,['法拉利', '炫酷', '超跑', '小米精选']
I01125608,霸气十足的兰博基尼,http://wallpaper.cdn.pandora.xiaomi.com/thumbnail/webp/w1080/MiTv/01d785d9a9ce909b1dd754eb67f7ae3d8a5415972,CC00000002,座驾,Mansory最拿手的是对豪华车外观进行全碳纤维改造。而在内饰改装方面，MANSORY则同样坚持采用最优质的材料。@观车,['兰博基尼', '超跑']
I01157191,限量10辆的法拉利,http://wallpaper.cdn.pandora.xiaomi.com/thumbnail/webp/w1080/MiTv/052254b6a9f8b9b43a25fa348c35ec7c223428f74,CC00000002,座驾,法拉利J50是法拉利为庆祝法拉利日本公司成立50周年而特别推出的，其基于现款488 Spider车型打造，仅限量10辆。@观车,['法拉利', '超跑']
I01171721,气势如“蛮牛”,http://wallpaper.cdn.pandora.xiaomi.com/thumbnail/webp/w1080/MiTv/084a341949993d997246bacbcb667943e1c409fc2,CC00000002,座驾,兰博基尼Huracan Sterrato-offroad加宽的黑色塑胶轮眉、LED射灯、定制化车顶行李架等，让车辆充满个性之余也充满力量感。@图虫创意,['速度', '兰博基尼', '豪华', '超跑', '驾驶']
I01158461,真正的西装暴徒,http://wallpaper.cdn.pandora.xiaomi.com/thumbnail/webp/w1080/MiTv/027337451946f46c718d115276041de9715ca68d3,CC00000002,座驾,Superleggera中的leggera在意大利语中是“轻”的意思，再加上Super就是“超轻量化”。@观车,['阿斯顿·马丁', '超跑']
I01197535,性能与速度的顶级盛宴,http://wallpaper.cdn.pandora.xiaomi.com/thumbnail/webp/w1080/MiTv/02d63d4594e564bcc03359a2b38c11a66b3ac7b88,CC00000002,座驾,法拉利作为一辆超级跑车，身轻如燕，动力澎湃，在动力美学上，又要做到了扣人心弦，更重要的是，速度非常凌厉。@有料,['速度', '酷炫', '法拉利', '超跑', '驰骋']
I01212763,回头率爆表的陆地飞行器,http://wallpaper.cdn.pandora.xiaomi.com/thumbnail/webp/w1080/MiTv/0211f84415184420a10ce87bebf156efcef3fc523,CC00000002,座驾,作为汽车领域公认的速度王者，布加迪的名号早已响彻云霄。布加迪的工程师将Chiron打造成了布加迪有史以来最快的量产车，对于这辆火力全开8分钟便能榨干100L油箱的车来说，更快的继任者出现了。它叫作Chiron Super Sport 300。@有料,['霸气', '酷炫', '超跑', '驰骋', '布加迪', '布加迪威龙', '布加迪Chiron', '小米精选']
I01157620,俄罗斯怪杰跑车,http://wallpaper.cdn.pandora.xiaomi.com/thumbnail/webp/w1080/MiTv/0f0025dd192008a8bc619af969322893a2842811f,CC00000002,座驾,Marussia发动机共有三种不同的调教，分别为300匹、360匹和420匹，顶配版本百公里加速3.8秒。@观车,['俄罗斯', '超跑', 'Marussia']
I01295652,布加迪威龙的前世今生,http://wallpaper.cdn.pandora.xiaomi.com/thumbnail/webp/w1350/MiTv/0b1c49bfcdfc94149ace6d370023c2f36396b29c2,CC00000002,座驾,放眼全球的汽车，布加迪威龙绝对是其中浓墨重彩的一笔，即使对它的了解并不深入，但仍有大量车迷将其作为自己的最终梦想。不管是盘点“世界极速量产车型”、还是“世界最贵跑车”，布加迪威龙总能占据一席之地，这些显赫头衔赋予了它浓厚的传奇色彩。@锐景,['公路', '山坡', '速度', '超跑', '布加迪威龙']
I01232156,让您的座驾远离烦恼,http://wallpaper.cdn.pandora.xiaomi.com/thumbnail/webp/w1080/MiTv/0e84447c9215827817c9230d30eee58a1d7435d22,CC00000002,座驾,刚刚入冬，气温不稳定，雨水偏多，车玻璃槽中往往会积累灰尘和雨水等酸碱遗留物，这些都直接影响了车玻璃的正常升降。这种情况您可以先用少量清水倒入槽口缓解，闲暇时再去选购玻璃水适量灌入，之后上下升降玻璃，使玻璃水在槽口内覆盖均匀。@有料,['速度', '酷炫', '豪华', '超跑', '驰骋', '小米精选']
I01295606,法拉利的里程碑,http://wallpaper.cdn.pandora.xiaomi.com/thumbnail/webp/w1350/MiTv/05f2a7646962546f3901140182d00c653f4b76e26,CC00000002,座驾,由于设计师弗拉维奥·曼佐尼加盟法拉利，Laferrari成为1973年以来首款未由Pininfarina设计的法拉利跑车，至此，法拉利逐渐开始收回设计的主导权。@观车,['法拉利', '法拉利LaFerrari', '超跑']
I01125609,霸气十足的兰博基尼,http://wallpaper.cdn.pandora.xiaomi.com/thumbnail/webp/w1080/MiTv/0317825eddd0744803409563641cc50c09386db32,CC00000002,座驾,Mansory利用新的发动机控制系统将LP700“微升”54马力至754马力，扭矩增长至750牛米。@观车,['兰博基尼', '超跑']
I01125613,豪华极致的“大牛”,http://wallpaper.cdn.pandora.xiaomi.com/thumbnail/webp/w1080/MiTv/01d785d9a9ce989b19d75beb68f7aa3d885415972,CC00000002,座驾,对于当今疯狂的财富拥有者而言，原厂的个人订制套餐已不能满足他们的专署欲望，因此，Mansory诞生以来提供更炫目的改装方案。@观车,['兰博基尼', '超跑']
I01125611,霸气十足的兰博基尼,http://wallpaper.cdn.pandora.xiaomi.com/thumbnail/webp/w1080/MiTv/0817825eddd0744823409c6364bcc50409382db32,CC00000002,座驾,优秀的制造商不仅仅是对组件的材质进行升级，MANSORY还为客户提供了多种多样的色彩和花纹的碳材料可选。@观车,['兰博基尼', '超跑']
I01294110,超跑中的艺术品,http://wallpaper.cdn.pandora.xiaomi.com/thumbnail/webp/w1350/MiTv/0f0f9109f70364d2eb744dff646966e9642195e54,CC00000002,座驾,法拉利488在外观方面保持了非常强的运动气息，拥有夸张的前后保险杠以及中置的排气设计。该车采用了法拉利经典的内饰设计，我们熟悉的多功能方向盘以及真皮座椅都出现在了这款车身上，让整车看上去相当豪华。@锐景,['公路', '速度', '法拉利', '超跑']
I01193859,风的朋友,http://wallpaper.cdn.pandora.xiaomi.com/thumbnail/webp/w1080/MiTv/03429253c96bc4c0e3afd7995bdc7cea4db50cfa3,CC00000002,座驾,迈凯伦，著名赛车研发制造公司，被称为法拉利的噩梦。迈凯伦570S算入门系列的其中一款，570前脸基于迈凯伦的混动旗舰超跑那一代一脉相承的设计语言，一个邪恶的媚笑。但千万别被这媚笑迷惑了，这家伙一点也不温柔。@有料,['公路', '霸气', '日落', '酷炫', '迈凯伦', '超跑', '驰骋', '迈凯伦 570S']
I01194079,保时捷718 Cayman,http://wallpaper.cdn.pandora.xiaomi.com/thumbnail/webp/w1080/MiTv/086c7d4def48a4c8630227bdafecc01c57a069d6b,CC00000002,座驾,六缸水平对置发动机 再次回到Boxster和Cayman车型上。新款的Spyder和GT4都采用了4.0 升自然吸气发动机，最大输出功率为420马力，最高转速可达8000转/分。@汽车博览,['保时捷', '豪华', '超跑']
I01125610,霸气十足的兰博基尼,http://wallpaper.cdn.pandora.xiaomi.com/thumbnail/webp/w1080/MiTv/01d785d9a9ce909b11d751eb6ff7af3d805415972,CC00000002,座驾,通过碳纤维的轻量化处理后，这辆LP700的0-100km/h从2.9秒进阶至2.8秒，最高时速355km/h。@观车,['兰博基尼', '超跑']
I01232184,冬季座驾养护秘籍,http://wallpaper.cdn.pandora.xiaomi.com/thumbnail/webp/w1080/MiTv/0c952357a688b4fd7260c08d2fb63c379d095cf54,CC00000002,座驾,检查标号是否低温，有无缺少或变质。冬季冷车机油过稠，会影响启动，还加大机件磨损。同时热车机油过稀会降低润滑和密封性能。要选用适合冬季的优质复合油。如果到了或临近规定的换油时间，最好在天气变冷前换掉。@有料,['速度', '酷炫', '超跑', '驰骋', '小米精选']
I01293515,向原型致敬,http://wallpaper.cdn.pandora.xiaomi.com/thumbnail/webp/w1350/MiTv/02e95a5b8acc74d2284844a51870e7eccd398bfa7,CC00000002,座驾,迈凯伦定制部门MSO推出了定制车型，Albert是限量生产106辆Speedtail中的最后一辆车，也是对2018年第一辆同名Speedtail原型测试车的致敬。图@米拍,['车身', '经典', '渐变', '工匠']
I01139451,敞篷跑车的无限魅力,http://wallpaper.cdn.pandora.xiaomi.com/thumbnail/webp/w1080/MiTv/0f47a590ea1793235824a3788a4f355f0fc41b9be,CC00000002,座驾,Vanquish Zagato Speedster搭载6.0L V12自然吸气发动机，最大功率达到600马力。该车的0-100km/h加速仅需3.5秒。Speedster版沿用敞篷设计，将超高性能敞篷跑车纯粹且激动人心的驾控性能展现得淋漓尽致。@观车,['酷炫', '阿斯顿·马丁', '超跑', '阿斯顿·马丁Vanquish', '小米精选']
I01232185,冬季座驾养护秘籍,http://wallpaper.cdn.pandora.xiaomi.com/thumbnail/webp/w1080/MiTv/06a7752c6ed76d21ba2ea19c1c6c39a365a420467,CC00000002,座驾,放置了一夏天的暖风，往往会出现故障，最好先试一下有没有热风、风机运转有无异响、风管是否通畅。有时遇到的问题是暖风水管中的防冻液长期不流动，凝结堵塞了循环管路，虽然不影响行车，维修起来却十分麻烦。@有料,['速度', '酷炫', '超跑', '驰骋']
I01189600,顶级跑车你知道吗,http://wallpaper.cdn.pandora.xiaomi.com/thumbnail/webp/w1080/MiTv/099f753b6a4fda6863f2256d04b82573d9f41c4f2,CC00000002,座驾,法拉利F430是许多车迷心中的Dream Car。F430在360的造型基础上进一步将线条做舒展流畅。从车头到车尾用一条突出的腰线，在柔美的车身线条中勾勒出了一道极具力量感的基准线，让它看上去优雅而不失劲道。@有料,['速度', '豪车', '法拉利', '炫酷', '超跑', '驰骋']
I01175016,性能朝圣之旅,http://wallpaper.cdn.pandora.xiaomi.com/thumbnail/webp/w1080/MiTv/0472f54b2e69b9c000a07587ebbc11845e8402bfd,CC00000002,座驾,Huracán EVO所搭载的2.0版本兰博基尼LPI惯性平台系统集成了加速器及陀螺仪传感器等多台感应器，并且位于车辆重心所在位置。@汽车博览,['速度', '兰博基尼', '豪华', '超跑']
I01189599,顶级跑车你知道吗,http://wallpaper.cdn.pandora.xiaomi.com/thumbnail/webp/w1080/MiTv/0e9f725b6f4ad468c1f22e6d04d82f70d3f64b3c9,CC00000002,座驾,全新C级轿车继承了奔驰的家族式设计语言。相比上一代C级，新C级更加优雅同时又不失运动，线条更加流畅，而Coupe版车型的轿跑造型简直是帅炸天际，当之无愧被称为最美奔驰C级。@有料,['速度', '酷炫', '超跑', '驰骋', '奔驰', 'C63 AMG', '奔驰AMG C63S']
I01201626,兰博基尼到底有多牛,http://wallpaper.cdn.pandora.xiaomi.com/thumbnail/webp/w1080/MiTv/0ce5b5062da2be2d8f6fdfaf31a23a7fc98433da8,CC00000002,座驾,动力升级：不只是增加区区40马力。兰博基尼Aventador S搭载的是6.5升V12自然吸气发动机，经过可变气门正时和可变进气系统的加持之后，再匹配于7挡ISR变速箱，百公里加速2.9秒，最高速度为350公里/小时，这是一台不折不扣的性能猛兽。@有料,['速度', '酷炫', '兰博基尼', '豪华', '超跑', '驰骋', '兰博基尼Aventador']
I01193871,行进的奢华之美,http://wallpaper.cdn.pandora.xiaomi.com/thumbnail/webp/w1080/MiTv/0804144dce2c7a595fa4dc1b114ae1f35ec41147b,CC00000002,座驾,迈凯伦600LT Spider MSO的最大亮点是它的配色。鸽灰车身搭配黑色碳纤维材质，给人一种严肃又冷酷的感觉，而点缀的纳皮尔绿色线条更为这款车的外观增添了一丝生机与运动感。另外这款车还拥有霸气的车身空气动力学套件，攻击性十分强悍。@有料,['速度', '霸气', '迈凯伦', '超跑', '驰骋']
I01371917,极富设计感的跑车,http://wallpaper.cdn.pandora.xiaomi.com/thumbnail/webp/w1350/MiTv/04eaf7e9883e948d3969701591062205055017418,CC00000002,座驾,法拉利LaFerrari：这款超级跑车以其前卫外观和卓越性能征服了车迷的心，流线型车身、大胆的前脸和独特的车尾设计，展现出无与伦比的动感与力量。@品鉴图库,['法拉利', '法拉利LaFerrari', '超跑']
I01143839,1160匹马力的怪兽,http://wallpaper.cdn.pandora.xiaomi.com/thumbnail/webp/w1080/MiTv/0758c451860fbcd65bac5add6eef5ee883840f8a8,CC00000002,座驾,Valkyrie的半开放式的前后轮造型，以及侧面线条看起来非常复杂。@观车,['阿斯顿·马丁', '超跑', 'Valkyrie']
I01290412,汽车“罢工”的应对方法,http://wallpaper.cdn.pandora.xiaomi.com/thumbnail/webp/w1350/MiTv/0668913660d2a48d38d1f8e22787f995d7f528254,CC00000002,座驾,如果大家平时对汽车电瓶的保养做得不够好，很可能会导致电瓶寿命缩短，甚至跑到一半的时候，汽车因为电瓶亏电而无法启动。在这个时候，车主只要打电话给保险公司就可以了，他们可以提供免费的搭电服务。@锐景,['公路', '速度', '豪华', '奥迪']
I01252666,你也能买起的4款跑车,http://wallpaper.cdn.pandora.xiaomi.com/thumbnail/webp/w1350/MiTv/0301815710ecf4d540b58549c5dbc98eb6f3ff876,CC00000002,座驾,福特野马：外观方面采用的是肌肉车的造型，让整体看起来更加的具有运动感；动力方面，最大马力可以达到550匹动力可谓是相当的充沛。这款车的价格在36万至57万左右，也是比较亲民的，从而赢得了不少年轻消费者的喜爱。@好看,['超跑', '赛道', '福特野马']
I01206750,三缸1700马力的四座超跑,http://wallpaper.cdn.pandora.xiaomi.com/thumbnail/webp/w1080/MiTv/0d09b04ee27484d0108ae204a305cef03f17cb36a,CC00000002,座驾,Gemera的车名融合了瑞典语“ge”和“mera”，意思为“给予更多”，代表这款车能够给用户更多的惊喜。这款车是科尼赛克品牌首款四座车型，也被科尼赛克称为世界上首款Mega-GT车型。官方表示，这款车全球限量300辆。@汽车博览,['豪车', '超跑', '科尼塞格']
I01144252,首款涡轮增压赛车,http://wallpaper.cdn.pandora.xiaomi.com/thumbnail/webp/w1080/MiTv/072c275f2045b44261bd111a214a16d2a721621a5,CC00000002,座驾,相较于458 Challenge EVO车型，488 Challenge凭借较短的齿轮比将出弯加速性能提升了11.6%，优化了车辆在竞赛状态下散热器周围的气流分布情况，同时有效降低了风阻。@观车,['酷炫', '法拉利', '超跑', '小米精选']
I01212762,回头率爆表的陆地飞行器,http://wallpaper.cdn.pandora.xiaomi.com/thumbnail/webp/w1080/MiTv/0c11f84415184420a10ce47beba156eccef3dc523,CC00000002,座驾,凭借更强劲的动力、更轻的车重、更优化的空气动力学和更具创新性的技术，兰博基尼Aventador LP 750-4 S是迄今为止兰博基尼最纯粹的化身：它有着无与伦比的兰博基尼超级跑车基因、超凡的动力性能和卓越的驾驶精度。@有料,['霸气', '酷炫', '兰博基尼', '超跑', '驰骋', '兰博基尼Aventador', '小米精选']
I01144922,赛道专属装备,http://wallpaper.cdn.pandora.xiaomi.com/thumbnail/webp/w1080/MiTv/052c247f2242bd421cbd101a222a17d1a9041a167,CC00000002,座驾,AMR赛道套件包含一整套可提高下压力和降低风阻的车身空力部件。@观车,['阿斯顿·马丁', '超跑', 'Valkyrie']
I01193870,行进的奢华之美,http://wallpaper.cdn.pandora.xiaomi.com/thumbnail/webp/w1080/MiTv/0b9fed46d841f4f562306478237bbb01ceebbd2cb,CC00000002,座驾,魅影的气质与旗舰车型幻影亦或者是古思特不同，魅影在一定程度上弱化了商务气息。作为轿跑的魅影只有两个车门，但还是坚持传统的使用了马车式车门，这种车门的意义在于让乘客下车更加优雅。@有料,['速度', '霸气', '劳斯莱斯', '酷炫', '超跑', '驰骋', '劳斯莱斯魅影']
I01143484,意式狂野风范,http://wallpaper.cdn.pandora.xiaomi.com/thumbnail/webp/w1080/MiTv/0c2c274f2045b442f1bd121a218a16d4a721821a5,CC00000002,座驾,如果说California T的敞篷风格是加州的浪漫风情，那么488 Spider就是亚平宁的意式狂野风范。@观车,['法拉利', '超跑', '法拉利488Spider']
I01206629,车标背后的秘密,http://wallpaper.cdn.pandora.xiaomi.com/thumbnail/webp/w1080/MiTv/0981434eed64f454b0d196d432a4919b90b4c3b34,CC00000002,座驾,保时捷的车标有匹马，其实和车没什么关系。保时捷诞生在斯图加特，当地盛产一种马。为了跟奔驰抢夺斯图加特的注册权，一口气注册了斯图加特所有骏马等标志性的图案。@锐景,['速度', '保时捷', '激情', '豪华', '超跑', '热情']
I01115686,天价超级跑车,http://wallpaper.cdn.pandora.xiaomi.com/thumbnail/webp/w1080/MiTv/05d665bd510e0beef8b04d85023e15a542c413819,CC00000002,座驾,来自意大利的设计公司Icona发布了Vulcano Titanium车型（Titanium即为化学元素“钛”的英文名称），同时还公布了该车的售价为6680万元。@观车,['超跑', 'Vulcano']
I01157727,体验贴地飞行的快感,http://wallpaper.cdn.pandora.xiaomi.com/thumbnail/webp/w1080/MiTv/06e47487c4440e566922f35120e471210f0429b9d,CC00000002,座驾,虽然很长一段时间内这个品牌旗舰GT跑车的名号都被Vanquish霸占，但这并不影响Superleggera的重生。@观车,['阿斯顿·马丁', '超跑']
I01143504,空气动力学新标杆,http://wallpaper.cdn.pandora.xiaomi.com/thumbnail/webp/w1080/MiTv/0e8345cc18fea869b62d0adaa2b0d516ad24056b5,CC00000002,座驾,全新法拉利488 Spider将空气动力学性能系数成功提升至1.53，成为法拉利量产Spider车型的新标杆。@观车,['法拉利', '超跑', '法拉利488Spider']
I01148367,限量32台的跃马,http://wallpaper.cdn.pandora.xiaomi.com/thumbnail/webp/w1080/MiTv/0a8bed580cb8d43d225e2e5cb226c529054707983,CC00000002,座驾,法拉利FXX K全球仅限量发售32台，并且已经全部以220万欧元的售价被LaFerrari VIP车主们预订一空。@观车
,['法拉利', '超跑', '法拉利FXXK ']
I01240999,跑车颜色的秘密,http://wallpaper.cdn.pandora.xiaomi.com/thumbnail/webp/w1080/MiTv/0e288504ed7ef40e880bde5de7b766cc95b408dba,CC00000002,座驾,喜欢蓝色车的人，冷静，分析力强，凡事为人着想，头脑灵活，反应敏捷，但是给人冷漠的感觉。车主可能驾驶技术绝佳，对汽车多有研究，这类人开车喜欢炫耀驾驶技巧。@今日必看,['速度', '超跑', '颜色']
I01157553,完美的兰博基尼灵魂,http://wallpaper.cdn.pandora.xiaomi.com/thumbnail/webp/w1080/MiTv/03002f4d182904a8926191f961e22195ad0bd338f,CC00000002,座驾,兰博基尼坚持着几十年来旗舰车型必须搭载V12的传统，为Aventador准备了一台515kW（700马力）、690N·m的6.5升V12自然吸气发动机。@观车,['兰博基尼', '超跑', '意系车']
I01157554,完美的兰博基尼灵魂,http://wallpaper.cdn.pandora.xiaomi.com/thumbnail/webp/w1080/MiTv/07002f4d182904a8a26192f961c2219dad0bd338f,CC00000002,座驾,0-100公里/小时加速时间2.9秒，用“恐怖”这个词形容它丝毫不过分。极速能够冲击350公里/小时。@观车,['兰博基尼', '超跑', '意系车']
I01158455,法拉利传奇,http://wallpaper.cdn.pandora.xiaomi.com/thumbnail/webp/w1080/MiTv/06e47487c24405566922fe5125e47e21010429b9d,CC00000002,座驾,从1947到今日，这70年法拉利的对手从不是别人，永远都是它自己。@观车,['法拉利', '法拉利458 Speciale', '超跑']
I01157603,英伦浪漫,http://wallpaper.cdn.pandora.xiaomi.com/thumbnail/webp/w1080/MiTv/0c7fc4cca498b4e6c066dec1fe6312bf4c241c73a,CC00000002,座驾,全新一代Vantage把更多注意力转移到了内在的提升，从一个典雅的西装绅士变成了开始疯狂秀肌肉的健美选手。@观车
,['阿斯顿·马丁', '超跑']
I01171722,气势如“蛮牛”,http://wallpaper.cdn.pandora.xiaomi.com/thumbnail/webp/w1080/MiTv/084a341949993e997746bccbc4667b43e4c409fc2,CC00000002,座驾,兰博基尼Huracan Sterrato-offroad沿用了Huracan Evo的5.2升V10发动机，不过ECU进行重新调教，最大马力也从631匹提升至640匹。 @图虫创意,['速度', '兰博基尼', '豪华', '超跑', '驾驶']
I01194962,你最爱哪一辆,http://wallpaper.cdn.pandora.xiaomi.com/thumbnail/webp/w1080/MiTv/0b469c53ead92497420687389ad4d5b37333b002e,CC00000002,座驾,法拉利在2019年销量首次突破一万辆大关，这足以见得跃马受到越来越多驾驶者的关注。@观车,['法拉利', '超跑', '意系车']
I01148000,跃马新境界,http://wallpaper.cdn.pandora.xiaomi.com/thumbnail/webp/w1080/MiTv/028bed580cbed43dc25e2a5cb2e6c52c054757983,CC00000002,座驾,GTC4Lusso T搭载了许多F1车型上的黑科技，例如一字曲轴的V8构造、等长的排气歧管、新型的铝制活塞以及连杆。@观车,['法拉利', '超跑', '法拉利GTC4 Lusso']
I01230577,奔驰E级 优雅与动感并存,http://wallpaper.cdn.pandora.xiaomi.com/thumbnail/webp/w1080/MiTv/0f7ea4be180c4e6318b3286ceb3edf9953641b75e,CC00000002,座驾,新一代奔驰长轴距E级车的设计采用了经典立标与全新盾型的格栅造型，这也是梅赛德斯-奔驰最经典的设计语言。此外，源自迈巴赫S级的贯穿式前包围设计也让豪华感进一步提升。“龙鳞凤羽”样式的尾灯设计采用了与S级轿车相同的数字化点阵设计。@汽车博览,['豪华', '奔驰', '奔驰E级', '轿车']
I01157171,限量200台的AMR,http://wallpaper.cdn.pandora.xiaomi.com/thumbnail/webp/w1080/MiTv/06002f5d182504a8926198f961d2219fad0b1338f,CC00000002,座驾,阿斯顿·马丁全新Vantage AMR全球限量200台，在美国的起售价为184995美元（约合人民币124.54万元）。@观车,['阿斯顿·马丁', '超跑']
I01157555,完美的兰博基尼灵魂,http://wallpaper.cdn.pandora.xiaomi.com/thumbnail/webp/w1080/MiTv/052254b6acf8b0b43025f2348f35ee7c253428f74,CC00000002,座驾,低矮的车身、剪刀门、遍布车身四周的巨大进气口以及玻璃下一览无余的发动机，依旧是兰博基尼Aventador的经典风格。@观车,['兰博基尼', '超跑', '意系车']
I01228130,BBA性能车 巅峰对决,http://wallpaper.cdn.pandora.xiaomi.com/thumbnail/webp/w1080/MiTv/01ee25c6296159a009491c80f3b823e34a9419d95,CC00000002,座驾,奥迪RS 7 Sportback、宝马M8 GranCoupé和梅赛德斯-AMG GT 63 S 这三款高级四门轿车，代表着BBA的三台高端性能车，马力都在600匹以上，它们的百公里加速都在3秒左右。@汽车博览,['宝马', '奥迪', '奔驰AMG GT', '性能车', 'AMG GT 63S', '奥迪RS7', '宝马M850i']
I01216507,这是一款可以合法上路的赛车,http://wallpaper.cdn.pandora.xiaomi.com/thumbnail/webp/w1080/MiTv/0534f478ca5ccf0046534f597cbf55fe1a443e1c2,CC00000002,座驾,限量生产的AMG GT R PRO虽然有着和AMG GT R相同的发动机、变速箱，甚至相同的功率和扭矩数值，但是在纽博格林北环7分04秒的圈速却让它成为了目前AMG最快的量产车。这究竟是施加了什么“魔法”？@汽车博览,['赛车', '超跑', '奔驰', '奔驰AMG GT', '奔驰AMG GT R']
I01157194,限量10辆的法拉利,http://wallpaper.cdn.pandora.xiaomi.com/thumbnail/webp/w1080/MiTv/08225446a3f9b4b4a225f1348f45e77d2b8343c85,CC00000002,座驾,法拉利J50外观造型由法拉利马拉内罗设计中心进行了重新设计，在更加科幻的同时，同时也融入了法拉利经典设计元素。@观车,['法拉利', '超跑']
I01295639,驾驶乐趣 全力迸发,http://wallpaper.cdn.pandora.xiaomi.com/thumbnail/webp/w1350/MiTv/046bdd60760f640df92594f384f26891b996643b4,CC00000002,座驾,全新BMW M4双门轿跑车外观设计更具运动气质，无边框双肾型进气格栅营造强烈的视觉冲击力。简洁的车身线条勾勒出灵动的轮廓，在不经意间迸发强势本色。@锐景,['速度', '创新', '宝马', '超跑']
I01205469,国宝级的超级跑车,http://wallpaper.cdn.pandora.xiaomi.com/thumbnail/webp/w1080/MiTv/0729b5019c6a2e2abfb266ca254fee208d1435be8,CC00000002,座驾,雪佛兰科尔维特系列是通用旗下最高端的超级肌肉跑车品牌，它诞生于1953年，至今共衍生出8代车型。科尔维特是美国国宝级的超级跑车，它特别能体现美国人对于超级肌肉跑车的追求。@锐景,['速度', '超跑', '山川湖泊', '雪佛兰', '锻炼', '高级']
I01175017,性能朝圣之旅,http://wallpaper.cdn.pandora.xiaomi.com/thumbnail/webp/w1080/MiTv/0272fd5b286eb4c0a0a07687ebcc1f8354906b424,CC00000002,座驾,兰博基尼Huracán EVO所搭载的LDVI车辆动态中央控制系统，作为整车的控制单元核心，LDVI系统会针对车辆的各类动态表现进行实时控制。@汽车博览,['速度', '兰博基尼', '豪华', '超跑']
I01212795,向V8致敬,http://wallpaper.cdn.pandora.xiaomi.com/thumbnail/webp/w1080/MiTv/07fdf5c4940ebe64316a427b073c39ebc9e40a2ab,CC00000002,座驾,“Tributo”在意大利语里面的意思是致敬，数字“8”代表的是V8发动机。@观车,['法拉利', '超跑', '意系车']
I01157192,限量10辆的法拉利,http://wallpaper.cdn.pandora.xiaomi.com/thumbnail/webp/w1080/MiTv/052254b6a9f8bab43e25f8348b35e27c283428f74,CC00000002,座驾,法拉利J50所搭载的3.9L双涡轮增压V8发动机的最大功率也上调至690马力。@观车,['法拉利', '超跑']
I01140601,标志性的马丁脸,http://wallpaper.cdn.pandora.xiaomi.com/thumbnail/webp/w1080/MiTv/0ccc2945edd264ac50038c34f6277392bfe63466e,CC00000002,座驾,DBS Superleggera配备碳纤维发动机舱盖，搭配充满力量感的筋线设计，还可以看到Superleggera的LOGO。@观车,['阿斯顿·马丁', '超跑']
I01118875,锦上添花,http://wallpaper.cdn.pandora.xiaomi.com/thumbnail/webp/w1080/MiTv/0fdfe94775ae44e2f086232a3037a1fc8a980855a,CC00000002,座驾,在经过强化之后的MP4-12C 动力有了10%的成长，达到了670匹马力的境界，扭力部分也有了将近12%的进步。@观车,['迈凯伦', '超跑']
I01147990,后重前轻所向披靡,http://wallpaper.cdn.pandora.xiaomi.com/thumbnail/webp/w1080/MiTv/038be55801b4d83d765e2c5cbd76ca2906c42825d,CC00000002,座驾,为进一步提升整车动态性能，法拉利工程师们决定将V8涡轮增压发动机及后轮驱动系统运用于GTC4Lusso T上。@观车,['法拉利', '超跑', '意系车']
I01144253,首款涡轮增压赛车,http://wallpaper.cdn.pandora.xiaomi.com/thumbnail/webp/w1080/MiTv/0358c8418808b4d640ac5fdd680f5ae185f54e8f7,CC00000002,座驾,全新法拉利488 Challenge的前端散热器布局经过全新设计，增加迎风面斜度，打造勇往无前的楔形造型。@观车,['法拉利', '超跑']
I01140728,声色俱佳的跃马,http://wallpaper.cdn.pandora.xiaomi.com/thumbnail/webp/w1080/MiTv/08cc2945eddc64ac70038a34f607739ebfe65466e,CC00000002,座驾,488 GTB配备的这款3902CC动力的部件是跃马家族有史以来性能最高的引擎，具有零涡轮迟滞特性和富有魅力的独特引擎声。@观车,['法拉利', '法拉利488 GTB', '超跑']
I01274596,赛车之父,http://wallpaper.cdn.pandora.xiaomi.com/thumbnail/webp/w1350/MiTv/07c2ee89de498428fa2aa8234bb0c9664a54d5991,CC00000002,座驾,恩佐·法拉利在1947年创办了“法拉利”——举世闻名的赛车和运动跑车的生产厂家，主要制造一级方程式赛车、赛车及高性能跑车。@圈子/BENSON本森超跑俱乐部,['高端', '法拉利', '质感', '车头']
I01037375,无敌是多么寂寞,http://wallpaper.cdn.pandora.xiaomi.com/thumbnail/webp/w1080/MiTv/08961494d1f2cdbd1071bf4bf2eed0bda41404200,CC00000002,座驾,近日，布加迪Chiron创纪录版超跑仅用了42秒不到的时间完成了0到400km/h的加速和400km/h到0的减速。车型外观最大的变化是在前格栅以及车身多处体现了“42”这个数字标识。@视觉中国,['速度', '超跑', '赛道', '布加迪', '布加迪Chiron']
I01371919,极富设计感的跑车,http://wallpaper.cdn.pandora.xiaomi.com/thumbnail/webp/w1350/MiTv/0a2e969d77ecd4d6ba2f3d1e1dae9cb91b970b837,CC00000002,座驾,布加迪Chiron：这款超级跑车代表了极致奢华与性能的完美结合，其动感的外观、大胆的前脸和精湛的工艺，使其成为世界顶级超级跑车的代表。@品鉴图库,['超跑', '布加迪', '布加迪Chiron']
I01148008,宜家宜商的法拉利,http://wallpaper.cdn.pandora.xiaomi.com/thumbnail/webp/w1080/MiTv/0e8bed580cb1d43da25e295cb2f6c52a054707983,CC00000002,座驾,搭载V8双涡轮增压发动机的GTC4Lusso T更像是一辆加长版的California T。@观车,['法拉利', '超跑', '意系车']
I01168835,速度与安全,http://wallpaper.cdn.pandora.xiaomi.com/thumbnail/webp/w1080/MiTv/081404996ab3beb6b4f118ae7d0653eeff2439daa,CC00000002,座驾,十次车祸九次快，这话没错，但更重要的是对车要时刻保持其可控性。也就是说，在任何情况和车速下，你都要保证在突然遇到危险情况时车前要保持有足够的刹车距离。@视觉中国,['速度', '安全', '超跑', '驾驶']
I01201621,这才是男人的终极梦想,http://wallpaper.cdn.pandora.xiaomi.com/thumbnail/webp/w1080/MiTv/0ce5b5062da2bf2d8a6fd4af36a2317fc68433da8,CC00000002,座驾,作为布加迪打造的全新超跑，Divo凭借着犀利的外形以及强大的动力系统，成为了车友们所关注的焦点。从造型来看，变得更加有未来感，车上线条棱角更加分明，细节上更加有层次感，全新设计的大灯都让它变得更加的与众不同。@有料,['速度', '酷炫', '豪华', '超跑', '驰骋', '布加迪', '布加迪威龙', '布加迪Divo', '小米精选']
I01144254,首款涡轮增压赛车,http://wallpaper.cdn.pandora.xiaomi.com/thumbnail/webp/w1080/MiTv/0058c8418808b4d640ac53dd685f5aeb85f5ce8f7,CC00000002,座驾,法拉利488 Challenge将458 Challenge EVO的成绩提升了足足一秒，以1分15.5秒的速度创下费奥拉诺赛道的最快单圈纪录。@观车,['法拉利', '超跑']
I01157212,牧马人的越野绝招,http://wallpaper.cdn.pandora.xiaomi.com/thumbnail/webp/w1080/MiTv/052255b6a5f8bfb43a25f1348d35ec7c2f3428f74,CC00000002,座驾,强劲的低转扭矩、大离地间隙、优良的底盘和的机动性、杰出的涉水能力和轮轴高度差，这五项便是牧马人的越野绝招。@观车,['越野车', 'Jeep', 'Jeep牧马人']
I01260306,六缸才是王道,http://wallpaper.cdn.pandora.xiaomi.com/thumbnail/webp/w1350/MiTv/0fb67eb17456c4f6296c0bb36c8ad605601af556b,CC00000002,座驾,搭载4.0自然吸气的718 GTS对于绝大部分保时捷车迷来说无疑是一个好消息，毕竟绝大部分现款GTS车主都表示虽然这款车动力强劲，但是显然四缸涡轮发动机并不是他们最想要的。@观车,['保时捷', '超跑', '保时捷718 Cayman']
I01157193,限量10辆的法拉利,http://wallpaper.cdn.pandora.xiaomi.com/thumbnail/webp/w1080/MiTv/0f0025dd152003a8bd6195f96d322a93a7842811f,CC00000002,座驾,法拉利J50前保险杠上的横贯式进气格栅非常醒目，再搭配行李厢盖上的碳纤维材质气孔，造型颇为前卫。@观车,['法拉利', '超跑']
I01147987,强上加强的涡轮,http://wallpaper.cdn.pandora.xiaomi.com/thumbnail/webp/w1080/MiTv/0ed3053d74cc2ce8de69743ae7cc5a720744106fe,CC00000002,座驾,自吸并非法拉利的执念，那些被车迷们奉为圣像的288GTO和F40同样配备涡轮增压V8发动机。@观车,['法拉利', '超跑', '意系车']
I01295546,TTRS叫板超跑,http://wallpaper.cdn.pandora.xiaomi.com/thumbnail/webp/w1350/MiTv/0f7985bb1aea642a894511ad000538ee46e76a813,CC00000002,座驾,TT RS拥有7速双离合变速箱和quottro四驱系统的加持，在弹射系统的帮助下可以使其在3500rpm的转速下弹射起步，几乎没有打滑地完成直线加速。@观车,['超跑', '奥迪', '奥迪TT', '奥迪TT RS']
I01144911,来自F1的超级跑车,http://wallpaper.cdn.pandora.xiaomi.com/thumbnail/webp/w1080/MiTv/042c274f2042b442b1bd1a1a211a16dda721f21a5,CC00000002,座驾,Valkyrie还获得了钛制动系统以获得极致的制动力，并且配有哑光黑色镁合金轮毂和专为追踪使用而量身定制的特殊悬挂装置。@观车,['阿斯顿·马丁', '超跑', 'Valkyrie']
I01144255,首款涡轮增压赛车,http://wallpaper.cdn.pandora.xiaomi.com/thumbnail/webp/w1080/MiTv/0758c451880fb5d654ac5add69ef5ae88c840f8a8,CC00000002,座驾,法拉利488 Challenge的造型优化了车辆在竞赛状态下散热器周围的气流分布情况，同时有效降低了风阻。@观车,['法拉利', '超跑']
I01143434,法拉利最强敞篷,http://wallpaper.cdn.pandora.xiaomi.com/thumbnail/webp/w1080/MiTv/052c247f2442bc4212bd181a282a12d1ad041a167,CC00000002,座驾,敞篷跑车488 SPIDER搭载V8发动机，堪称法拉利SPIDER车型迄今为止动力和创新的巅峰之作。@观车,['酷炫', '法拉利', '超跑', '法拉利488Spider', '小米精选']
I01143480,长江后浪推前浪,http://wallpaper.cdn.pandora.xiaomi.com/thumbnail/webp/w1080/MiTv/0e8345cc18feae69b32d0bdaafb0d716ac24056b5,CC00000002,座驾,代号F154的3.9升V8双涡轮增压发动机和458 Spider上那台4.5升V8自然吸气发动机相比，F154动力提升100马力，百公里加速时间缩短至3秒。@观车,['法拉利', '超跑', '法拉利488Spider']
I01130268,山外有山车外有车,http://wallpaper.cdn.pandora.xiaomi.com/thumbnail/webp/w1080/MiTv/097da249a11b9412c1a634569507482eebc97a102,CC00000002,座驾,迈凯伦720S其实已经足够强大，但Novitec还是将4.0T发动机的输出功率增加至794匹，峰值扭矩达到878N·m。@观车,['迈凯伦', '超跑', '迈凯伦720S']
I01158486,法拉利488,http://wallpaper.cdn.pandora.xiaomi.com/thumbnail/webp/w1080/MiTv/09e47d47c04304568222fb512b04792708463e196,CC00000002,座驾,法拉利488 Pista相较于488 GTB足足减重了90kg，整车重量仅为1280kg。@观车,['法拉利', '超跑', '法拉利488 Pista']
I01232009,「T」之舞会 激烈对决,http://wallpaper.cdn.pandora.xiaomi.com/thumbnail/webp/w1080/MiTv/04e674741a9a0369438f36ef50fa54f7089426f8f,CC00000002,座驾,奥迪TT和保时捷718 Cayman很有可能会成为同类产品中的最后一个产品系列。而眼前这辆TTS的最大输出功率306马力，峰值扭矩400牛·米。凭借quattro四驱系统和可选装的运动型轮胎，可在4.8秒内从静止加速到100公里/小时。@汽车博览,['超跑', '奥迪', '奥迪TTS', '奥迪TT']
I01223598,“浮夸”的跑车,http://wallpaper.cdn.pandora.xiaomi.com/thumbnail/webp/w1080/MiTv/0a93d35c7289a450e194bb397ccbc04b245014264,CC00000002,座驾,物以稀为贵，这个从任何角度都能讲得通的理由成为了跑车提升身价的一个重要因素。对于跑车而言，很多都是手工进行打造，而且年产量少的只有几十台几百辆。@锐景,['公路', '速度', '激情', '豪华', '超跑', '手工艺']
I01201620,这才是男人的终极梦想,http://wallpaper.cdn.pandora.xiaomi.com/thumbnail/webp/w1080/MiTv/01c7c4ec577ca34d9136f747d161e71accd43ed2b,CC00000002,座驾,布加迪Chiron Pur Sport是一台驾驶体验非常极致的跑车，为减轻车身重量，在材料、轮胎、配置等各方面下足了功夫，通过减轻车身重量来达到最极致的速度，相信布加迪Chiron是每一个享受在地面飞行快感的用户不可或缺的一台车。@有料,['速度', '酷炫', '超跑', '驰骋', '布加迪', '布加迪威龙', '布加迪Chiron', '小米精选']
I01232155,让您的座驾远离烦恼,http://wallpaper.cdn.pandora.xiaomi.com/thumbnail/webp/w1080/MiTv/02d94419c2b0f8245159f0e3063f9f9ab074286d6,CC00000002,座驾,经历了炎热的夏季，皮椅死角容易滋生不少细菌，怪味道就是从这里发出来的。冬季到了，建议车主及时为皮椅消毒。首先应为汽车内部进行高温消毒，然后为皮椅打上一层皮革保养蜡，防止真皮坐椅出现裂纹。@有料,['速度', '酷炫', '豪华', '超跑', '驰骋', '小米精选']
I01189618,经典中的经典,http://wallpaper.cdn.pandora.xiaomi.com/thumbnail/webp/w1080/MiTv/06bca5f9665a9844dab4c033c9deff0383a42c442,CC00000002,座驾,法拉利458 Speciale A车头侧面新增加了扰流空力套件，它可以梳理车身侧面的气流。@观车,['法拉利', '超跑', '意系车']
I01206630,车标背后的秘密,http://wallpaper.cdn.pandora.xiaomi.com/thumbnail/webp/w1080/MiTv/0be4a75cf026d47f43e290d981639b56547b98917,CC00000002,座驾,法拉利最早的车，并没有马的标志。后来法拉利为了纪念一个牺牲的空军烈士，这个空军在飞机上贴着一个马标，所以法拉利的logo就有了一匹马。@锐景,['历史', '速度', '法拉利', '激情', '豪华', '超跑']
I01111199,641马里邂逅兰博,http://wallpaper.cdn.pandora.xiaomi.com/thumbnail/webp/w1080/MiTv/0cb5804efad1346650d467ca0e4f1673a14fdf3e5,CC00000002,座驾,对于那些喜欢不那么傲慢的Huracán但又想要额外动力的人来说，Ares可以在没有车身套件的情况下提供发动机改装。@观车,['酷炫', '兰博基尼', '超跑', '小米精选']
I01237706,最强V8 岂止于快,http://wallpaper.cdn.pandora.xiaomi.com/thumbnail/webp/w1080/MiTv/06fdfb549e05b464506a447b02cc3ae9cce383ba7,CC00000002,座驾,工程师们将F1赛车上的技术下放到F8 Tributo的身上。F8 Tributo发动机舱罩采用了超轻的Lexan材质制成。@观车,['法拉利', '超跑', '意系车']
I01117855,这才是超跑,http://wallpaper.cdn.pandora.xiaomi.com/thumbnail/webp/w1080/MiTv/0246e045717474112312fa226f69da662a84ce3d0,CC00000002,座驾,Zerouno超跑预计将搭载5.2升自然吸气V10发动机，最大输出功率600马力，最大扭矩560牛米。百公里加速3.2秒，最高时速高达330公里。@观车,['超跑', 'Zerouno']
I01158485,法拉利488,http://wallpaper.cdn.pandora.xiaomi.com/thumbnail/webp/w1080/MiTv/047337451946f46c118d1d5276b41de9715c568d3,CC00000002,座驾,法拉利488 GTB前保险杠造型更加富有力量感，并在前行李厢盖上采用了全新的空气动力学设计。@观车,['法拉利', '法拉利488 GTB', '超跑']
I01111198,641马里邂逅兰博,http://wallpaper.cdn.pandora.xiaomi.com/thumbnail/webp/w1080/MiTv/08de3413a66bdbe534c7755bfdfdf62c04f43dec4,CC00000002,座驾,由于改进了ECU和运动型排气系统的装配，动力加成得以实现，这将让Huracán的0-62英里每小时的时间减少十分之二进入三秒大关。@观车,['兰博基尼', '超跑']
I01220521,雷克萨斯 以GT之名,http://wallpaper.cdn.pandora.xiaomi.com/thumbnail/webp/w1080/MiTv/08aa45e35c706e05a19767186b5fc94e54c43fa9a,CC00000002,座驾,雷克萨斯从制造超级跑车LFA上带来的灵感与经验，显然帮助LC 500h达到了一个更高的高度。当年看起来，雷克萨斯推出LFA是一笔非常亏本的买卖，每一辆LFA的成本都要高于它的售价，采用碳纤维材料的车身等等，都是凝聚了工程师们全部心血。@汽车博览,['雷克萨斯', '超跑', 'GT', '雷克萨斯LC500H']
I01221306,“超级快”的法拉利有多快？,http://wallpaper.cdn.pandora.xiaomi.com/thumbnail/webp/w1080/MiTv/047d7530c2880a8d0384626794889db3e26423585,CC00000002,座驾,不得不说，法拉利在车迷心目中的地位是崇高的而最重要的则是它对速度的追求和对大排量自吸的钻研。那么眼前的这辆812 Superfast，在涡轮增压横行的今天是否依然能够维护住法拉利的尊严？@汽车博览,['法拉利', '超跑', '法拉利812 Superfast']
I01189612,战马狂奔,http://wallpaper.cdn.pandora.xiaomi.com/thumbnail/webp/w1080/MiTv/0e469533e9d329973f0684389a04dfb07da422a5c,CC00000002,座驾,法拉利F12 TDF的造型设计由法拉利造型中心与宾尼法利纳联手打造。@观车,['法拉利', '超跑', '意系车']
I01213809,超乎你的想象,http://wallpaper.cdn.pandora.xiaomi.com/thumbnail/webp/w1080/MiTv/070604d7f5ee40b2c9ffea1d0b02d6ec4d842fcd2,CC00000002,座驾,兰博基尼Gallardo“越野”是一款由专人改装的拉力赛车，这辆车就像一件艺术品。它的车身比以往抬高了几英寸，轮胎也换成了越野套件。同事，它还配备了车顶架和LED灯条，这让整个车造型变得朋克十足。@好看,['暗色调', '赛车', '兰博基尼', '科技感', '未来感']
I01218671,兰博基尼的“身世”,http://wallpaper.cdn.pandora.xiaomi.com/thumbnail/webp/w1080/MiTv/0f3e5159ccb9a45471b1c25548d46c0a3713864f8,CC00000002,座驾,恩佐法拉利“迫使”兰博基尼开始汽车研发。当时，兰博基尼本人对法拉利汽车的抱怨很深，兰博基尼称法拉利离合总成的配件简直是“垃圾”，而恩佐则反斥兰博基尼应专心生产拖拉机，汽车的事你不懂也不要掺合，显然兰博基尼视为了挑战。@有料,['速度', '霸气', '酷炫', '兰博基尼', '超跑', '驰骋', '小米精选']
I01158458,法拉利传奇,http://wallpaper.cdn.pandora.xiaomi.com/thumbnail/webp/w1080/MiTv/07e47d47c04204567222f6512b84792508460e196,CC00000002,座驾,不单单看加速时间以及赛道圈速，在命名方式上不断变大的数字也在昭示着法拉利在日益强大。@观车,['法拉利', '法拉利458 Speciale', '超跑']
I01261776,移动的幻影宫殿,http://wallpaper.cdn.pandora.xiaomi.com/thumbnail/webp/w1350/MiTv/0845b14a708e242d998cb63cce66897c7f47d632b,CC00000002,座驾,从第一代起，幻影便以傲视群雄的姿态屹立于车坛，近一个世纪之后，幻影已经发展至第八代，并不断续写着“世界上最好的汽车”传奇。@观车,['劳斯莱斯', '豪车', '劳斯莱斯幻影']
I01144903,阿斯顿马丁再创神奇跑车,http://wallpaper.cdn.pandora.xiaomi.com/thumbnail/webp/w1080/MiTv/0b83455c12f8a469402d0fdaa6c0db1dacebab65e,CC00000002,座驾,虽然阿斯顿·马丁仍然很委婉地把Valkyrie称为“超级跑车”，但是这个机械怪物无论从概念或是技术角度，都远超出了supercar的范畴，而这一切竟然还没有结束，全新阿斯顿·马丁AM-RB 003发布了。@观车,['酷炫', '阿斯顿·马丁', '超跑', 'Valkyrie', '小米精选']
I01111200,641马里邂逅兰博,http://wallpaper.cdn.pandora.xiaomi.com/thumbnail/webp/w1080/MiTv/05b5841ef1d43666fcd461ca0fff1a73ada40ee60,CC00000002,座驾,对于那些想要完整包装的人来说，一辆完全改装的汽车需要259000英镑。这比Huracán的价值高出72240英镑 ，这与全新的991保时捷911 Carrera价格差不多。@观车,['兰博基尼', '超跑']
I01265099,终极超跑布加迪,http://wallpaper.cdn.pandora.xiaomi.com/thumbnail/webp/w1350/MiTv/01ea6ffbcfe0d4822b9a11deb68e47eb683dd60b2,CC00000002,座驾,限量16台的布加迪Chiron Pur Sport基于Chiron打造，设计上延续家族化的设计和8.0升16缸的超级动力，前脸中网上硕大的16字样代表着这台车为W16阵营的成员。@观车,['超跑', '布加迪', '布加迪Chiron']
I01143486,意式狂野风范,http://wallpaper.cdn.pandora.xiaomi.com/thumbnail/webp/w1080/MiTv/0e8345cc18fead69b12d06daa6b0d816a424056b5,CC00000002,座驾,法拉利488 Spider其较以往Spider车型提升了9%的动力表现足以轻松驾驭最具挑战的道路，也充分提升了在极限驾驶过程中的舒适感。@观车,['法拉利', '超跑', '法拉利488Spider']
I01290397,几种常见的汽车谎言,http://wallpaper.cdn.pandora.xiaomi.com/thumbnail/webp/w1350/MiTv/09164a1ab2a7a48c7a2bf771577d0ef231f59bf0c,CC00000002,座驾,在雪地上驾车一定要全轮驱动是一个常见的汽车谣言，很多人都觉得没有全轮驱动在冬天就没法过，但实际上全轮驱动只能帮你加加速，稳稳手，并不能帮你在把持不住的时候停下来。所以，冬季还是靠轮胎比较实在。@品鉴图库,['酷炫', '豪车', '驰骋', '高级', '小米精选']
I01158459,法拉利传奇,http://wallpaper.cdn.pandora.xiaomi.com/thumbnail/webp/w1080/MiTv/037334151645f06ccf8d1f527e641fe871941d6d7,CC00000002,座驾,458 ltalia是法拉利迄今为止最经典的一款中置V8运动级法拉利，也是最后一代自然吸气的V8车型。@观车,['法拉利', '超跑', '法拉利458Italia']
I01220432,艺术品一般的布加迪,http://wallpaper.cdn.pandora.xiaomi.com/thumbnail/webp/w1080/MiTv/01422655e088444970cf06d448fa1c163fec315c4,CC00000002,座驾,布加迪车是古典老式车中保有量最多的汽车之一，以布加迪为品牌的车型在世界多个著名汽车博物馆中可以看到。艺术品般车身的布加迪不仅造型新颖、流畅，而且性能上乘，直至发动机的配置都独具特色。@锐景,['速度', '豪车', '激情', '艺术品', '超跑']
I01239514,为何高速看不到跑车？,http://wallpaper.cdn.pandora.xiaomi.com/thumbnail/webp/w1080/MiTv/0e288404ef7efe0e850bd55defb76ecc96b408dba,CC00000002,座驾,跑车的空间小又矮，坐在车里驾驶，不易查看周围的路况，一旦不注意的话，很有可能会与大货车发生碰撞事故，而且由于内部空间非常小，车主蜷缩在车里边，时间长了腰酸背疼。@今日必看,['速度', '豪华', '超跑']
I01287685,汽车的几个致命盲区,http://wallpaper.cdn.pandora.xiaomi.com/thumbnail/webp/w1350/MiTv/0d7525a3af46c41fcb2a2cce3950f433362320586,CC00000002,座驾,车尾盲区的面积要比车头盲区的面积大，一般后备箱后面的区域我们是基本上是看不见的。因此在倒车的时候我们一定要事先下车检查一下汽车后方到底有没有人，在确保安全的情况下再倒车。@品鉴图库,['酷炫', '豪车', '驰骋', '高级']
I01305260,男生心中的梦想之车,http://wallpaper.cdn.pandora.xiaomi.com/thumbnail/webp/w1350/MiTv/06c18f404e43f42fe8e3559d9e4a96486bc305ec6,CC00000002,座驾,F458首次在2009年法兰克福车展上公开，2010年开始在全球发售，曾多次在007电影中客串演出。无论是在公路还是赛道上，F458都能在瞬间反应每一次驾驶指令，即使在极端环境下也能带来顺畅的驾驭体验，达到人车合一的境界。@锐景,['公路', '清新自然', '山坡', '法拉利', '超跑']
I01157752,极致轻量化,http://wallpaper.cdn.pandora.xiaomi.com/thumbnail/webp/w1080/MiTv/02e47d47c0450456a222f2512bc479240846ce196,CC00000002,座驾,既然在轻量化方面下了功夫，那么空气动力学套件当然也得跟上，风刃二代空气套件在下压力和稳定性方面相比之前的产品提升了不少。@观车,['阿斯顿·马丁', '超跑']
I01158477,法拉利的秘密,http://wallpaper.cdn.pandora.xiaomi.com/thumbnail/webp/w1080/MiTv/06e47d47c0430456b222f5512bb4792708468e196,CC00000002,座驾,法拉利·恩佐的口头禅是着名的：“总是卖一辆低于市场需求的汽车，并保持价值。”@观车,['法拉利', '法拉利488 GTB', '超跑']
I01193872,行进的奢华之美,http://wallpaper.cdn.pandora.xiaomi.com/thumbnail/webp/w1080/MiTv/0804144dce2c7a5957a4dd1b104aeff35ac41147b,CC00000002,座驾,劳斯莱斯古思特的特点是：富有动感而又不失平稳，采用先进技术但又简约而富有魅力。古思特经典的车身与车轮2:1高度比例体现了纯正的劳斯莱斯血统。极具雕塑感的LED车灯，独具特色的轮毂，精妙融合的棱角与曲线，时刻散发出果敢风采。@有料,['霸气', '劳斯莱斯', '酷炫', '超跑', '驰骋']
I01286272,劳斯莱斯Adamas,http://wallpaper.cdn.pandora.xiaomi.com/thumbnail/webp/w1350/MiTv/084051303e4124699aebe0fe73eaae740418ce361,CC00000002,座驾,劳斯莱斯的Adamas系列相比Black Badge系列更加高端，Adamas一词源于古希腊，寓意“最坚硬的钻石”。该系列车型全球限量40台魅影和30台曜影。@观车,['劳斯莱斯', '豪车', '豪华', '劳斯莱斯魅影', '小米精选']
I01125632,碳纤维加持,http://wallpaper.cdn.pandora.xiaomi.com/thumbnail/webp/w1080/MiTv/02d78259a5c9949b11d753eb69e7a73d8de1cfd51,CC00000002,座驾,高端车辆外观打造专家Mansory发布一辆碳纤维饰件的兰博基尼Aventador LP700-4，这是世界上第一款针对LP700的碳纤维饰件。@观车,['兰博基尼', '超跑']
I01147972,舒适与力量刚柔并济,http://wallpaper.cdn.pandora.xiaomi.com/thumbnail/webp/w1080/MiTv/038be5580eb4d93d7f5e235cb676ce2903c42825d,CC00000002,座驾,全新GTC4Lusso T搭载了荣获“2016年国际最佳发动机”大奖的最新款V8涡轮增压发动机。@观车,['法拉利', '超跑', '法拉利GTC4 Lusso']
I01157588,小众超跑代表作,http://wallpaper.cdn.pandora.xiaomi.com/thumbnail/webp/w1080/MiTv/02002f5d182804a8526191f961322194ad0b6338f,CC00000002,座驾,Marussia B1简洁的发动机罩被夹在两侧隆起的轮拱之间，三角形的三角形头灯紧贴着轮拱的切线。@观车,['俄罗斯', '超跑', 'Marussia']
I01158443,阿斯顿·马丁旗舰级,http://wallpaper.cdn.pandora.xiaomi.com/thumbnail/webp/w1080/MiTv/0c7337451947f46ca18d175276341de4715cc68d3,CC00000002,座驾,就像DB9一样，Vanquish的名字已经彻底挥手告别，取而代之的是DBS Superleggera。@观车,['阿斯顿·马丁', '超跑']
I01148384,有钱难买的收藏车,http://wallpaper.cdn.pandora.xiaomi.com/thumbnail/webp/w1080/MiTv/0ed3053d72cc23e8db69763ae2cc59720f44106fe,CC00000002,座驾,LaFerrari Aperta的外观造型保留了硬顶版本的基本特征。当车门完全打开时，LaFerrari Aperta的车门所处的角度与硬顶版的车门略有不同，这也是两款车型唯一的显著区别。@观车,['酷炫', '法拉利', '法拉利LaFerrari', '超跑', '法拉利Aperta', '小米精选']
I01126044,碳纤维超级“大牛”,http://wallpaper.cdn.pandora.xiaomi.com/thumbnail/webp/w1080/MiTv/01a8f40df7ad9a496803e18df994564fb1443dc5d,CC00000002,座驾,经过Mansory的空力套件加持，就算时速355km/h的高速巡航驾驶也不会感觉到车身严重漂浮。@观车,['兰博基尼', '超跑']
I01133431,把竞争对手抛到身后,http://wallpaper.cdn.pandora.xiaomi.com/thumbnail/webp/w1080/MiTv/0c29f64c94205447c33466b3f2846bf53a862b136,CC00000002,座驾,Novitec令720S搭载4.0公升V8双涡轮增压发动机就由原来710匹增加至794匹，峰扭770N·m一下子去到878N·m。@观车,['迈凯伦', '超跑']
I01293523,是汽车还是艺术品？,http://wallpaper.cdn.pandora.xiaomi.com/thumbnail/webp/w1350/MiTv/02d29aca71c4f4ea7891d2477cb08912a6f53ec45,CC00000002,座驾,这是Boat Tail双门跑车限量3辆中的第2辆，车主并没有隐藏自己的身份，于是在2022年的意大利埃斯特庄园古董车展上，向世人揭开了这辆车的面纱。@观车,['劳斯莱斯', '豪车', '英系车']
I01151734,全能GT的本领,http://wallpaper.cdn.pandora.xiaomi.com/thumbnail/webp/w1080/MiTv/0c7fc5ccad98b6e6c966d2c1ff6315bf43241c73a,CC00000002,座驾,在GTC4Lusso的车内，无论前后排，都拥有充沛的地方让你放下水杯、手机或是钱包。@观车,['法拉利', '超跑', '法拉利GTC4 Lusso']
I01157721,登上GT跑车王座,http://wallpaper.cdn.pandora.xiaomi.com/thumbnail/webp/w1080/MiTv/052255b6a8f8bfb43925f0348035e37c2a3428f74,CC00000002,座驾,DBS Superleggera的副车名不是第一次出现在阿斯顿·马丁的车系命名中。在DB4、DB5和DB6上，你都能看到“Superleggera”的标识。@观车,['阿斯顿·马丁', '超跑']
I01143804,贴地飞行的法拉利,http://wallpaper.cdn.pandora.xiaomi.com/thumbnail/webp/w1080/MiTv/052c247f2542b4421dbd121a222a15d1a2041a167,CC00000002,座驾,如果说之前的488 GTB在弯道中像一把轻盈的宝剑，那么现在的488 Pista简直就是一把锋利的匕首。@观车,['法拉利', '超跑', '法拉利488Spider']
I01158456,法拉利传奇,http://wallpaper.cdn.pandora.xiaomi.com/thumbnail/webp/w1080/MiTv/06e47487c24406566b22f35125e47421050429b9d,CC00000002,座驾,这70年来，法拉利一直试图干掉自己，所以一天比一天更加强大，变成了一面代表跑车界最高水准的旗帜。@观车,['法拉利', '法拉利458 Speciale', '超跑']
I01158444,阿斯顿·马丁旗舰级,http://wallpaper.cdn.pandora.xiaomi.com/thumbnail/webp/w1080/MiTv/0f7337451947f46cb18d195276d41de8715cc68d3,CC00000002,座驾,阿斯顿·马丁DBS Superleggera是首辆采前置引擎后轮驱动的Super GT跑车。@观车,['阿斯顿·马丁', '超跑']
I01371970,纯电超跑新秀,http://wallpaper.cdn.pandora.xiaomi.com/thumbnail/webp/w1350/MiTv/0b8d90325dbac4ccc99eb08d518e420c136f6b953,CC00000002,座驾,在前不久的纽约车展上，Deus Automobiles展示了自2020年成立以来的首款量产作品——Deus Vayanne，凭借2200马力的动力一举击败路特斯Evijaa等一众强手，登上“最大马力量产车”的宝座。@品鉴图库,['超跑', '电动汽车', '硬顶跑车']
I01217411,劳斯莱斯 雪地“漂移”,http://wallpaper.cdn.pandora.xiaomi.com/thumbnail/webp/w1080/MiTv/0bbdc3463a0764d8f2c4d5d49100e893408a10b0e,CC00000002,座驾,只有劳斯莱斯Black Badge车型上，你才会见到暗黑风格的“欢庆女神”，迷人而又充满神秘感。尽管车外温度已经达到冰点，她仍然保持着极为优雅的姿势，在风中展开双翼，道路两旁各种如画的挪威风景从眼前不停掠过：木屋点缀的森林、木屋环绕的湖水、与湖相邻的森林。@汽车博览,['劳斯莱斯', '豪车', 'SUV', '劳斯莱斯Cullinan']
I01295623,超跑界王者F8,http://wallpaper.cdn.pandora.xiaomi.com/thumbnail/webp/w1350/MiTv/0458c93ac0d1b4d1093d78ec0cd799a6043a7564a,CC00000002,座驾,自从458车型后，法拉利就和宾利法里纳设计公司终止合作，488 GTB的设计饱受外界批评，F8 Tribuno的造型并没有大的突破，但对于空气动力学的应用证明了法拉利设计中心拥有不俗的设计能力。@观车,['法拉利', '超跑']
I01126028,更强大的兰博基尼,http://wallpaper.cdn.pandora.xiaomi.com/thumbnail/webp/w1080/MiTv/08a8fd4df4a694496303ec8dfce45549b0d6a9fd1,CC00000002,座驾,经过Mansory改装后的兰博基尼Aventador有更夸张的空力套件包围，侧裙也换上肌肉线条更明显的改装套件。@观车,['兰博基尼', '超跑']
I01133430,把竞争对手抛到身后,http://wallpaper.cdn.pandora.xiaomi.com/thumbnail/webp/w1080/MiTv/0629f4ac90285b47623464b3f8b460f13344332b6,CC00000002,座驾,这家德国改装公司决定推出一辆几乎可以把所有竞争对手都抛在身后的汽车，而迈凯伦720S是他们的最佳选择。@观车,['迈凯伦', '超跑']
I01293673,动感与美感兼具的跑车,http://wallpaper.cdn.pandora.xiaomi.com/thumbnail/webp/w1350/MiTv/0944d4c806b6c42b2b9689c3aca20c1e32b6ead3c,CC00000002,座驾,跑车一般为双门设计，车身较低、造型流畅，有着比较强烈的运动感，座椅为双座或2+2式设计，与其他级别车型区别比较明显的是，跑车的发动机可以有前置、中置和后置三种形式。@圈子,['炫酷', '超跑']
I01212761,回头率爆表的陆地飞行器,http://wallpaper.cdn.pandora.xiaomi.com/thumbnail/webp/w1080/MiTv/0c81435eed68f454d0d19ed432b4919a90b483b34,CC00000002,座驾,保时捷718 Spyder/Cayman GT4是一辆令人非常愉悦的车型。所有的常用设备都未缺席，你甚至可能忘记这是一辆GT跑车。当你启动六缸发动机，平顺的运转和排气或许无法点燃你的激情，虽然很难立即喜欢上它，但这并不妨碍你坠入爱河。@有料,['霸气', '酷炫', '保时捷', '超跑', '驰骋', '保时捷718', '小米精选']
I01212791,488GTB接任者,http://wallpaper.cdn.pandora.xiaomi.com/thumbnail/webp/w1080/MiTv/07fdf5c4940eb764396a417b0c3c36ebc5e40a2ab,CC00000002,座驾,F8 Tributo与前辈488GTB颇为相似，但全新的空气动力套件使其战斗气息更为浓厚。@观车,['法拉利', '超跑', '意系车']
I01158475,法拉利的秘密,http://wallpaper.cdn.pandora.xiaomi.com/thumbnail/webp/w1080/MiTv/017337451946f46c218d195276341de7715cf68d3,CC00000002,座驾,法拉利赛车和公路车都只在马拉内罗建造，法拉利就像葡萄酒; 如果你将工厂搬到另一个地方，你就无法建造法拉利。@观车,['法拉利', '超跑']
I01148388,全球最贵的量产新车,http://wallpaper.cdn.pandora.xiaomi.com/thumbnail/webp/w1080/MiTv/0cd30e5d74c224e841697e3ae60c5f7903cd8c20e,CC00000002,座驾,LaFerrari Aperta沿用了LaFerrari车型的混合动力总成，使用一台输出功率为800马力的V12发动机与一台120千瓦的电动机组合。@观车
,['法拉利', '法拉利LaFerrari', '超跑', '法拉利Aperta']
I01157736,阿斯顿·马丁之精神,http://wallpaper.cdn.pandora.xiaomi.com/thumbnail/webp/w1080/MiTv/09e47d47c04404563222f6512b8479230846ce196,CC00000002,座驾,Bang&Olufsen的Hi-Fi音响系统是中国区车型的特别标配，此举也可以看做是阿斯顿·马丁对于中国消费者的重视。@观车,['阿斯顿·马丁', '超跑']
I01148009,宜家宜商的法拉利,http://wallpaper.cdn.pandora.xiaomi.com/thumbnail/webp/w1080/MiTv/0ed3053d77cc27e8dc69743aebcc53720a44106fe,CC00000002,座驾,V8双涡轮增压发动机除了可以爆发出610ps的马力，百公里加速度达到3.5秒之外，缸数的减少还带来了更好的燃油经济性。@观车,['法拉利', '超跑', '意系车']
I01157608,英式超跑新时代,http://wallpaper.cdn.pandora.xiaomi.com/thumbnail/webp/w1080/MiTv/0f0025dd19200ca8b96197f96e322093ab842811f,CC00000002,座驾,Vantage超纤细型LED前后大灯带来出众的视觉效果，提升了新车的辨识度。@观车,['阿斯顿·马丁', '超跑', 'Vantage']
I01158445,阿斯顿·马丁旗舰级,http://wallpaper.cdn.pandora.xiaomi.com/thumbnail/webp/w1080/MiTv/06e47487c04409566822f5512ee478210c0429b9d,CC00000002,座驾,作为旗舰级GT跑车，DBS Superleggera整体设计相比DB11特点更为鲜明。@观车,['阿斯顿·马丁', '超跑']
I01232157,让您的座驾远离烦恼,http://wallpaper.cdn.pandora.xiaomi.com/thumbnail/webp/w1080/MiTv/077eae4e1602446341b32b6ce7aed59b5bc1f39bf,CC00000002,座驾,随时注意检查轮胎。轮胎到了冬季橡胶会变硬而相对脆，磨擦系数会降低，轮胎气压不可太高，但是更不可过低，外部气温低，轮胎气压过低，软胎严重可加速老化，并且加剧轮胎跟地面的接触，会加速摩擦，降低轮胎寿命。@有料,['速度', '酷炫', '豪华', '超跑', '驰骋', '小米精选']
I01218670,兰博基尼的“身世”,http://wallpaper.cdn.pandora.xiaomi.com/thumbnail/webp/w1080/MiTv/083e5579c9b1a65431b1cb5546646d0439c41f8c1,CC00000002,座驾,在法拉利盛行的年代，兰博基尼的创始人只是一家拖拉机公司的土豪大老板，某一天，这位土豪发现自己天价购买的法拉利居然跟自家的拖拉机用的同一款变速箱，找恩佐沟通失败后，铆足决心，斥巨资自己造超跑。@有料,['速度', '霸气', '酷炫', '兰博基尼', '超跑', '驰骋', '兰博基尼Huracan', '小米精选']
I01222630,奔驰190SL 经典传奇敞篷,http://wallpaper.cdn.pandora.xiaomi.com/thumbnail/webp/w1080/MiTv/09abb51bc1d54b40d04eb63c28f54fa60bf4104eb,CC00000002,座驾,作为奔驰旗下的敞篷跑车，SL级固然不会令车迷们陌生。奔驰SL级诞生于1952年，“SL”是“Sport”和“Light”的缩写，即“运动”和“轻量化”。在诞生之初，奔驰SL其实是完全为了赛道所打造的跑车。而奔驰190SL就是奔驰在上世纪5、60年代叱咤风云的敞篷跑车。@图虫创意,['超跑', '奔驰', '老爷车', '敞篷跑车', '奔驰190SL']
I01284015,为何跑车的轮胎比较薄,http://wallpaper.cdn.pandora.xiaomi.com/thumbnail/webp/w1350/MiTv/0fdd4c839a9df4a998f08a3c0444d0170019a92dd,CC00000002,座驾,因为随着动力输出的增大，需要更多的抓地力来应对扭力输出，以轮胎“些微”的接地面积下，只能通过加宽轮胎宽度来提升总抓地力，而胎宽增加又不能一成不变的使用“较为舒适”的扁平率，要维持视觉的协调和减重，只能缩减扁平率。@有料,['速度', '酷炫', '超跑', '驰骋', '四门跑车', '硬顶跑车']
I01157593,战斗民族超级跑车,http://wallpaper.cdn.pandora.xiaomi.com/thumbnail/webp/w1080/MiTv/0d225456a3fdb4b4c225f8348f55e7722b8333c85,CC00000002,座驾,Marussia B2采用汽油机+电动混动，这种搭配是目前各大超跑厂家都在跟进的主流方案。@观车,['俄罗斯', '超跑', 'Marussia']
I01157133,Huracan归来,http://wallpaper.cdn.pandora.xiaomi.com/thumbnail/webp/w1080/MiTv/06002f4d182b04a8126194f961622195ad0b7338f,CC00000002,座驾,兰博基尼Gallardo自2003年问世，到2013年已经“服役”10年的它最终宣布停产，Huracan成为Gallardo的继承者。@观车,['兰博基尼', '超跑', '意系车']
I01290386,劳斯莱斯古思特车型,http://wallpaper.cdn.pandora.xiaomi.com/thumbnail/webp/w1350/MiTv/0fbc0edff8bfc4e0e81c7fff9e28673283af93d6f,CC00000002,座驾,作为首款永久性的Bespoke高级定制车型——2016年，劳斯莱斯汽车以魅影和古思特开启了Black Badge系列，掀起一股奢侈品领域的变革潮流，该系列车型占劳斯莱斯全球定制需求的27%以上。@米拍,['劳斯莱斯', '豪华', '车头']
I01040386,空中出租车,http://wallpaper.cdn.pandora.xiaomi.com/thumbnail/webp/w1080/MiTv/03239848fbb5f4d400950619ccd394627835d5020,CC00000002,座驾,俄罗斯公司Hoversurf推出飞行汽车，这款汽车名为“Formula Project”，为五座可升降空中出租车，装有52个微型涡轮推进器，可同直升机一样升入空中。@视觉中国,['飞机', '高科技', '飞行']
I01148010,宜家宜商的法拉利,http://wallpaper.cdn.pandora.xiaomi.com/thumbnail/webp/w1080/MiTv/06d30e5d74c524e801697d3ae67c5f7803cd2c20e,CC00000002,座驾,工程师们将F1的差异化牵引和扭矩电子优化技术综合运用到驱动轮的内部和外部，提升了后轮驱动在行车时的质感。@观车,['法拉利', '超跑', '法拉利GTC4 Lusso']
I01215366,你要的梦想座驾在这里,http://wallpaper.cdn.pandora.xiaomi.com/thumbnail/webp/w1080/MiTv/0d3e5159ccbea45431b1c85548446c0f3713764f8,CC00000002,座驾,兰博基尼总是和疯狂，犀利这些词汇联系到一起，而Urus还让我们看到了兰博基尼安静祥和的一面。这台车的外观依旧透露着兰博基尼的元素，锋利的前脸，Y字形的日行灯和尾灯，犀利的腰线以及22寸的超大轮毂搭配440毫米碳陶瓷刹车盘，都可以让人感受到它的凶猛。@有料,['速度', '酷炫', '兰博基尼', '豪华', 'SUV', '超跑', '驰骋', '兰博基尼Urus']
I01265136,真正的以父之名,http://wallpaper.cdn.pandora.xiaomi.com/thumbnail/webp/w1350/MiTv/0fe05a842ed9a409298920ea6013437cac45a77cb,CC00000002,座驾,科尼赛克于日内瓦车展正式发表全新车型Jesko，这辆车的名字来自科尼赛克创始人的父亲，这位伟大的父亲在公司始创发展阶段发挥了关键作用。Jesko在外形设计上延续科尼赛克风格，这辆Jesko被漆成唐橙珍珠色，配以银色和碳纤维点缀，这是对早期科尼赛克CCR原始色系的致敬。@观车,['酷炫', '超跑', '科尼塞格', '小米精选']
I01040387,空中出租车,http://wallpaper.cdn.pandora.xiaomi.com/thumbnail/webp/w1080/MiTv/04239848fbb5f4d410950619cc139462783515020,CC00000002,座驾,这款汽车的飞行翼为可折叠式，方便停靠普通车位。Hoversurf公司表示，推出这款飞行汽车旨在实现“人人能飞行”、“不受交通堵塞和红绿灯影响”的目标。@视觉中国,['飞机', '道路', '高科技', '飞行']
I01157619,俄罗斯怪杰跑车,http://wallpaper.cdn.pandora.xiaomi.com/thumbnail/webp/w1080/MiTv/05002f5d182804a8726198f961e2219dad0b4338f,CC00000002,座驾,Marussia全系标配3.5T V6双涡轮增压发动机，全车走的是轻量化路线路线，整车重量只有1110kg。@观车,['俄罗斯', '超跑', 'Marussia']
I01212764,回头率爆表的陆地飞行器,http://wallpaper.cdn.pandora.xiaomi.com/thumbnail/webp/w1080/MiTv/0311f4e4181f4a203e0cef7beec15ce5cf5412b68,CC00000002,座驾,法拉利F430是法拉利的入门级跑车，是上一代入门跑车法拉利360的后继车型，也是法拉利最“平民化”的一款跑车。虽说是入门级，但是它沿用了许多F1赛车的技术，性能仍然很卓越，外形也是相当的有震撼力。@有料,['霸气', '酷炫', '法拉利', '超跑', '驰骋', '小米精选']
I01158446,阿斯顿·马丁旗舰级,http://wallpaper.cdn.pandora.xiaomi.com/thumbnail/webp/w1080/MiTv/04e47d47c0400456a222fb512b54792708466e196,CC00000002,座驾,与其他阿斯顿·马丁车型相比，DBS Superleggera的尾灯纤细，运动设计独特，并采用C形LED图案。@观车,['阿斯顿·马丁', '超跑']
I01148004,更食人间烟火,http://wallpaper.cdn.pandora.xiaomi.com/thumbnail/webp/w1080/MiTv/03d30e5d74c424e88169763ae6dc5f7303cd2c20e,CC00000002,座驾,豪华的GTC4Lusso T比以往的法拉利更食人间烟火，法拉利也坚持让它在超级跑车的基础上，变得更实用。@观车,['法拉利', '超跑', '意系车']
I01147988,强上加强的涡轮,http://wallpaper.cdn.pandora.xiaomi.com/thumbnail/webp/w1080/MiTv/038be5580eb4dd3d7e5e235cb176cd290cc42825d,CC00000002,座驾,V8双涡轮增压发动机更充盈的扭矩爆发，GTC4Lusso T比这款2+2猎装车的前身法拉利FF要快0.2秒。@观车,['法拉利', '超跑', '法拉利GTC4 Lusso']
I01286309,男人最浪漫的“礼物”,http://wallpaper.cdn.pandora.xiaomi.com/thumbnail/webp/w1350/MiTv/0e89dcf058ffb47e793a29e14d75c4108767cac75,CC00000002,座驾,无论你懂车与否，当提到跑车，首先想到的自然是保时捷911，目前保时捷911的Carrera、S和GTS车型继续搭载3.0t不同功率的发动机，各款的动力相较于之前都有了很大的提升。@锐景,['大气', '迷人', '炫酷', '保时捷911', '昏暗']
I01139436,这“牛”要飞,http://wallpaper.cdn.pandora.xiaomi.com/thumbnail/webp/w1080/MiTv/0f47a590eb179f235824a6788f4f395f02c41b9be,CC00000002,座驾,改装版的Huracan悬架方面换装了Novitec出品的运动弹簧，车身的高度上进一步降低了35mm。@观车,['兰博基尼', '超跑', '兰博基尼Huracan']
I01371973,DB11继任者,http://wallpaper.cdn.pandora.xiaomi.com/thumbnail/webp/w1350/MiTv/01eb8910c12f74520bc2d9a8f92b994ceeb9d3455,CC00000002,座驾,日前，阿斯顿马丁正式发布了全新跑车DB12，作为DB11车型的继任者，不仅完美地继承了DB11的优美线条，还在此基础上刻画出了更加精致的细节，新的前保险杠搭配更大的进气格栅，让DB12找回了DB11上缺乏的力量感。@品鉴图库,['阿斯顿·马丁', '超跑', '汽车品牌', '硬顶跑车']
I01175025,最昂贵的奢侈品,http://wallpaper.cdn.pandora.xiaomi.com/thumbnail/webp/w1080/MiTv/0e6a149ad26c028162722717d236fc3723f40454c,CC00000002,座驾,布加迪La Voiture Noire的尾部设计则更加的“简单粗暴”，新车采用贯穿式的尾灯，尾灯线条依据外凸式后轮拱的走势整体形成一道优雅的曲线。@图虫创意,['速度', '酷炫', '豪华', '超跑', '布加迪', '工艺', '小米精选']
I01151705,焕然一新的超凡体验,http://wallpaper.cdn.pandora.xiaomi.com/thumbnail/webp/w1080/MiTv/06ee975fa40884e47221405e2afa2977bc67b941f,CC00000002,座驾,法拉利GTC4LUSSO跑车搭载新款V12发动机，跑车具有强劲动力、精致奢华，极富运动特性。@观车,['法拉利', '超跑', '法拉利GTC4 Lusso']
I01158462,真正的西装暴徒,http://wallpaper.cdn.pandora.xiaomi.com/thumbnail/webp/w1080/MiTv/06e47487c3440e566122f9512ae47421050429b9d,CC00000002,座驾,阿斯顿·马丁在DB4、DB5、DB6这三代DB车系中都推出过 Superleggera 的版本，无一不是经典佳作。@观车,['阿斯顿·马丁', '超跑']
I01144909,来自F1的超级跑车,http://wallpaper.cdn.pandora.xiaomi.com/thumbnail/webp/w1080/MiTv/0583455c12f9a469902d01daa6a0db1aacebfb65e,CC00000002,座驾,AMR 赛道套件包含一套用以更换的碳纤维前导流器和车身覆盖件，前者可进一步提升车头的下压力。@观车,['阿斯顿·马丁', '超跑', 'Valkyrie']
I01265079,法拉利的“跃马”传奇,http://wallpaper.cdn.pandora.xiaomi.com/thumbnail/webp/w1350/MiTv/0ff445e232b1b48839682482b5e45211ec36019a6,CC00000002,座驾,法拉利新车预计将于今年年底或明年年初正式发布。动力方面，新车仍将搭载2.9T双涡轮增压V6发动机，与电动机共同构成全新动力系统。据外媒曝光，新车将采用带有电子操作倾斜机构的硬顶，而不是织物车顶。@锐景,['创新', '法拉利', '豪华', '超跑', '驾驶']
I01144260,比极致更极致,http://wallpaper.cdn.pandora.xiaomi.com/thumbnail/webp/w1080/MiTv/0158c8418808b4d630ac5cdd68cf5ae185f5ee8f7,CC00000002,座驾,F12tdf拥有精确空气动力设计的车身底板还采用了三对从GT赛车中引入的侧列板，与F12berlinetta相比，可额外增加30%的下压力。@观车,['法拉利', '超跑', '法拉利F12 tdf']
I01212814,买二手车要注意什么,http://wallpaper.cdn.pandora.xiaomi.com/thumbnail/webp/w1080/MiTv/070604d7faee45b2c8ffe91d0502d8ec45842fcd2,CC00000002,座驾,不管是买新车还是二手车，试车这个环节肯定少不了。你可以驾车开出去溜一圈，看看是否有方向盘跑偏，过颠簸路面的时候车辆有异响，或是底盘会松散等一些问题。@锐景,['公路', '速度', '激情', '豪华', '超跑', '山川']
I01274598,追求实用的保时捷,http://wallpaper.cdn.pandora.xiaomi.com/thumbnail/webp/w1350/MiTv/0854aa1d904c64f97aa90994ac79cda022985148d,CC00000002,座驾,对于汽车制造，费迪南德·保时捷的信条是“设计应该是实用的，这种实用是不需要向消费者灌输思想，让人一看便知的。”@圈子/BENSON本森超跑俱乐部,['室内', '高端', '保时捷', '风格', '质感']
I01125634,碳纤维加持,http://wallpaper.cdn.pandora.xiaomi.com/thumbnail/webp/w1080/MiTv/0217859ed0d375488f409e6367dcc50b0cd433452,CC00000002,座驾,瞧瞧那外星科技一般的轮毂吧，当6.5升V12发动机中的754马力传递到它们上面的时候，它们将会切开空气，一往无前。@观车,['兰博基尼', '超跑']
I01143482,长江后浪推前浪,http://wallpaper.cdn.pandora.xiaomi.com/thumbnail/webp/w1080/MiTv/052c247f2542b14217bd161a2f2a16d1ad041a167,CC00000002,座驾,为了改善488 Spider在敞篷状态下的舒适性，法拉利在座椅靠背之间布设了一块电动升降玻璃，以充当挡风板的作用。@观车,['法拉利', '超跑', '法拉利488Spider']
I01274586,法拉利Roma,http://wallpaper.cdn.pandora.xiaomi.com/thumbnail/webp/w1350/MiTv/0c2ccadca6b3241bd83b1eb8f1e0ff5052275477b,CC00000002,座驾,据悉，法拉利Roma的灵感来自于1950-1960年的罗马生活方式，无忧无虑，自在洒脱。@圈子/BENSON本森超跑俱乐部,['室内', '法拉利', '质感', '品质', '车头']
I01239515,为何高速看不到跑车？,http://wallpaper.cdn.pandora.xiaomi.com/thumbnail/webp/w1080/MiTv/0bdd8537fea2868ffb2769021579dcc602042316b,CC00000002,座驾,一般跑车的油耗是非常高的，毕竟它的动力性能是非常出色，车主选择跑高速肯定是要长途行驶，如果说开跑车长途行驶的话，那么油耗是非常高的。@今日必看,['速度', '豪华', '超跑']
I01294118,汽车发动机机油的作用,http://wallpaper.cdn.pandora.xiaomi.com/thumbnail/webp/w1350/MiTv/0b527b8f6e09147ff9c282243aa5e17bd0856173c,CC00000002,座驾,冷却降温：带走零部件热量，辅助发动机散热；密封防漏：形成油膜层，防止废气窜入曲轴箱；防锈防蚀：防止燃烧产生的水、酸引起的锈蚀。@品鉴图库,['赛车', '超跑', '轿车']
I01116736,置于完美之上,http://wallpaper.cdn.pandora.xiaomi.com/thumbnail/webp/w1080/MiTv/05aaf9585e74d443a14a90463b03389da826e11cf,CC00000002,座驾,若你以为美国的Hennessey只不过是一间小型车厂那就大错特错了，Hennessey其实是一家实力雄厚的改装商，来自大英帝国的迈凯伦MP4-12C终于成为Hennessey的猎物。@观车,['迈凯伦', '超跑']
I01157737,阿斯顿·马丁之精神,http://wallpaper.cdn.pandora.xiaomi.com/thumbnail/webp/w1080/MiTv/0de47d47c04404564222f7512b94792a08468e196,CC00000002,座驾,DBS Superleggera除了拥有造型更别致的前挡泥板通风口，还安装了从F1上获取灵感研发出来的双扩散器。@观车,['阿斯顿·马丁', '超跑']
I01130270,山外有山车外有车,http://wallpaper.cdn.pandora.xiaomi.com/thumbnail/webp/w1080/MiTv/070214a4d33fb9d14c8202c63e33a09272a410acc,CC00000002,座驾,迈凯伦720S改装延伸至三级发动机转换程序，最高可达806hp，还有运动型排气系统，碳纤维空气动力学部件可选。@观车,['迈凯伦', '超跑', '迈凯伦720S']
I01265078,法拉利的“跃马”传奇,http://wallpaper.cdn.pandora.xiaomi.com/thumbnail/webp/w1350/MiTv/03555e611cc614e98966e4142094e1935f242c5e3,CC00000002,座驾,自1947年创立以来，法拉利汽车公司就在赛车、运动跑车的历史上画上浓墨重彩的一笔。在法拉利漫长而又灿烂的发展史中，为我们留下了许多经典又难忘的车型。而创始人恩佐·法拉利对赛车事业的狂热，也值得被世人铭记。@锐景,['速度', '法拉利', '豪华', '超跑', '驾驶']
I01189594,跑车凭什么这么贵,http://wallpaper.cdn.pandora.xiaomi.com/thumbnail/webp/w1080/MiTv/029f725b6f42d46891f2266d04182f79d3f66b3c9,CC00000002,座驾,Huracan的实用性是兰博基尼前所未有的。众所周知，购买跑车的人，绝大多数只是开车溜街，所以炫酷比性能重要。但要知道，Huracán Performante在Aventador SVJ出现之前，它可是名副其实的纽约量产车圈速榜第一。@有料,['速度', '炫酷', '兰博基尼', '超跑', '驰骋', '性能', '性能车', '兰博基尼Huracan', '小米精选']
I01212813,买二手车要注意什么,http://wallpaper.cdn.pandora.xiaomi.com/thumbnail/webp/w1080/MiTv/071c64a491f46c66a9cdc7c608adc80563441c099,CC00000002,座驾,现在出现了许多二手车平台，虽然这些平台都说自己多少项检测，保证无事故、无泡水等等，但是在买二手车的时候，不管你在哪买，都要以看到的实际车况为准，不要盲目下单哦！@锐景,['公路', '速度', '豪华', '超跑', '雪佛兰']
I01293536,夏季用车常识,http://wallpaper.cdn.pandora.xiaomi.com/thumbnail/webp/w1350/MiTv/0e5ea1473a04c448688bd843f28e395a2dbf19475,CC00000002,座驾,台风暴雨天不建议行车，如果遇到路面积水漫过半个轮胎，能绕则绕，此时的积水很有可能导致车辆熄火。淌过浅水不要换挡，不要收油门，保持匀速。如果遭遇熄火，应在保证自身安全的前提下下车寻找救援。@有料,['公路', '豪车', '炫酷', '酷帅']
I01157225,911的前世今生,http://wallpaper.cdn.pandora.xiaomi.com/thumbnail/webp/w1080/MiTv/052255b6a5f8b7b43a25f4348d35e67c2a3428f74,CC00000002,座驾,从1963年诞生以来，共经历了七代车型，作为中后置引擎跑车的代表，911已经给几代人带来了深远的影响。@观车,['保时捷', '超跑', '保时捷911']
I01134286,难以被驯服的美感,http://wallpaper.cdn.pandora.xiaomi.com/thumbnail/webp/w1080/MiTv/0829f64c94285447c3346cb3f2146bf83a862b136,CC00000002,座驾,全新阿斯顿·马丁Vantage明快的线条和极具立体感的造型呈现一种难以被驯服的美感。@观车,['阿斯顿·马丁', '超跑']
I01140606,DBS重新上位,http://wallpaper.cdn.pandora.xiaomi.com/thumbnail/webp/w1080/MiTv/0ccc2945edd364ac80038434f6977398bfe62466e,CC00000002,座驾,阿斯顿·马丁一开始给人的感觉或许不够威也不够猛，但除了马力、速度与科技，精致、细腻与品味也可以是超跑的选项之一。@观车,['阿斯顿·马丁', '超跑']
I01125636,碳纤维加持,http://wallpaper.cdn.pandora.xiaomi.com/thumbnail/webp/w1080/MiTv/0217859ed0d3754880409b6365dccd0b06d433452,CC00000002,座驾,车尾下端同样满布碳纤维，竖列四把风刀与LP700激进的车身造型搭配得当。@观车,['兰博基尼', '超跑']
I01125618,碳纤维兰博基尼,http://wallpaper.cdn.pandora.xiaomi.com/thumbnail/webp/w1080/MiTv/0217859ed0d37d488240926361dcc60b08d433452,CC00000002,座驾,“卖炭翁”Mansory始终就是一边用漆黑一片的碳纤维低调着，又一边做出一些惊为天人的作品。@观车,['兰博基尼', '超跑']
I01274591,你不知道的兰博基尼,http://wallpaper.cdn.pandora.xiaomi.com/thumbnail/webp/w1350/MiTv/0cdb6b20c1d1c45aab3fd5fb7b88ea290958ddccb,CC00000002,座驾,费鲁齐欧·兰博基尼制造了一系列的拖拉机、燃油燃烧器及空调系统，从而为自己的品牌树立了声望，并于1963年在意大利Sant 'Agata 成立了自己的车厂。@圈子/BENSON本森超跑俱乐部,['兰博基尼', '科技感', '质感', '高级']
I01147964,有参与感的跃马,http://wallpaper.cdn.pandora.xiaomi.com/thumbnail/webp/w1080/MiTv/0bd30e5d74c724e821697b3ae6dc5f7a03cd1c20e,CC00000002,座驾,GTC4Lusso T是“猎装”双门跑车的优化版，以极简锥形重新诠释“猎装车”概念，打造出斜背式车顶轮廓。@观车,['法拉利', '超跑', '意系车']
I01274595,赛车之父,http://wallpaper.cdn.pandora.xiaomi.com/thumbnail/webp/w1350/MiTv/04acd314d15c44e099eb827c34f5baf00efcdc4d9,CC00000002,座驾,在恩佐·法拉利的一生中，他赢得了14次勒芒24小时耐力赛冠军和9次F1总冠军。他的名字已经成为世界上最具声望的一个高性能赛车品牌。@圈子/BENSON本森超跑俱乐部,['室内', '法拉利', '质感', '高级']
I01133432,把竞争对手抛在身后,http://wallpaper.cdn.pandora.xiaomi.com/thumbnail/webp/w1080/MiTv/0229f64c94205447d33467b3f2046bfc3a863b136,CC00000002,座驾,Novitec推出的空气动力学套件包括前照灯插入件，带有更明显唇部的全宽前扰流板，侧翼和更长的进气口环绕，以改善冲压空气的通道。@观车,['迈凯伦', '超跑']
I01142405,超级快的法拉利,http://wallpaper.cdn.pandora.xiaomi.com/thumbnail/webp/w1080/MiTv/0e8344cc1cfea269b62d00daa3b0de16a424056b5,CC00000002,座驾,812 Superfast的尾翼通过扰流板充分增加了下压力，车翼的设计缩短了车尾的视觉效果。@观车,['法拉利', '超跑', '法拉利812 Superfast']
I01257734,超级越野硬汉,http://wallpaper.cdn.pandora.xiaomi.com/thumbnail/webp/w1350/MiTv/00d7b9478ff8d43b306b164e2290429b78a8ae5cb,CC00000002,座驾,奔驰的工程师想要征服地球上的所有路面，因此G500 4x4²轮距增加了30公分，导致车身宽达2米1，从而侧倾稳定角达到了30度，同时超大接近角和离去角征服山路不在话下。@观车,['越野车', 'SUV', '奔驰', '德系车', '奔驰G系']
I01143500,与众不同的声浪,http://wallpaper.cdn.pandora.xiaomi.com/thumbnail/webp/w1080/MiTv/0e83455c12f8a469a02d0cdaa660db1caceb7b65e,CC00000002,座驾,法拉利488 Spider的空气动力柱负责掌控迎面而来的强大气流，将其向车头平面的纵向与横向分流。@观车,['法拉利', '超跑', '法拉利488Spider']
I01268659,大众集团三剑客,http://wallpaper.cdn.pandora.xiaomi.com/thumbnail/webp/w1350/MiTv/0f8addcae509a4718b3e86b0cf379ac574adf479e,CC00000002,座驾,保时捷曾一度手持大众71.4%的股份，距离收购大众只差4.6%一步之遥，但因为经济危机，2012年7月，大众汽车出资44.6亿欧元认购剩下的50.1%的保时捷股权，完成100%控股保时捷。@观车,['保时捷', '超跑', '保时捷911']
I01212803,超跑也适合旅行,http://wallpaper.cdn.pandora.xiaomi.com/thumbnail/webp/w1080/MiTv/011c695494fa646641cdc5c6009dc9056a4aca5c7,CC00000002,座驾,迈凯伦GT，驾乘舒适马力强劲是其最大特点，结合最高 612 匹的马力输出，非常适合那些不想坐私人飞机，只想亲自开一辆好车周游世界细细品味各地民俗风情的土豪所拥有。@好看,['海岸', '高端', '迈凯伦']
I01257741,型以致用的蛮牛,http://wallpaper.cdn.pandora.xiaomi.com/thumbnail/webp/w1350/MiTv/0bd7b48788fade3b806b174e2be0409576f40c229,CC00000002,座驾,相比Aventador，Aventador SVJ拥有更加夸张的空气动力学套件，对进气口和气流通道设计进行优化，前保险杠上也能看到明显的两个开孔，以获得最大的下压力。@观车,['兰博基尼', '超跑', '兰博基尼Aventador']
I01158141,这也许是离你最近的超跑,http://wallpaper.cdn.pandora.xiaomi.com/thumbnail/webp/w1080/MiTv/037334151645fb6ccb8d165270641be875941d6d7,CC00000002,座驾,Vantage的车身长、宽与高，只有4465mm、1942mm与1273mm而已，比对手车型都更为灵活、紧凑。@观车,['阿斯顿·马丁', '超跑', '小米精选']
I01157621,俄罗斯怪杰跑车,http://wallpaper.cdn.pandora.xiaomi.com/thumbnail/webp/w1080/MiTv/02002f5d182904a892619ff961122195ad0bc338f,CC00000002,座驾,Marussia发动机来自雷诺日产公司，最大功率179kW，这辆车35%的元件将由俄罗斯本国提供。@观车,['俄罗斯', '超跑', 'Marussia']
I01157134,Huracan归来,http://wallpaper.cdn.pandora.xiaomi.com/thumbnail/webp/w1080/MiTv/0f002f4d182804a8726190f961222195ad0b7338f,CC00000002,座驾,Huracan采用了全新的5.2L V10自然吸气发动机，全新的V10发动机0-100km/h加速仅需3.2秒。@观车,['兰博基尼', '超跑', '意系车']
I01272749,灵感源自航空飞行器,http://wallpaper.cdn.pandora.xiaomi.com/thumbnail/webp/w1350/MiTv/0138034984ad846df8f624289a3ee2b7d5d00c047,CC00000002,座驾,福特GT绝佳的水滴式体身造型灵感源自航空飞行器，低斜式前风挡令驾驶视角得到显著提升，每一处倾角和造型的设计都充分考虑了尽可能降低空气阻力并优化车辆的下压力。@观车,['福特', '超跑', '福特GT']
I01174354,梦想跑车R8,http://wallpaper.cdn.pandora.xiaomi.com/thumbnail/webp/w1080/MiTv/0243a5f6f98830d0a2f3bc2bb32c5a120c0429feb,CC00000002,座驾,中置V10实际上是原R8的残留物，然而奥迪的第二代超级跑车采用更轻的铝制底盘，从整体的质量上减少了15％，因此在赛道上感觉更加强劲。@有料,['硬朗', '流线型', '超跑', '奥迪', '奥迪R8']
I01148358,法拉利旗舰跑车,http://wallpaper.cdn.pandora.xiaomi.com/thumbnail/webp/w1080/MiTv/038be5580ab4d93d725e2d5cb776c8290dc42825d,CC00000002,座驾,与F1单座赛车一样，LaFerrari的底盘完全由法拉利在马拉内罗总部工厂自行建造而成，采用法拉利车队的材料和生产工艺。@观车,['法拉利', '法拉利LaFerrari', '超跑']
I01144924,赛道专属装备,http://wallpaper.cdn.pandora.xiaomi.com/thumbnail/webp/w1080/MiTv/052c247f2242bf421ebd181a242a1ad1a0041a167,CC00000002,座驾,购买AMR赛道套件的车主会获得一个完整的标淮版Valkyrie车身外观部件，这意味着车主还是可以开著Valkyrie合法上路行驶。@观车,['阿斯顿·马丁', '超跑', 'Valkyrie']
I01270538,勒芒超级赛车,http://wallpaper.cdn.pandora.xiaomi.com/thumbnail/webp/w1350/MiTv/0a7dd489165ee4aabaa4ce8f7dbccdd69cb572b62,CC00000002,座驾,这辆车不仅仅只是带有新尾翼的普通Valkyrie，该车采用了改良的碳纤维底盘，轴距增加了380毫米，车辆的前轮距也宽了96毫米，而后轮距宽了115毫米。@观车,['赛车', '阿斯顿·马丁', '超跑', 'Valkyrie']
