I01212707,你家衣柜啥样的？这种衣柜很实用！,http://wallpaper.cdn.pandora.xiaomi.com/thumbnail/webp/w1080/MiTv/0d11f85415124420410ce17beb0156eacef38c523,CC01000014,家居,定制衣柜的隔板与柜体并不像手工打制衣柜那样用钉子固定，因此，当用户的实际需求发生变化时，可以根据需要增加或减少隔板。除了隔板外，定制衣柜还有抽屉、裤架等配件，设计师用户生活习惯将不同配件组合起来，充分体现柜体储物功能的多样化。@视觉中国,['衣柜', '品质', '定制']
I01203040,家里有没有必要装浴缸？,http://wallpaper.cdn.pandora.xiaomi.com/thumbnail/webp/w1080/MiTv/020ec5ed97df01ef9c5888bf51bf07dd97641ebcf,CC01000014,家居,在家里装浴缸确实是爱泡澡人的福音。适当的泡澡确实对于人们放松自己、护理皮肤有着好处，而且外面的浴室总是不是让人很放心，所以如果真的是爱泡澡的话，那么可以考虑在自家的浴室里面装一个浴缸。@视觉中国,['家居风格', '浴缸', '淋浴', '享受']
I01213904,让出租房也充满情调，你觉得好吗？,http://wallpaper.cdn.pandora.xiaomi.com/thumbnail/webp/w1080/MiTv/0f94df4830f6442a011e174fe18842e3a87098eaa,CC01000014,家居,不管是想把房子装得简单或是豪华，基础装修是少不了的，同时在进行这部分的装饰时，不要怕花钱，，千万不能偷梁换柱或者是以次充好。因为一但基础装修没有过关，那么这个房子隔三差五就可能会出现问题，这样以后就会造成更多的麻烦。@视觉中国,['装饰', '装饰品', '装修', '情调', '风格']
I01209171,“它”是床的伴侣，你选对了吗？,http://wallpaper.cdn.pandora.xiaomi.com/thumbnail/webp/w1080/MiTv/07fdf4c49e0eba64356a437b083c3aebc5e40a2ab,CC01000014,家居,宽度。为了摆放美观，床头柜的宽度一般要根据床的宽度来确定，是床的宽度的三分之一左右比较好。@视觉中国,['装饰', '装饰品', '床头柜', '装修', '收纳']
I01206135,别太油腻了，厨房需要常清洁！,http://wallpaper.cdn.pandora.xiaomi.com/thumbnail/webp/w1080/MiTv/0bca85483bf0ae1e539fcf0493336f3f4cf418705,CC01000014,家居,厨房永远是油烟的集中地，就算多高大上的设备都无法完全吸附所有油烟，还是需要我们自己来进行清洁，把柠檬或是橘子的皮，放入水中煮沸，待到水冷却后用布蘸湿，就可以轻松擦洗煤气炉、燃气炉上的污垢。@视觉中国,['家居风格', '厨房', '风格', '油烟机']
I01208600,这样的家居设计才叫“顶级”,http://wallpaper.cdn.pandora.xiaomi.com/thumbnail/webp/w1080/MiTv/021c694494fc646651cdc9c6001dc9086a4aea5c7,CC01000014,家居,意大利家居品牌B&B Italia在2020年推出了三个新的户外系列，通过打开三个不同的互补世界来补充其产品系列。我们面临着三位无可争议的国际设计大师的工作，他们体现了三种独特的产品设计方法。@图虫创意,['家居风格', '设计感', '北欧风', 'B&B Italia']
I01205596,小空间收纳该怎么做？,http://wallpaper.cdn.pandora.xiaomi.com/thumbnail/webp/w1080/MiTv/0bca844839f0aa1e5e9fce049e336b3f42f418705,CC01000014,家居,我们的空间当中肯定都会有一些角落的空间，这些空间不去利用就会感到空荡荡的感觉，那么我们还不如把它打造成收纳空间，合理利用起来存储一些东西，这样就会让小户型的空间也能够宽敞起来，是个非常不错的收纳空间。@视觉中国,['家居风格', '装修', '收纳', '风格']
I01207790,坐在这里看外面，假装很“小资”,http://wallpaper.cdn.pandora.xiaomi.com/thumbnail/webp/w1080/MiTv/0509b05ee27d84d0a08aef04a365cef23f170b36a,CC01000014,家居,聪明的主人可以自己动手，只要留够足够支撑飘窗台面的混凝土部分，余下的空间可以做成一到两个大大的抽屉，不是常用的小东西，通通装进去，突然间，家里变得清爽宜人，生活也变得简单快乐了。@视觉中国,['家居风格', '阳台', '飘窗', '装修', '风格']
I01219661,这堵墙，是你最“常”看的地方！,http://wallpaper.cdn.pandora.xiaomi.com/thumbnail/webp/w1080/MiTv/066531584cc4a42182cb590bdd1b3d2b66666342a,CC01000014,家居,对于大户型家庭来说，电视墙在装修中占据相当重要的地位，可以弥补客厅中墙面空旷的问题，一举打破室内墙面的单调枯燥，让客厅变得生动有趣。@视觉中国,['墙壁', '家居风格', '装饰', '电视', '装饰品', '装修']
I01207371,选门，你是凭感觉吗？,http://wallpaper.cdn.pandora.xiaomi.com/thumbnail/webp/w1080/MiTv/05d3185ea95984ce62aa44820d8e8c5bd4321010a,CC01000014,家居,门闪闪亮更有个性？一些消费者，为了配合具有个性的家装，特地选择颜色鲜艳、高亮度的门，但其实这样有可能对人体不利。长期生活在鲜艳夺目的色彩中容易让人视觉疲劳，导致神 经功能、体温、血压等失调。@视觉中国,['家居风格', '房门', '装修', '设计', '风格']
I01196209,如何让家居高级感飙升,http://wallpaper.cdn.pandora.xiaomi.com/thumbnail/webp/w1080/MiTv/08d634b59be36abcaf3359a2b77c17ab6a440831d,CC01000014,家居,想要通过家居空间来展现自己的独特品味和内涵，可以试试换上高级感的挂画。艺术的世界，也可以幻化出独特的韵味。挂画可以牵引出无限思绪，留给人无限的想象空间，可以根据自己家装风格来进行不同的搭配。@有料,['陶罐', '钟表', '高级感']
I01213237,清凉家居打造计划,http://wallpaper.cdn.pandora.xiaomi.com/thumbnail/webp/w1080/MiTv/0311f84415124420510ce07beb2156e0cef31c523,CC01000014,家居,原木色和白色显然是夏季家居不可缺少的颜色，这样的颜色本身就代表着简单和自然。身处于这样的环境中，每一次呼吸都能够嗅到自然的香甜。@拍信创意,['家居风格', '靠枕']
I01201343,你知道鞋柜有多重要吗？,http://wallpaper.cdn.pandora.xiaomi.com/thumbnail/webp/w1080/MiTv/0578c52c71030df55b38c422850caf4f56942d36f,CC01000014,家居,进门鞋柜作为家居的第一道风景，需要保持干净整洁，同时各类物品的放置也需井然有序。比较大众化的两款鞋柜，区域分化明显，简洁并且一目了然。@视觉中国,['家居风格', '收纳', '鞋柜', '便利']
I01259051,让民宿有家的感觉,http://wallpaper.cdn.pandora.xiaomi.com/thumbnail/webp/w1350/MiTv/00ad117ecb64441edae30532f1af1a0073d67de21,CC01000014,家居,原木是温暖家居必不可少的一个元素，搭配一些绿植小物，既是民宿，也能让你在感受特色的同时找到家的温馨。干净清爽又亲近自然，这样的“家”足够美了！@锐景,['清新自然', '惬意', '原木', '设计', '家装']
I01221310,糖果色家居 元气每一天,http://wallpaper.cdn.pandora.xiaomi.com/thumbnail/webp/w1080/MiTv/027d7550c682048dd2846f67958898b9e38068334,CC01000014,家居,除了仪式感，生活也需要注入一点新鲜色彩。糖果色家居越来越受到年轻朋友们的欢迎，这不但是生活方式的一种创意尝试，更是让生活充满活力和朝气的方式。@图虫创意,['家居风格', '清新自然', '北欧风', '糖果色']
I01213905,让出租房也充满情调，你觉得好吗？,http://wallpaper.cdn.pandora.xiaomi.com/thumbnail/webp/w1080/MiTv/0894df4830f6442a211e1e4fe19842eda87068eaa,CC01000014,家居,在完成基础装饰后，接下来就要进行软装的部分了，其实软装是十分关键的，它决定着房子在租客心中的第一印象。同时软装相对来说也是比较简单的。一般来说，可以在家里摆放一些必备的家具，比如书床具、沙发、茶几、餐桌和电视柜以及其它家具等等。@视觉中国,['装饰', '装饰品', '装修', '情调', '风格']
I01209172,“它”是床的伴侣，你选对了吗？,http://wallpaper.cdn.pandora.xiaomi.com/thumbnail/webp/w1080/MiTv/08fdfb449e0eb464a06a427b022c3aeccce383ba7,CC01000014,家居,无异味。床头柜要摆放在我们床的旁边，床头柜的质量会直接影响到我们的身体健康，所以在挑选床头柜的时候一定要没有异味。@视觉中国,['装饰', '装饰品', '床头柜', '大床', '装修']
I01207791,家居也要“慢生活”,http://wallpaper.cdn.pandora.xiaomi.com/thumbnail/webp/w1080/MiTv/0a09b5feed718ad07b8ae804aab5caf33c24063e0,CC01000014,家居,如果客厅的沙发位已经足够了，飘窗台则可以做成一个小小的娱乐室。这听起来仿佛有点不可思议，但你想想，只要一张四方小茶几和两个塌塌米圆垫子，喝茶下棋聊天都有了好去处。@视觉中国,['家居风格', '阳台', '飘窗', '装修', '风格', '小米精选']
I01229170,黄河边上宿集里的故事,http://wallpaper.cdn.pandora.xiaomi.com/thumbnail/webp/w1080/MiTv/0f84424c9716847803c9220d3deee28617512ea5e,CC01000014,家居,黄河宿集以“家”模式接待着每位旅者，民宿共有四栋客房，每栋都有自己的厨房、客厅、院落。设计师将这打造为一个独特、认真生活的家。作品为《南岸 公共空间》。@ArtTouch /黄河宿集,['设计师', '设计', '民宿', '黄河']
I01183457,提升生活品质的镜子,http://wallpaper.cdn.pandora.xiaomi.com/thumbnail/webp/w1080/MiTv/0e4b9579440f2a26e2e188b3949a80d7a6641b621,CC01000014,家居,在客厅放置镜子不仅能让客厅明亮不少，而且从镜子中看到的画面更是别有一番趣味。@视觉中国
,['镜子', '整洁', '柜子', '盆栽']
I01049727,北欧风家居长这样,http://wallpaper.cdn.pandora.xiaomi.com/thumbnail/webp/w1080/MiTv/0aa3054d88cb74b99388726d85e196f3bcf2427dd,CC01000014,家居,提到北欧风格，许多人第一反应就是“高冷”，亦或简洁的灰白色调、干净利落的线条。其实，这些绝不是北欧设计的全部。@图虫创意,['皮草', '蜡烛', '情调', '北欧风', '小米精选']
I01078514,紫色家居,http://wallpaper.cdn.pandora.xiaomi.com/thumbnail/webp/w1080/MiTv/0989d50599047cb6978e376fb8db5730f2f4283d0,CC01000014,家居,紫色给人留下的温润和幽香记忆，紫色系同样给人慵懒美好的视觉感悟。@图虫创意,['家居风格', '蜡烛', '紫色', '温润']
I01206136,别太油腻了，厨房需要常清洁！,http://wallpaper.cdn.pandora.xiaomi.com/thumbnail/webp/w1080/MiTv/01ca85583ffba41ef19fcd049743603c440583f8b,CC01000014,家居,灶台后面瓷砖和瓷砖接缝处可以涂抹蜡烛，之所以要涂抹蜡烛，是因为蜡烛表面光滑，即使有油污沾染在上面，只要轻轻一擦就干净了。以后再清洗，只要用洗涤剂擦洗就可以了，一劳永逸，简单易行。@视觉中国,['家居风格', '厨房', '装修', '风格', '油烟机']
I01225857,买二手房 当心这些“坑”,http://wallpaper.cdn.pandora.xiaomi.com/thumbnail/webp/w1080/MiTv/06708511d6d9bdd92a3cd69551a4de1f3d54104ce,CC01000014,家居,可巡视墙壁有无异常龟裂，若有梁柱或墙面有45度裂缝都属于结构安全问题，最好请专家鉴定，还要检视地板有否倾斜。@视觉中国,['枕头', '家居风格', '床铺', '灯具', '装修', '家装']
I01191399,卧室灯具如何布置？,http://wallpaper.cdn.pandora.xiaomi.com/thumbnail/webp/w1080/MiTv/0be824dd7a73f413c16b1dc2cbc5014cd81410e07,CC01000014,家居,台灯可以说是卧室照明不可或缺的灯具之一，它最好放在卧室的床头伸手可及的地方，以便于卧室主人在床上阅读。@视觉中国,['枕头', '台灯', '家居风格', '床铺', '灯具', '装修', '家装']
I01256059,花艺丰富生活,http://wallpaper.cdn.pandora.xiaomi.com/thumbnail/webp/w1350/MiTv/04636dc7eddd549c7b8cec33a18c9f8b994ec24f3,CC01000014,家居,小型盆栽流行的现代，玻璃容器无疑是最佳的植物花盆，多变的造型及清透的特点，让绿植盆栽的质感更往上提升，而且还能组合多种植物、小石头，形成一个“微型花园”，小巧又精致，无论是挂着、摆着都非常好看。@品鉴阅读,['家居风格', '清新自然']
I01209884,别等装好再后悔，洗漱台要选对！,http://wallpaper.cdn.pandora.xiaomi.com/thumbnail/webp/w1080/MiTv/0ee5c147baa0d403c306bbb304957c615c383bff4,CC01000014,家居,台下盆的优点就是易清洁，而且不会卫生死角，这对辛苦的妈妈来说是件多么幸福的一件事，所以一般女性当家做的家庭都会选择台下盆。台下盆由于和台面一体连接，整体效果比台上盆的要美观。@视觉中国,['家居风格', '洗漱台', '卫生间', '装修', '风格']
I01203041,家里有没有必要装浴缸？,http://wallpaper.cdn.pandora.xiaomi.com/thumbnail/webp/w1080/MiTv/020ec5ed97df01ef965882bf5dbf08dd96641ebcf,CC01000014,家居,浴缸的用处也不小。比如说很多人会用浴缸来给孩子洗衣服，也会用浴缸洗上一些比较大件的例如毛毯、羽绒服之类的东西，因为洗衣机的容量有限，所以在浴缸中清洗大件物品就会很方便。@视觉中国,['家居风格', '浴缸', '淋浴', '享受']
I01087083,如何让花瓶成为风景线,http://wallpaper.cdn.pandora.xiaomi.com/thumbnail/webp/w1080/MiTv/0e57346e6aef6fda3a23a0472608d17e3bd42a814,CC01000014,家居,花瓶的应用为日常的家居摆设增添不凡的魅力。根据家居的整体风格与色系选择花瓶的色彩，材质以及陈列方式。花瓶的摆放应讲究与周围环境的协调融合，其质感、色彩的变化对室内整体的环境，起着重要的作用。@视觉中国,['家居风格']
I01219662,这堵墙，是你最“常”看的地方！,http://wallpaper.cdn.pandora.xiaomi.com/thumbnail/webp/w1080/MiTv/0a65356844c6a92163cb540bd23b3a2464c422dd1,CC01000014,家居,电视墙可以通过背景的粉刷、灯光以及材质变化，来调节色调，防止长时间看电视灼伤眼睛，具有保护眼睛的作用。@视觉中国,['墙壁', '装饰', '电视', '装饰品', '装修', '背景墙']
I01176031,你的卧室是什么风格？,http://wallpaper.cdn.pandora.xiaomi.com/thumbnail/webp/w1080/MiTv/05946e4f70d614ed91e1f2a310989d256a79034e7,CC01000014,家居,美式风格的来源较为复杂，因此在设计时也是糅合了多种元素。既有狂野的感觉，又带有高贵的气质与美感，美式风格也可以突出卧室的温馨感与舒适感。@视觉中国,['床垫', '家居风格', '窗帘', '床铺', '木地板', '床单', '家庭', '灯具', '装修', '鞋子', '科普']
I01207792,家居也要“慢生活”,http://wallpaper.cdn.pandora.xiaomi.com/thumbnail/webp/w1080/MiTv/0a09b5feed718ad0778ae504acb5c0f33924063e0,CC01000014,家居,飘窗可以使居室光线更加明亮，而且可以扩大视野，让居室变得更加温馨宁静。比如飘窗上放漂亮的飘窗垫，白天看车水马龙，晚上看满天星斗，生活变得更加惬意。@视觉中国,['家居风格', '阳台', '飘窗', '装修', '风格', '小米精选']
I01230685,如何布置使桃花运上升,http://wallpaper.cdn.pandora.xiaomi.com/thumbnail/webp/w1080/MiTv/0f7ea4be120c456317b32e6ce23edd9956641b75e,CC01000014,家居,对于女性来说，卧室当中摆放梳妆台是很常见的。而将这件家具摆放好的话，那么对提高桃花运是有很大帮助的。最好的摆放方式就是靠近窗户的位置，这样在阳光照射下，桃花运本身也会特别旺盛。@有料,['家居风格', '置物架', '靠垫']
I01211578,没有它，怎能在夜晚照亮你的家？,http://wallpaper.cdn.pandora.xiaomi.com/thumbnail/webp/w1080/MiTv/0be5c157baa5d4037306bdb304557c675c389bff4,CC01000014,家居,卧室是休息的私人隐私空间，柔和化是卧室的灯光布置要点，这样才能保证主人情绪的放松。因而卧室的灯具照明最好以温馨暖和的黄色为基调。同时，床头上方可嵌筒灯饰或壁灯，也可在装饰柜中嵌筒灯饰，使室内更具浪漫舒适的气氛。@视觉中国,['家居风格', '装修']
I01225846,白色家具怎么保养,http://wallpaper.cdn.pandora.xiaomi.com/thumbnail/webp/w1080/MiTv/07b524fdfd35715c7faf5711ba45f73e59f408d8e,CC01000014,家居,打扫卫生时，白色家具最好用干布擦，最好不要用湿布擦，因油漆进水易起皮，脱落。白色家具要尽量避免太阳的日晒，不要放在火炉、暖气旁，否则油漆易起皮、掉落。@米拍/louisshui ,['家居风格', '室内设计', '摄影']
I01191378,童趣满屋,http://wallpaper.cdn.pandora.xiaomi.com/thumbnail/webp/w1080/MiTv/0be824dd7a73fb13ca6b11c2c7c5054cd61410e07,CC01000014,家居,孩子的房间必须既有创造性又有功能性，有助于在白天实现无限的幻想，并在睡觉前保持心态平衡。@视觉中国,['玩具', '童趣', '房间']
I01290689,家居降温小妙招,http://wallpaper.cdn.pandora.xiaomi.com/thumbnail/webp/w1350/MiTv/093dbbcefd4e0486495f6a4c1001183e81b3e7192,CC01000014,家居,炎炎夏日来袭，长期窝在空调房里对身体健康会有影响。其实，你可以尝试改变家居布置，给家里降降温。室内的热气大部分都是从窗户进来的，所以你可以选择使用隔热窗帘，颜色上选择深色，比浅色更遮光，一般蓝、绿、灰是首选。@好看,['冷色调', '清新自然']
I01168578,家居的极简美学,http://wallpaper.cdn.pandora.xiaomi.com/thumbnail/webp/w1080/MiTv/08e6957539960dbd8373f09ae8654811ed943de7f,CC01000014,家居,如果你觉得过于简洁的家居有些单调，不妨放上一瓶鲜花。花和花瓶都选择了白色，和整个房间的色彩基调完美融合，在不破坏简约美感的同时，为整个房间增添了生机。@图虫创意,['家居风格', '柜子', '极简', '北欧风']
I01259058,和“土味客厅”说拜拜,http://wallpaper.cdn.pandora.xiaomi.com/thumbnail/webp/w1350/MiTv/0f31a6f06d6524e2ab80e3695dd92659ef3fce7a3,CC01000014,家居,开放式客厅已经流行了很久，但是趋势依旧势头不减，这种开放式格局，让空间更为宽敞通透，视觉延伸感更强，更显大。@有料,['沙发椅']
I01295080,客厅如何装饰比较好看,http://wallpaper.cdn.pandora.xiaomi.com/thumbnail/webp/w1350/MiTv/0e970e80f1f4645fea8fd418b4ca7bf34fcdb07af,CC01000014,家居,如果放装饰画的空间墙面是长方形，那么可以选择相同形状的单一装饰画或现在比较流行的组合装饰画，尤其是组合装饰画，不同的摆放方式和间距，能实现不同的效果。@站酷海洛,['原木']
I01211579,没有它，怎能在夜晚照亮你的家？,http://wallpaper.cdn.pandora.xiaomi.com/thumbnail/webp/w1080/MiTv/06df455e3d72442dc36294a9a284501a8e4e14a36,CC01000014,家居,餐厅灯具的选择可依据餐桌的形状来选。如方形餐桌上方适合安装高度恰当的吊灯，且宜配上灯罩。如果餐桌是圆形的，除了可在正上方装设长线吊灯外，还可在天花板上安装一圈隐蔽试的下照灯作为辅助光源。@视觉中国,['餐厅', '家居风格', '装修']
I01171160,少女感设计,http://wallpaper.cdn.pandora.xiaomi.com/thumbnail/webp/w1080/MiTv/099605793229f6e5ef2c9d548fea8c8253d41918c,CC01000014,家居,姜黄色带给人暖洋洋的视觉感受，角落里摆放着的枝叶亦如生活在这个空间里的木系少女，纯粹干净。@图虫创意,['家居风格', '马卡龙', '装修']
I01233893,留出一间房，给最爱的榻榻米,http://wallpaper.cdn.pandora.xiaomi.com/thumbnail/webp/w1080/MiTv/0e35f65d0e6a44340254812143cbec1d7fc6659f7,CC01000014,家居,充分利用空间：我们可以在榻榻米底部的位置设计一些储物柜,把平时不怎么用到的东西储存在榻榻米的柜子里，充分使用空间里的收纳功能。还可以将它设计成桌子床以及椅子沙发等家具,尽量减少家具的多余堆放。@视觉中国,['家居风格', '装修', '榻榻米']
I01276540,装修怎样最大限度省钱,http://wallpaper.cdn.pandora.xiaomi.com/thumbnail/webp/w1350/MiTv/01c141a353edd49949c8f5808af28172ecf4b1fd7,CC01000014,家居,装修方式的选择：最省钱的当然一定是清包，其次是半包，最贵的肯定是全包。装修方式的选择根据自身情况，如果你有很多购买材料的渠道，并且有足够的精力和时间，清包无疑是最好的选择。@站酷海洛,['室内', '地板', '小熊']
I01171233,造梦空间,http://wallpaper.cdn.pandora.xiaomi.com/thumbnail/webp/w1080/MiTv/00725d41f7a3a4c211ea20abe88e8c4f0105363ec,CC01000014,家居,每种颜色都会对家居产生影响，所以数量最好不超过三个或四个。墙面刷漆颜色，要和整体家居色彩协调搭配，注意色彩的主次之分，冷暖对比。@视觉中国,['家居风格', '质感']
I01205598,小空间收纳该怎么做？,http://wallpaper.cdn.pandora.xiaomi.com/thumbnail/webp/w1080/MiTv/07ca85483ff9a41ef19fcb0497c36038440573f8b,CC01000014,家居,想要不占用空间，还能够拥有足够的收纳，那么墙面的利用则是一个最佳的选择，在墙面上打造隔板置物架，或者时做成壁龛的形式，又或者时把不是承重墙的墙面，打造成一整面墙的收纳柜，然后用来进行收纳，真的时非常的实用。@视觉中国,['家居风格', '家庭', '装修', '收纳', '风格']
I01213447,北欧风的家“装”了什么？,http://wallpaper.cdn.pandora.xiaomi.com/thumbnail/webp/w1080/MiTv/0992c43aed618c0d626422c5e81f57f86264148e9,CC01000014,家居,北欧风的家具普遍偏轻盈简约，所以在选择的时候尽量挑选低矮一些的，注意舒适度和实用度，在材质上可以选择能够保留原材料感觉的家具，通过自然的肌理来突出纯粹的美感。@视觉中国,['家居风格', '北欧', '装修', '风格']
I01292304,夏季卧室降温有妙招,http://wallpaper.cdn.pandora.xiaomi.com/thumbnail/webp/w1350/MiTv/02a07944b9c4f4819985535012de762032693d749,CC01000014,家居,减少被褥的层数和厚度能让床铺凉爽下来，换上薄棉或亚麻床单、被罩，用毛巾被、毯子代替厚被子，减少靠包、抱枕的数量，或者将绒、毛材质的靠包套换成光滑凉爽的缎面材质等，给卧床减负，轻盈感会提升卧室的清凉指数。@锐景,['清新自然', '惬意', '亚麻色调']
I01201926,山洞里的现代豪宅,http://wallpaper.cdn.pandora.xiaomi.com/thumbnail/webp/w1080/MiTv/084f245537f5dc336964fe722a6762588b941adf6,CC01000014,家居,山洞的整个墙壁面都是自然的石材，还有通风的门窗，感觉明亮又清爽。地板还配备了加热地板，室内有Wifi网络，整体设计既保留了洞穴的天然魅力，又给人以十足的现代感。@图虫创意,['洞穴', '家居风格', '豪宅', '装修', '风格']
I01207372,选门，你是凭感觉吗？,http://wallpaper.cdn.pandora.xiaomi.com/thumbnail/webp/w1080/MiTv/0ad3154ea95387ce2daa47820d0e8d51d59420dc8,CC01000014,家居,木门五金忽略不计？木门中最重要的五金配件要数合页，市面上一些隐形合页将合页安装在门扇内部，表面外观的确不错，但是这种设计让合页发生断裂时无法察觉，容易造成门板突然掉落等危险。@视觉中国,['家居风格', '房门', '装修', '设计', '风格']
I01216037,永不过时的东方美,http://wallpaper.cdn.pandora.xiaomi.com/thumbnail/webp/w1080/MiTv/000c1410d2df904ac35c82be69c27f8d3e6412599,CC01000014,家居,藤椅不仅古朴而不乏情趣，并且其造型非常强调艺术性，疏密有致的空洞不仅仅有很强的功能性，同时也是一种装饰。@水象星,['家居风格', '装饰', '装饰品', '东方韵味', '装修']
I01206137,别太油腻了，厨房需要常清洁！,http://wallpaper.cdn.pandora.xiaomi.com/thumbnail/webp/w1080/MiTv/07ca85583ffba41e019fcb0497d3603e4405a3f8b,CC01000014,家居,对于厨具的清洁，我们可以将水和小苏打混合做成苏打水，用抹布蘸湿拧干可以清除煤气炉、烤箱、热水瓶、水龙头等处的污垢，或是用软布蘸少量牙膏反复擦洗，就可以恢复表面光泽。@视觉中国,['家居风格', '厨房', '装修', '风格', '油烟机']
I01262662,如何选择一张合适的床？,http://wallpaper.cdn.pandora.xiaomi.com/thumbnail/webp/w1350/MiTv/020b530914bdd43b6a75850b1f62e2a6793db8aec,CC01000014,家居,对于床来说，稳固是第一要素，要是在熟睡的时候床塌了，恐怕小心脏难以承受。在购买时，可以摇一摇床头，也可以使劲往床上一坐，看床是否会晃动，是否会发出响声。如果没有，就说明结构没有问题。@视觉中国,['床垫', '家居风格', '大床']
I01207087,“鸽子屋”很需要这个！,http://wallpaper.cdn.pandora.xiaomi.com/thumbnail/webp/w1080/MiTv/0a09b4fee57189d0758aef04a0b5c5f33424063e0,CC01000014,家居,榻榻米装修可按照消费者的需求来进行全面的定制，从大小到尺寸，满足不同户型的需求，让用户有了更多的活动空间。@视觉中国,['家居风格', '装修', '风格', '榻榻米']
I01264343,现代简约主义风格,http://wallpaper.cdn.pandora.xiaomi.com/thumbnail/webp/w1350/MiTv/008e4c07425444028beee7339bc37c5a6aa468115,CC01000014,家居,理性的布光、理性的做工、理性的格局，每一处细节都经得起推敲，强调简约不简单，不随波逐流，也不哗众取宠，对设计有着自我的信仰与期待。@圈子,['家居风格', '灯具']
I01170764,复古绿色的交响曲,http://wallpaper.cdn.pandora.xiaomi.com/thumbnail/webp/w1080/MiTv/099604793029ffe5eb2c9f5483ea818250d41918c,CC01000014,家居,谁说轻奢一定是，冰冷难以触碰，没有生活气息的。运用明度较高的绿色，充满生活的情调，即使身处在城市里，利用这些绿色，也能为生活带来自然舒适的享受。@视觉中国,['家居风格']
I01264346,温暖的装修风格,http://wallpaper.cdn.pandora.xiaomi.com/thumbnail/webp/w1350/MiTv/0664f2e27f6b94fe7af9905fa40a187ba84c1b4b9,CC01000014,家居,主卧墙面颜色采用较为柔和的奶咖色，落地窗让整个房间光线充足，白色的床铺和黑色的床头柜，简单又大方，吊灯增添了别致的设计感。@圈子,['家居风格', '床铺', '灯具', '装修', '风格']
I01324722,悠然自得小时光,http://wallpaper.cdn.pandora.xiaomi.com/thumbnail/webp/w1350/MiTv/0514945de2bc34ae3943cae0cab1474ef36d03437,CC01000014,家居,美味的甜点放在小桌上，女孩惬意地靠在沙发上，她玩得专心致志，咖啡的醇香也无法让她转移注意力。@乐次元,['惬意', '糕点', '游戏', '甜食']
I01205600,小空间收纳该怎么做？,http://wallpaper.cdn.pandora.xiaomi.com/thumbnail/webp/w1080/MiTv/04ca85483ff9a41e119fc2049773603c440503f8b,CC01000014,家居,利用隔断柜和顶柜的组合方式，将宽敞的客厅区域分割出一块阳台，既满足了空间的储物需求，同时也有很好的展示性。@视觉中国,['家居风格', '家庭', '装修', '收纳', '风格']
I01254165,治愈系的色彩家居,http://wallpaper.cdn.pandora.xiaomi.com/thumbnail/webp/w1350/MiTv/005cb469ce5274ad6ade7cea82da53d6a6965e6f4,CC01000014,家居,自古以来，脚踏实地的感觉都会让人安心。大地色好比母亲，给予子女最舒心的关怀和最坚实的支撑。它们拥有醇厚的色彩，独特的包容感，往往给人亲切柔和的感觉。告别流行多年的冷色调，迎合着自然主义，能让家一秒变得温暖高级起来！@品鉴阅读,['温暖', '家居风格', '大床']
I01276493,客厅沙发的最佳摆放,http://wallpaper.cdn.pandora.xiaomi.com/thumbnail/webp/w1350/MiTv/035697d908bbf4295aa22d9b6011cb41a5060fed9,CC01000014,家居,沙发通常是放在客厅中电视墙的对面，这样方便看电视和休息，另外，沙发摆放还要注意控制好与电视之间的距离，一般沙发与电视之间的合理距离是电视尺寸的4倍左右。@圈子,['窗帘', '真皮', '靠枕', '落地窗']
I01225907,新旧“混血”京都合庭,http://wallpaper.cdn.pandora.xiaomi.com/thumbnail/webp/w1080/MiTv/065b8a47f486b404606b3742c3d8d8aab21d05f7c,CC01000014,家居,为满足新的需求设计师重新梳理了母屋室内空间，在利用楼梯下部空间制作储物抽屉时，设计师将拆下的老房子木板材重新利用做成抽屉板，体现房子本身的历史情感。@ArtTouch/青山周平,['设计师', '日式', '建筑师', '设计', '室内设计', '青山周平']
I01040699,满足孩子的童年梦,http://wallpaper.cdn.pandora.xiaomi.com/thumbnail/webp/w1080/MiTv/08a5004cddd454b52139a67b5724b4d2b10f7a1ae,CC01000014,家居,梦幻般的美人鱼珍珠避风港一定会让你的孩子爱上睡觉，贝壳上的灯光不仅可以调节亮度，还支持变换颜色。@图虫创意,['童话', '贝壳', '儿童房', '小米精选']
I01228603,让你的居家幸福感飙升,http://wallpaper.cdn.pandora.xiaomi.com/thumbnail/webp/w1080/MiTv/00b7445b697a941cf1cc0390602293d62eec932c6,CC01000014,家居,找个时间，认真用吸尘器把床垫、地毯、沙发、抱枕里的灰尘统统吸一遍吧。你会发现灰尘多到惊呆。这些吸出来的东西，平常不容易看见，但对于敏感人群它们可是致病源哦。顺便提一句，打扫干净这些灰尘可以让你的居家幸福感飙升。@有料,['家居风格', '沙发椅', '布艺']
I01230664,装饰效果小技巧,http://wallpaper.cdn.pandora.xiaomi.com/thumbnail/webp/w1080/MiTv/0f7ea4be1f0c456318b3216cea3ed5995d641b75e,CC01000014,家居,家居百搭品中，不得不提的就是玄关桌。别看它的宽度比一般桌子窄，它可是实力担当派。所占空间小，又兼具收纳功能，极其实用。@图虫创意,['柜子', '小米精选']
I01240598,枕头清洁小妙招,http://wallpaper.cdn.pandora.xiaomi.com/thumbnail/webp/w1080/MiTv/0ddd8b57f0ab848f422764021139d6cb032fa763b,CC01000014,家居,利用酒精、花露水自制螨虫清洁剂，因酒精有很强的杀菌作用，花露水可以清除异味，二者混在一起，除螨虫效果非常好。拿一个带水的喷壶，倒入同等量的酒精和花露水，盖上盖子摇晃均匀，然后喷在枕头上。再用吹风机将枕头吹干即可。@拍信创意
,['枕头', '家居风格', '暖色调', '小米精选']
I01198359,让家也成为网红打卡地,http://wallpaper.cdn.pandora.xiaomi.com/thumbnail/webp/w1080/MiTv/0236215f2b7f04a310c4f99ae2186b3baac955a4e,CC01000014,家居,带有一点灰调的粉红本身就有摩登感，搭配复古十足的墨绿色绿植，成就了精致女孩最爱的vintage风。在这样的地方喝喝咖啡，上流社会名媛的生活想想也是美滋滋。粉红跟墨绿的搭配适合搭配金属点缀，让整个复古风格更加统一。@有料,['金属色', '少女心', '金属风', '靠垫', '高级感']
I01256069,90后家居新热潮,http://wallpaper.cdn.pandora.xiaomi.com/thumbnail/webp/w1350/MiTv/055f59624170f4826943cfb93e13fac7f36adc718,CC01000014,家居,拥有了智能家居的当代青年才能彻底放飞自我啊，当一个理所应当的“死肥宅”。试想一下，是躺在床上动动手就能拉上窗帘、关灯方便，还是下床在屋里转一圈挨个排查方便呢？当然是动动手指就能解决问题，更方便。@有料,['台灯', '书房', '90后']
I01283571,一平米的治愈角落,http://wallpaper.cdn.pandora.xiaomi.com/thumbnail/webp/w1350/MiTv/0e66b02b1dc90401a9cd6e20579b460b76f918f46,CC01000014,家居,“书籍是人类进步的阶梯”这句话说的一点也没错，书中文字的力量远非手机电脑传递出的快餐式文化可比，在吵嚷喧嚣的都市中，为自己造一个安静的阅读空间尤为重要。这个空间无需华丽精致，将家中一处闲置的小角落布置成自己喜欢的样子即可。@锐景,['享受生活', '中式', '柜子', '惬意']
I01234727,建个家庭影院，得这样做才最好,http://wallpaper.cdn.pandora.xiaomi.com/thumbnail/webp/w1080/MiTv/0239bd42d43384e0f3fc7f3f6eac074d99d18b38b,CC01000014,家居,选择播放设备。这一部分包括播放机和放映机，通常来说就是投影机和布幕，在安装投影机的时候需要做好投影距离，保障投影效果达到最佳。如果不用投影机和幕布的话，可以选择使用激光电视。@视觉中国,['家居风格', '家庭', '享受', '娱乐']
I01229169,黄河边上宿集里的故事,http://wallpaper.cdn.pandora.xiaomi.com/thumbnail/webp/w1080/MiTv/05d94649c7b5f4249259f1e3062f9d92b10513a82,CC01000014,家居,院子以开放式的整体院落布局与土黄抹泥的建筑外墙，让整个项目与本地生态环境连接的更加自然。作品为《大乐之野 院落》。@ArtTouch /黄河宿集,['设计师', '设计', '民俗', '民宿', '黄河']
I01184055,时尚家居,http://wallpaper.cdn.pandora.xiaomi.com/thumbnail/webp/w1080/MiTv/059a94a5bb5900b943703c4313423b387fb43e86d,CC01000014,家居,现代年轻人，对于家居的要求，也有了更深层次的追求：可以放松身心、品质高，体验好的，能让生活变“轻”巧，更具“匠”心的设计或者产品，成为越来越多人的首选。@米拍/louisshui,['家居风格', '装饰', '柜子', '装饰品', '设计感', '室内设计', '装饰墙', '墙面装饰', '减压家居']
I01201344,你知道鞋柜有多重要吗？,http://wallpaper.cdn.pandora.xiaomi.com/thumbnail/webp/w1080/MiTv/0bc7cb5c5d75a44d3336fb47dde1e21ccec946ae1,CC01000014,家居,如果入户门厅不是特别宽敞，那就千万不要选择高大的鞋柜。家里摆放这样小巧的半人高鞋柜，空间会显得更为通透。用心装饰鞋柜和墙面，让进入家门的首道风景线，紧紧牵住来访者的视线。@视觉中国,['家居风格', '方便', '收纳', '鞋柜']
I01212469,书房装修，你要注意这几点,http://wallpaper.cdn.pandora.xiaomi.com/thumbnail/webp/w1080/MiTv/0511f84415184420610ce77beb8156e2cef3dc523,CC01000014,家居,书房装修中最大的支出部分有油漆、壁纸、木材、地板、家具等，这些材料对书房空间的环境健康有着巨大的影响。作为一个人们特别是儿童长期学习的地方，书房必须是环保的。@视觉中国,['家居风格', '书房', '装修', '风格']
I01047803,詹尼佛·佩罗兹豪宅,http://wallpaper.cdn.pandora.xiaomi.com/thumbnail/webp/w1080/MiTv/064bb055ef84241362abed0000f9e3fcd44d23018,CC01000014,家居,据悉，洛佩兹此次斥资2200万美元购得新居。整幢豪宅横贯两条大街，总面积约608平方米，由4个单元组成，是曼哈顿规模最大的别墅之一。@图虫创意,['落地窗', '浴缸', '浴室', '曼哈顿']
I01049639,情迷单人椅,http://wallpaper.cdn.pandora.xiaomi.com/thumbnail/webp/w1080/MiTv/0e183f42475d84a492bd3104c56a5e71d548e6211,CC01000014,家居,座椅款式千变万化，但一把线条简洁、材质舒适的单人椅，最能满足劳累一天回家放松的需求。@视觉中国,['壁纸']
I01276532,家具如何使家更温馨,http://wallpaper.cdn.pandora.xiaomi.com/thumbnail/webp/w1350/MiTv/0bd06962385004be9bbc43447bb2de3bfbbff34f4,CC01000014,家居,归类十分重要，先想想它们作什么用，怎么用，面对所有的东西，可以先大致按功能进行分类，有用来摆设的东西、休闲娱乐物品、饮食用具等，也可以按接触或使用频率进行分类。@站酷海洛,['室内设计']
I01057294,“猫王”蜜月豪宅曝光,http://wallpaper.cdn.pandora.xiaomi.com/thumbnail/webp/w1080/MiTv/068e6758a5f2843fb30bb9c7c16dab07dfc93a4fe,CC01000014,家居,这栋豪宅由现代派建筑师William Krisel设计，建于1960年，位于一个不同路的街区的尽头，两层楼室内面积达464.5平方米，共有5间卧室，其室内特色是每个房间都建有弧形的墙壁，室内有一座大型游泳池和网球场。@图虫创意,['别墅', '泳池', '豪宅', '洛杉矶', '猫王']
I01242860,告别便宜的装修,http://wallpaper.cdn.pandora.xiaomi.com/thumbnail/webp/w1080/MiTv/073c455a64d074e440994e8cea677a1c45cd40b56,CC01000014,家居,劣质材料中含有甲醛、苯等有害物质，这些是会导致人体致癌、患白血病等其他病的。@视觉中国,['家居风格', '装修', '家装']
I01040700,满足孩子的童年梦,http://wallpaper.cdn.pandora.xiaomi.com/thumbnail/webp/w1080/MiTv/06ace45134900e0268dc2dfdafc1328be0840cc3d,CC01000014,家居,乘坐热气球是每个孩子心中的梦想，这款热气球床可以让孩子每天都在美梦中度过，云朵型吊灯让人仿佛置身于天空之中。@图虫创意,['童话', '儿童房', '热气球', '小米精选']
I01233398,植物在装修中的重要性,http://wallpaper.cdn.pandora.xiaomi.com/thumbnail/webp/w1080/MiTv/08a7774c6adc6421222ea49c143c36a4627bf6306,CC01000014,家居,厨房是制作一日三餐的地方，所以油烟味特别的大，真是令人特别的苦恼。那么可以试试在厨房里面摆上一些植物，不仅可以吸收空气中的油烟，还可以使厨房更美观。@图虫创意,[]
I01259067,家居也需要“养生”,http://wallpaper.cdn.pandora.xiaomi.com/thumbnail/webp/w1350/MiTv/056c95d8ec1c446609374491eb087d1c0abc148cf,CC01000014,家居,即使是世界上最好的沙发，如果忽视了保养也会变得“面目全非”。长期的紫外线和日常光照，会使沙发颜色逐渐变浅，要避免阳光直接照射沙发，并远离加热设备。平时你可以使用干净的软棉布，擦去尘迹或污迹，背扶手与座面交接处的缝隙可用吸尘器清洁杂物。@锐景,['家居风格', '清新自然', '棕色调', '装修']
I01324724,悠然自得小时光,http://wallpaper.cdn.pandora.xiaomi.com/thumbnail/webp/w1350/MiTv/0ca6fc342f5e74313a084e3b32f76ef49e7816dbf,CC01000014,家居,红发女孩坐在地板上，小黄鸭在她的身旁，她拿着手里的冰淇淋，阳光透过玻璃窗洒落一地。@乐次元,['冰淇淋', '小黄鸭']
I01035217,质感卧室更显格调,http://wallpaper.cdn.pandora.xiaomi.com/thumbnail/webp/w1080/MiTv/0b5ca95d88df842d11d210b5aa8a0a16c723506fa,CC01000014,家居,精致的原木家具在复古绿的空间色彩中别有一番时代风味。床边平躺的60年代行李箱摇身一变成茶几，使卧室散发出一种与“昔日”不期而遇的浪漫感。@图虫创意,['行李箱', '大床']
I01276506,室内采光的改善,http://wallpaper.cdn.pandora.xiaomi.com/thumbnail/webp/w1350/MiTv/02ccc8aa247fb428a9ec8a00a955a87c4b257fad6,CC01000014,家居,放过多的家具和装饰品容易造成空间昏暗、局促的错觉。应该挑选简单明了的家具，让家具及布局简单。@圈子,['落地灯', '盆栽', '沙发椅']
I01053098,美好家居 美好创意,http://wallpaper.cdn.pandora.xiaomi.com/thumbnail/webp/w1080/MiTv/09e13f47caab1443f307288775764fcea1d46a89c,CC01000014,家居,如果嫌弃摆件不够吸引，不如加点bling bling的装饰？如果家里有小孩子，让他们来发挥创意，效果更不言而喻。@视觉中国,['摆件', '南瓜']
I01028950,新古典花艺灵感,http://wallpaper.cdn.pandora.xiaomi.com/thumbnail/webp/w1080/MiTv/0a0a65fe25b722e2606d8d3c80f4982a133426ff9,CC01000014,家居,近年来，新古典花艺的热度在国内逐步攀升。许多以中国风、原木为主调的家居空间，都会以新古典花艺为点缀。新古典花艺，多样白色、灰色、浅绿为主色，花材以兰花、竹、水仙为主，追求淡雅的质感。@视觉中国,['原木', '淡雅', '储物柜']
I01324723,悠然自得小时光,http://wallpaper.cdn.pandora.xiaomi.com/thumbnail/webp/w1350/MiTv/0f0854acf863d489c9942c4bc2184bb6e35950a35,CC01000014,家居,女孩坐在床上，享受着自己的假日时光，她喝着饮料，看着平板，零食散落在她的身旁。@乐次元,['优美', '饮料', '享受', '零食', '假期']
I01043851,福尔摩斯STYLE公寓,http://wallpaper.cdn.pandora.xiaomi.com/thumbnail/webp/w1080/MiTv/09698595a1fc387ee8d681d39a80b1b0262434583,CC01000014,家居,真皮沙发与原木色地板，颜色上和谐得无所挑剔。浅色毛毯随意摆放，提亮了视觉效果，增添了温度，使空间色彩不会太单一。@图虫创意,['真皮', '原木', '地板', '毛毯', '小米精选']
I01369080,儿童节 超惊喜的儿童房,http://wallpaper.cdn.pandora.xiaomi.com/thumbnail/webp/w1350/MiTv/005b8aff409704cd89c17c0d7d9c420c4b81dc982,CC01000014,家居,幼儿时期是人生中更具想象力的时期，好的儿童房设计可以为孩子提供多种体验，可以让每一个孩子都能快乐自由的成长。@拍信创意,['优美', '儿童房', '儿童节']
I01201345,你知道鞋柜有多重要吗？,http://wallpaper.cdn.pandora.xiaomi.com/thumbnail/webp/w1080/MiTv/0978cf5c790104f5d238c52283bca64e523530fd5,CC01000014,家居,鞋柜的样式颜色。鞋柜宜藏不宜露，巧妙的带门鞋柜，显得典雅自然，颜色不宜太过绕眼，不宜让人一眼就看见看出是鞋柜。在装饰技巧上，可以在鞋柜上放花草之类，艺术品。@视觉中国,['家居风格', '装修', '收纳', '鞋柜']
I01110538,日系风就只有冷淡吗？,http://wallpaper.cdn.pandora.xiaomi.com/thumbnail/webp/w1080/MiTv/097d6144047b647fd0499ee6476133384b6d37e54,CC01000014,家居,说到日式风格家居，你首先想到的是什么？可能大都是以原木、白色、亚麻灰为主色调的性冷淡风，那是人们固有的想象。@有料,['冷色调', '家居风格', '日式', '恬淡', '原木']
I01198004,简单自然的家,http://wallpaper.cdn.pandora.xiaomi.com/thumbnail/webp/w1080/MiTv/0e3625af257c05a396c4fb9aea58643aa6b4042b1,CC01000014,家居,小巧实用的原木家具，简单自然的空间设计，通透敞亮的飘窗，再结合几盆恰到好处的绿植，这样就把蕴藏了无限生机的大自然搬回家中。@锐景,['清新自然', '明亮', '装修', '设计', '生机']
I01203252,如何选购卧室地毯,http://wallpaper.cdn.pandora.xiaomi.com/thumbnail/webp/w1080/MiTv/096fb51dd1b2d45b75517bd67b07d80e41c412975,CC01000014,家居,卧室地毯在挑选时，尽量选择一些天然材质的卧室地毯，如纯棉、麻、纯羊毛等材质的地毯。这类材质的卧室地毯具有良好的特性，脚感和舒适度均胜于化纤材质的地毯，即使在干燥的季节，也不会产生静电。@图虫创意,['床铺']
I01293226,租房注意事项,http://wallpaper.cdn.pandora.xiaomi.com/thumbnail/webp/w1350/MiTv/06ec3ecae013e4a948aa7e0080e228e97a4c9db12,CC01000014,家居,隔音和采光真的非常重要，建议选择天气晴朗的日子实地看房，对于光照少甚至没有光照的房子，一定要慎重考虑。可以在看房过程中将手机声音打开，通过外放音乐来判断房屋隔音效果。@有料,['家居风格', '质感', '高级', '高级灰', '高级感']
I01141453,你家沙发选对了吗,http://wallpaper.cdn.pandora.xiaomi.com/thumbnail/webp/w1080/MiTv/079f3c402d9b343f933e082df9ca3a7a22a8f63ad,CC01000014,家居,折角沙发不同于平常的沙发，它为不规则多面的空间所适用。折角沙发除了可以将角落空间充分利用起来，还能让客厅更加具有时尚感。@有料,['家居风格', '美观', '装修']
I01174418,小户型这么好？,http://wallpaper.cdn.pandora.xiaomi.com/thumbnail/webp/w1080/MiTv/0b72fd4b2865b4c070a07f87eb8c1f8254908b424,CC01000014,家居,简洁舒适、经济实用是现代都市年轻人对私人生活空间的理解，某种意义上说，小户型只要设计合理，面积缩小但功能不减，仍然可以烘托出高质量的生活氛围。@视觉中国,['家居风格', '装修', '科普']
I01055002,为你的家加点料,http://wallpaper.cdn.pandora.xiaomi.com/thumbnail/webp/w1080/MiTv/027e51413c93142541910944f3d66eaada2eb8335,CC01000014,家居,蓝色的墙面会让人感觉温馨，同时也会令家中空间充满立体感。白色的花朵形纸灯在蓝色的映衬下别具一格。@视觉中国,['家居风格']
I01040698,满足孩子的童年梦,http://wallpaper.cdn.pandora.xiaomi.com/thumbnail/webp/w1080/MiTv/06ace45134900d026adc22fda5c1328be8840cc3d,CC01000014,家居,做父母的都知道，让孩子们晚上乖乖睡觉可能是最困难的任务之一，但是葡萄牙家具品牌Circu可以解决你的问题。复古大巴不仅是一个睡觉的地方，其中还有电视、迷你酒吧、沙发凳。@图虫创意 ,['童话', '儿童房']
I01049729,北欧风家居长这样,http://wallpaper.cdn.pandora.xiaomi.com/thumbnail/webp/w1080/MiTv/04183f42475a84a4b2bd3704c53a5e72d54896211,CC01000014,家居,北欧风的家居热衷使用略带灰度的色彩进行搭配。此外，家居单品方面，多以经典家具、定制家具、现代设计进行组合，从而打造出具有艺术气息的室内空间。@图虫创意,['餐厅', '原木', '小米精选']
I01053094,DIY创意家居饰品,http://wallpaper.cdn.pandora.xiaomi.com/thumbnail/webp/w1080/MiTv/0ce13417cbad1e434507278778a648c8a0a4395ff,CC01000014,家居,用铝纸、铁丝、卡片不同材质制作圣诞树，不同材质的碰撞别有一番新意。@视觉中国,['摆件', '圣诞树', '北欧风', '卡片']
I01296806,睡眠与环境的关系,http://wallpaper.cdn.pandora.xiaomi.com/thumbnail/webp/w1350/MiTv/06819966260a549f48e16342c1225a1277c3b5563,CC01000014,家居,安静的环境是睡眠的基本条件之一，噪音对睡眠质量的影响最大；有关专家指出，当外界噪音超过40分贝时，睡眠就会受到影响，嘈杂的环境，使人心情无法宁静而难以入眠，故卧室窗口应避免朝向街道闹市或加隔音设施。@品鉴图库,['床垫', '床头柜', '沙发床']
I01136825,打造梦幻卧室从床开始,http://wallpaper.cdn.pandora.xiaomi.com/thumbnail/webp/w1080/MiTv/094124de4022ad4620aa4533cbcc6cbaecc43754a,CC01000014,家居,床是最贴近我们生活的家具，因为每天晚上都会和床在一起度过。打造一个梦幻的卧室，抬头是满天的星空，围绕身边的是温暖舒适的梦乡。@有料,['家居风格', '清新自然', '治愈', '大床']
I01231880,拒绝单调？你的家得这样才行！,http://wallpaper.cdn.pandora.xiaomi.com/thumbnail/webp/w1080/MiTv/01107e541d5c243e407c9a4cfd621fdde2deefaf6,CC01000014,家居,选择质感比较好，设计独特的家居饰品。即能显示出屋主的品味，又能给家里增添氛围感。@视觉中国,['家居风格', '简单', '装饰', '装饰品', '装修']
I01318602,蓝天下的畅想,http://wallpaper.cdn.pandora.xiaomi.com/thumbnail/webp/w1350/MiTv/064ad0d87537e48e98e5655b4713eab25aa6e163a,CC01000014,家居,天空上飘着层层叠叠的白云，女孩踮起脚尖伸出手想要触摸天空里的云。@乐次元,['清新自然', '微风', '裙摆', '金发']
I01195495,客厅茶几这样选！,http://wallpaper.cdn.pandora.xiaomi.com/thumbnail/webp/w1080/MiTv/0f7d143dd7b2a267f8cfcca9168bc1875a3403369,CC01000014,家居,年轻人都爱的北欧风客厅，建议选择原木色、白色系的茶几，让客厅充满自然的气息；现代风格客厅，可以选择钢化玻璃、金属材质的茶几，让空间更有线条感和现代感。@视觉中国,['家居风格', '装饰', '装饰品', '装修', '科普', '家装']
I01318603,蓝天下的畅想,http://wallpaper.cdn.pandora.xiaomi.com/thumbnail/webp/w1350/MiTv/0195e9c401e984d1da3af3bdf6060f3cdd9dcbdf4,CC01000014,家居,女孩倚靠在栏杆上，探着脑袋向前张望，羽毛随风飞舞着，身后的白云自由飘荡。@乐次元,['栏杆', '羽毛', '微风', '倚靠', '自由']
I01046307,几何元素 永不过时,http://wallpaper.cdn.pandora.xiaomi.com/thumbnail/webp/w1080/MiTv/0b75e568eacb52641a5153b3f2fb994c1d64070ed,CC01000014,家居,图案色彩沉稳安定，质感高贵大方却不华丽，因此不论需要表现大器的客厅、餐厅，或需要宁静优雅的卧室、书房，皆十分适宜。@图虫创意,['波普风', '几何', '壁纸']
I01246737,客厅装修流行新趋势,http://wallpaper.cdn.pandora.xiaomi.com/thumbnail/webp/w1350/MiTv/0b2195a3935e1ea52711dd9e56c15e2567d4025cb,CC01000014,家居,客厅作为居室的门面担当。首先它是使用频率最高的公共区域，位置最醒目，空间最通透。其次它是接待客人的最主要场所，因此客厅的设计直接体现了居住者的审美和品味。@品鉴阅读,['家居风格', '装饰', '装饰品', '装修', '风格']
I01304010,客厅软装搭配技巧,http://wallpaper.cdn.pandora.xiaomi.com/thumbnail/webp/w1350/MiTv/01dfe381082424161b4df39c6b39b3d83813aa0c8,CC01000014,家居,客厅区域划分：客厅划分为就餐区和会客区，就餐区应该靠近厨房并用小屏风又或是人造的矮墙隔断；会客区则应该通道简洁、明亮宽敞、具备通透感，且局部美化格调应该与全区的美化基调相致。@品鉴图库,['装饰', '装饰品']
I01364928,会让人感到舒适的卧室,http://wallpaper.cdn.pandora.xiaomi.com/thumbnail/webp/w1350/MiTv/0cc77bfe81b244a12936bcf326546ae9f6c69c46a,CC01000014,家居,窗帘、床品、抱枕合在一起，形成卧室空间的布艺系统，无论是造型、色彩还是质地，都应保持统一风格，才能展现非凡的空间质感，让人感觉舒适。@图虫创意,[]
I01187198,选对餐桌太重要啦！,http://wallpaper.cdn.pandora.xiaomi.com/thumbnail/webp/w1080/MiTv/0c8d6406c85cc76a5117cca8ffabbefb889401bee,CC01000014,家居,实木家具使用时间更长久，而且颜色会随着时间的长度，变得更加有韵味，特别是客厅面积比较大的家庭，选用实木材料的餐桌，看起来更加有档次。@视觉中国,['餐厅', '家居风格', '餐具', '装饰', '柜子', '装饰品', '装修', '餐椅', '家装']
I01229182,小房间布置技巧,http://wallpaper.cdn.pandora.xiaomi.com/thumbnail/webp/w1080/MiTv/07af55b5b204d76317eba3688e999a7caf4428b53,CC01000014,家居,如果房间不太大，尽可能选自己真正需要的小家具就好，以保持能量在房间里最大限度的流动。此外，小家具会让房间看上去更大些，也更容易保持整洁。@站酷海洛,['家居风格', '装修']
I01274310,完美家居修炼日记,http://wallpaper.cdn.pandora.xiaomi.com/thumbnail/webp/w1350/MiTv/01f4696ab68db4390bfcedf8e39933b36ac5635ac,CC01000014,家居,装饰过多。虽说主题饰品是体现居室主人个人审美的最好陈设，但如果过度强调、重复它们，极可能产生适得其反的装饰效果。因此，家中饰品陈设宜精不宜多，只有按主从关系进行搭配，方能达到突出焦点且多而不乱的装饰目的。@站酷海洛,['家居风格', '摆件', '装修']
I01367128,舒适家居打造必备指南,http://wallpaper.cdn.pandora.xiaomi.com/thumbnail/webp/w1350/MiTv/041240bef2a214b1b9d270b90746a8b33433a1383,CC01000014,家居,舒适家居的重要性也包括了家居的布置。你需要考虑家具的位置和空间方位，房间的整体布局等。合理的布置不仅能够充分利用空间，更能让房间产生具有层次感。尽量将家具布置整齐、不出现太多杂物，这样可以更好的让你们的家保存整洁和舒适的氛围。@锐景,['棕色调', '设计感']
I01241566,给幸福“家”点温暖,http://wallpaper.cdn.pandora.xiaomi.com/thumbnail/webp/w1080/MiTv/06abb4ff55555a889bd7b5c0cb8c5e39204419e1a,CC01000014,家居,相较于千篇一律的家装风格，在传统的设计上推陈出新才是现代人的个性，木质的家居与皮粉色的墙纸相融合，让整个房间的氛围变得十分温馨。@锐景,['设计感', '装修']
I01203254,如何选购卧室地毯,http://wallpaper.cdn.pandora.xiaomi.com/thumbnail/webp/w1080/MiTv/020ec4ed97df0aef905887bf53bf00dd9d641ebcf,CC01000014,家居,地毯一般铺设在床侧或床头，地毯的长度建议铺设在床脚或距床脚2-5cm的距离，宽度任意。如果选择的是小块地毯，一般都摆放在床侧，主要起到装饰作用。@图虫创意,['床铺', '蒲团']
I01304017,门外是世界 门里是生活,http://wallpaper.cdn.pandora.xiaomi.com/thumbnail/webp/w1350/MiTv/0ad746c1688de45daa89286b2fef801f03e108389,CC01000014,家居,浪漫的从来不是装修，而是耐心选择装修风格、选定家居、选择你的那个人。门内、门外仅一门之隔，就隔断了生活的烦恼和家的温馨，回到家，沙发的温度和躺椅的舒适会让你忘却门外的忧愁。@锐景,['大气', '中式', '惬意', '躺椅', '小米精选']
I01364931,现代家具让生活更美好,http://wallpaper.cdn.pandora.xiaomi.com/thumbnail/webp/w1350/MiTv/06c616726b95b47d1b1fc2d7cc821b2115c9b56f9,CC01000014,家居,现代家具的设计注重人性化和功能性。例如，现代沙发可以变形成床，现代餐桌可以升降调节高度，现代储物柜可以按需分隔空间等等。这些设计都是为了更好地适应人们的生活需求。@站酷海洛,['靠枕', '拖鞋']
I01029583,美爆朋友圈的餐桌布置,http://wallpaper.cdn.pandora.xiaomi.com/thumbnail/webp/w1080/MiTv/01c7af41042cb45a333c1f4c87bc7d7b82f5f7130,CC01000014,家居,餐厅作为日常生活、团聚、相会等的重要场合，在人们推杯换盏、享受美食的同时，更需要在餐桌氛围上提升火热度。香薰蜡烛不仅能提升餐桌的品味，更能营造用餐的和谐气氛。,['石榴', '蜡烛', '果盘', '香薰']
I01190662,户型不怕小！,http://wallpaper.cdn.pandora.xiaomi.com/thumbnail/webp/w1080/MiTv/0be824dd7073f913ca6b1cc2ccc5074cd81410e07,CC01000014,家居,如果觉得目前家庭人员构成比较简单，不会妨碍到个人隐私的话，可以用窗帘、玻璃材质来代替卧室门的功能，让原本有限的空间显得更大。@视觉中国,['家居风格', '装修', '家装']
I01358530,盘点绿植对家居环境的好处,http://wallpaper.cdn.pandora.xiaomi.com/thumbnail/webp/w1350/MiTv/012437ca0b1d148b5a8758976b6feea3789308b2f,CC01000014,家居,植物在控制空气湿度方面扮演着重要的角色，干燥的空气会刺激鼻腔和喉咙的敏感黏膜，使人更容易遭受空气中化学物质、灰尘和过敏原的感染，而植物正好可以释放出水汽来平衡干燥的空气湿度。@锐景,['清新自然', '惬意', '设计感']
I01360735,学会享受生活,http://wallpaper.cdn.pandora.xiaomi.com/thumbnail/webp/w1350/MiTv/0f6122804be184d49abef391cdf8892cc41fa329c,CC01000014,家居,生活是最美丽的意外，你永远不会知道在你面前等待着什么。这样的生活每天都让你充满激情，充满痛苦和幸福的生活才是完美的。@图虫创意,['朴素', '装修', '极简']
I01361843,超实用的家居风格推荐,http://wallpaper.cdn.pandora.xiaomi.com/thumbnail/webp/w1350/MiTv/046c8b37f3e2b448d925afa456c29b2b511565ae3,CC01000014,家居,现代简约风是家装风格中较为常见的一种，它的特色是将设计的元素、色彩、软装、原材料等做到最大程度的简化。整体采用中性色调，温馨，大气，却又不失品位，衬托出现代风的明快、冷淡。@锐景,['惬意', '明亮', '木地板']
I01190660,卧室地板如何搭配,http://wallpaper.cdn.pandora.xiaomi.com/thumbnail/webp/w1080/MiTv/0be824dd7073f813c26b12c2c8c5044cd81410e07,CC01000014,家居,浅色调的卧室地板，搭配到现代风的卧室空间里，能营造出一种淡雅轻松的空间氛围，置身其中能给人舒适惬意的感受。@视觉中国,['家居风格', '装饰', '床铺', '地板', '装饰品', '家装']
I01192778,书桌上的小天地,http://wallpaper.cdn.pandora.xiaomi.com/thumbnail/webp/w1080/MiTv/06041b4dcc23745911a4d71b143ae7f354c5d4318,CC01000014,家居,通常，书桌上面的墙面非常重要。你可以贴一些照片，或者挂上金属架子，然后夹一些你喜欢的东西，这样能轻松打造出属于自己的小天地。@视觉中国
,['凳子', '书桌', '木地板']
I01131813,干花的疗愈能量,http://wallpaper.cdn.pandora.xiaomi.com/thumbnail/webp/w1080/MiTv/0efca55c58e966b214a0e8a2bd73633ef48416a4b,CC01000014,家居,当花朵变干燥时，它们的形状和结构就会发生变化。而这种转变，以及它们与生俱来的类似雕塑的质感，正是干花的魅力所在。@视觉中国,['干花', '大床']
I01171163,家居也要换秋装,http://wallpaper.cdn.pandora.xiaomi.com/thumbnail/webp/w1080/MiTv/0c960c493d21f4e5812c9a5481fa888e579e6e299,CC01000014,家居,卧室可以换上暖色的软装，看起来会让整个空间更温暖。如果能与自然交融是最好的，摆放几枝适合秋天的植物，一个理想中的秋天家居就这样生成了。@视觉中国,['家居风格', '灯饰', '大床', '质感']
I01290468,卧室布置小技巧,http://wallpaper.cdn.pandora.xiaomi.com/thumbnail/webp/w1350/MiTv/05b8be3df38204eb6a580f214161d382d46d36445,CC01000014,家居,卧室是我们休息时间呆得最长的地方，可想而知它对我们的重要性，卧室在装修时色彩不要装得太花，颜色不要太艳，窗帘要有遮光，不然会影响睡眠质量。@品鉴图库,['装饰', '摆件', '装饰品', '大床']
I01042270,这样的蓝很高级,http://wallpaper.cdn.pandora.xiaomi.com/thumbnail/webp/w1080/MiTv/0c71035f00b30467821bf73b7320aa7132e70d158,CC01000014,家居,不仅是餐具、摆件使用了统一的蓝色调，墙上的教堂内饰挂画同样使用了蓝色套印。这样蓝蓝的圣诞装饰赋予节日神圣、宁静的感觉。@视觉中国,['神圣', '挂画', '恬静']
I01064374,舒服极简风,http://wallpaper.cdn.pandora.xiaomi.com/thumbnail/webp/w1080/MiTv/066c94aac7dd2426a5434d21ba5e6da14884293e0,CC01000014,家居,适当摆设简单杂货或盆栽，让极简空间产生画龙点睛效果，例如一束优雅的兰花或海芋、高质感的瓷器、色彩不夸张的图。@视觉中国,['家居风格', '极简']
I01219922,带你打造“佛系”家居,http://wallpaper.cdn.pandora.xiaomi.com/thumbnail/webp/w1080/MiTv/0993d35c7280a450e194bf397c9bc043245084264,CC01000014,家居,佛系家居的用色大多比较贴近自然，不张扬，不浮华，以大地色、木色、灰棕色等包容性的色调为主。家居中还加入了绿植，让简约的空间得到一丝点缀，营造一种素雅的环境。@拍信创意,['靠枕', '大床']
I01342263,简单干净的房间配色,http://wallpaper.cdn.pandora.xiaomi.com/thumbnail/webp/w1350/MiTv/094ebd18f14fd4e899eb85d90d6597ec54f375795,CC01000014,家居,粉色有种天生的魅力，吸引各种类型的女性，无论是天真孩童，还是成熟大人，都无法抗拒带着粉色的家。它柔和、温馨舒适，充满着童话般的梦幻元素。@图虫创意,['家居风格', '配色']
I01241101,属于你的森女系家居,http://wallpaper.cdn.pandora.xiaomi.com/thumbnail/webp/w1080/MiTv/0dce0b5f34f3645161645d83cb7b29ece17cefd77,CC01000014,家居,原木色和白色是森系风格家居中不可缺少的颜色，因为这些颜色代表着简单和自然。无论地板、墙面还是装饰，多选用这样的色彩，绝对是成功打造森系家园的诀窍之一。@拍信创意,['桌椅', '森系']
I01225867,轻松把INS风装进家,http://wallpaper.cdn.pandora.xiaomi.com/thumbnail/webp/w1080/MiTv/07b524fdf335705c7daf5211b445f23e54f408d8e,CC01000014,家居,要改造一个空间，最简单有效的办法就是从改变它的颜色开始。随着INS家居的盛行，打造少女心家居也成为ins上最流行的话题。如果单看粉色和白色相称会显得略带单调，而点缀上金属色，反到能碰撞出干净感。@有料,['家居风格', '镜子', '梳妆台', '沙发椅', '轻奢', '小米精选']
I01254166,治愈系的色彩家居,http://wallpaper.cdn.pandora.xiaomi.com/thumbnail/webp/w1350/MiTv/070f2d42739514cf8a40900b086eb98f41218310f,CC01000014,家居,莫兰迪系的裸粉色拥有极强的治愈感，温和而不强烈，粉而不腻的空间，在不经意的克制中体现出家的温馨与柔软，接纳着你的一切。作为主色调大面积运用也不会夸张，能够轻松地让人感受到满满的幸福感。@品鉴阅读,['家居风格', '大床']
I01057835,家居色彩之深蓝,http://wallpaper.cdn.pandora.xiaomi.com/thumbnail/webp/w1080/MiTv/09c415fb6da0b200fe125b593acbc3cef154131a8,CC01000014,家居,如果采用大面积深蓝色的墙面，需要一些色彩做搭配才不会沉重，一盆洁白的花朵是不错的选择。@图虫创意,[]
I01240632,墙色选对，格调翻倍,http://wallpaper.cdn.pandora.xiaomi.com/thumbnail/webp/w1080/MiTv/0bdd8437f3a2808ff1276d021079d4c60d042316b,CC01000014,家居,选择暖色系墙面漆可以给人温馨的感受，适合营造欢乐的氛围；冷色系可让人冷静但稍显压抑，感官上会扩大空间；不偏不倚的白色可以反光，使室内显得明亮宽敞。@视觉中国,['家居风格', '柜子']
I01244158,家居必备的时尚色调,http://wallpaper.cdn.pandora.xiaomi.com/thumbnail/webp/w1350/MiTv/0cdb45f8e19e856e5c4da93506669047ffe412777,CC01000014,家居,高级灰虽不是很起眼的颜色，但它总能诠释优雅与奢华的终极魅力，颜色介于黑与白之间，高级灰比白色更沉稳，比黑色更时尚，放眼四周，无论是时尚界还是家居界，高级灰都是其它颜色无可比拟的。@有料,['灰色调', '灰色', '沙发椅', '布艺', '高级灰']
I01192695,这样装修实用又好看,http://wallpaper.cdn.pandora.xiaomi.com/thumbnail/webp/w1080/MiTv/0b9fe4e6d34ef5f5bf306e7821dbb402ce842c3bd,CC01000014,家居,客厅装修要讲求造型简单，直线条比较多，给人干练的感觉。但在色彩搭配上可以充分发挥想象力的，比如蓝绿色的三人沙发搭配粉色的装饰椅，在配上白色的背景墙，整体非常的明艳动人。@有料,['落地灯', '沙发椅', '靠垫']
I01192267,客厅无茶几最时尚,http://wallpaper.cdn.pandora.xiaomi.com/thumbnail/webp/w1080/MiTv/06844052c79494c441aaf304eb4acc63cb3b93f7b,CC01000014,家居,没有茶几可以用边几，边几虽然置物功能弱，但没有了茶几，我们会下意识扔掉有用但未必会再用的东西，更容易做到断舍离。@视觉中国,['家居风格', '装饰', '装饰品', '灯具', '装修', '边几', '家装', '小米精选']
I01296382,好睡眠卧室很重要,http://wallpaper.cdn.pandora.xiaomi.com/thumbnail/webp/w1350/MiTv/08fe96881d9e44d39bf1c8a418bd45c386b7603f9,CC01000014,家居,卧室的色彩主要包括软装和硬装两个部分；硬装的色彩搭配包括装修时墙面、地面、顶面的颜色，面积很大；而软装色彩搭配包括窗帘、床罩等各自的色彩，面积也很大；这两者的色调搭配要和谐，要确定出一个主色调。@品鉴图库,['床垫', '床头柜', '床单']
I01293071,休闲椅的美观与实用,http://wallpaper.cdn.pandora.xiaomi.com/thumbnail/webp/w1350/MiTv/02a25691a929e4228b6b5d1223357e694286e213d,CC01000014,家居,藤皮缠绕的经典款单人休闲椅适合各种场景风格，其清凉舒适的感觉跟夏天更是绝配。@圈子,['凉爽', '藤椅', '藤编', '藤制']
I01219903,客厅摆放“大学问”,http://wallpaper.cdn.pandora.xiaomi.com/thumbnail/webp/w1080/MiTv/076531584cc3a42182cb5f0bdd0b3d216666f342a,CC01000014,家居,客厅的整体颜色搭配以及材料选择。如今大多数人都会选择白色墙面，原木地板，这样的搭配看上去更加和谐。目前市面上的涂料有乳胶漆、硅藻泥以及壁纸。价格分别是硅藻泥>乳胶漆>壁纸，根据自家的经济状况，建议局部使用壁纸，大面使用乳胶漆。@有料,['壁画', '挂画', '清新自然']
I01225882,家中的“童话世界”,http://wallpaper.cdn.pandora.xiaomi.com/thumbnail/webp/w1080/MiTv/055b8a47f489b404d06b3542c368d8a5b21df5f7c,CC01000014,家居,小孩子天性活泼好动，家具设计要避免尖锐的桌角，尽量靠墙摆放，不仅安全而且可以给孩子创造足够的活动区域；此外，家具要有一定的分量，过于轻巧的家具在外力的作用之下容易歪倒，成为安全隐患。@有料,['儿童', '家居风格', '清新自然', '孩子', '和谐', '儿童房', '儿童椅', '减压家居']
I01272559,客厅怎么装修最协调,http://wallpaper.cdn.pandora.xiaomi.com/thumbnail/webp/w1350/MiTv/0ced7b2bab39047dfa446208e53f98ed7f2ae1800,CC01000014,家居,客厅是家里最开放的空间，是装修风格的浓缩体现。在家具选择上，也是主人品味的体现。要注意整个客厅各个家具之间的协调性，造型风格最好是统一的，根据客厅的大小来选择相应的尺寸。@站酷海洛,['家居风格', '装修']
I01251401,北欧风的实用技巧,http://wallpaper.cdn.pandora.xiaomi.com/thumbnail/webp/w1350/MiTv/0232ff38557694f5585a25109f1d4785a7d73b198,CC01000014,家居,北欧风的硬装部分比较简单，墙面和顶面大多都是白色，地面是灰色，这些色彩构成了空间的基调。北欧风的重点在于软装家具的搭配，柔软的沙发，随性的书架，带花纹的地毯，都是必不可少的要素。@有料,['清新自然', '悠闲', '淡雅', '北欧风']
I01366685,教你打造夏日清凉感家居,http://wallpaper.cdn.pandora.xiaomi.com/thumbnail/webp/w1350/MiTv/014b78de1a47d4eac987d604cf44b30a36e86310e,CC01000014,家居,金属是降温神器，如果在夏天你觉得家很热，不妨试试将家具换成金属材质的，再带上一些局部做旧和生锈，为家里打造出清凉感，这种不仅在视觉上有清爽的感觉，实际中，它也会清除掉家里多余的温度。@锐景,['棕色调', '灯具']
I01043850,福尔摩斯STYLE公寓,http://wallpaper.cdn.pandora.xiaomi.com/thumbnail/webp/w1080/MiTv/08c9e4221e9af37f50d5dd0d951295fe72f427042,CC01000014,家居,第一眼看这间公寓就知道主人是个福尔摩斯迷！精致的英伦格子座椅，搭配沉稳的墨绿色壁纸。色泽选择上十分稳重，但色彩却如此大面积使用，绝对是个深谙颜色游戏的老司机。@图虫创意,['落地灯', '品味', '格子', '小米精选']
I01279532,趣味家居,http://wallpaper.cdn.pandora.xiaomi.com/thumbnail/webp/w1350/MiTv/03435ee0aa45e423791e615276b2c12f20aae442f,CC01000014,家居,相较普通的直角沙发，没有棱角的弧形沙发别有一番韵味，视觉上让人眼前一亮，曲线造型让空间看上去十分灵动。@圈子,['室内', '质感']
I01290143,家居消暑小妙招,http://wallpaper.cdn.pandora.xiaomi.com/thumbnail/webp/w1350/MiTv/072568757980146049f2a0249291e9aea0633b52e,CC01000014,家居,建议大家在炎热的夏天准备一些藤制家具，因为相比沉闷的实木家具，它们简单轻盈，在视觉上能让人感到凉爽。同时，纯天然的藤条和竹片，柔软坚韧，透气性绝佳，还泛着淡淡的草木香。@站酷海洛,['装饰', '装饰品', '光影']
I01190228,卧室颜值不可低,http://wallpaper.cdn.pandora.xiaomi.com/thumbnail/webp/w1080/MiTv/034295d3ce6bc1c05aafd8995acc7eef4e943abc2,CC01000014,家居,在卧室摆放一个小茶几、边几或随意铺放的地毯，不用太过规矩，反而能增加空间感。@视觉中国
,['装饰', '装饰品', '大床', '边几']
I01230687,如何布置使桃花运上升,http://wallpaper.cdn.pandora.xiaomi.com/thumbnail/webp/w1080/MiTv/0f84424c9712847853c92e0d3daee2841751fea5e,CC01000014,家居,卧室不宜太暗，也不可不通风，否则不仅仅会导致人情绪不好影响人的健康。而且还会让人的运势处于低迷的状态，更不宜招桃花，使人的性格产生孤僻，且人际关系变差，也就很难有好的运势进门。所以卧室要有阳气，能藏风纳气。@有料,['家居风格', '大床']
I01190452,客厅地毯 脚下的秘密,http://wallpaper.cdn.pandora.xiaomi.com/thumbnail/webp/w1080/MiTv/0f429253c968c4c0b3afdb995b4c7cec4db59cfa3,CC01000014,家居,越来越多的年轻人都喜欢在家里铺上一两块地毯，客厅的茶几毯是必不可少的“布艺家居”。挑选地毯要根据整体的家居等个来搭配，不仅是颜色图案要搭配和谐，地毯的大小和材质也要与整体家居搭配。搭配一块好地毯，可以让整个空间瞬间有了灵气。@有料,['格调', '布艺']
I01040688,我家有个暖暖的壁炉,http://wallpaper.cdn.pandora.xiaomi.com/thumbnail/webp/w1080/MiTv/08aced413897040270dc21fdacb13387e506acbc6,CC01000014,家居,壁炉空间以山石的原始色彩和质感呈现。温暖柔和化的色调将古典、质朴的氛围体现于现代生活中。@图虫创意,['壁炉']
I01274315,森系风格家居,http://wallpaper.cdn.pandora.xiaomi.com/thumbnail/webp/w1350/MiTv/0f749a90157d0476f80cc6c50867fef23aa211b34,CC01000014,家居,虽然现在有的家庭在装修时，十分想要清新自然的风格，却因为设计或者搭配的失误，效果与预期大相径庭。其实只要选择合适的家居，就能打造森系风格。@圈子
,['清新自然', '爬山虎', '圆桌', '森系']
I01276509,现代简约风的装修,http://wallpaper.cdn.pandora.xiaomi.com/thumbnail/webp/w1350/MiTv/0e03e50db103f47179a98cb583312042437398e45,CC01000014,家居,现代简约风在色彩上多用黑白组合，但是红、橙、黄等热烈的色调与青、蓝、绿等寒冷的色调相结合的大胆色彩搭配，在现代风装修中也常常可见。@圈子,[]
I01042468,腹黑装腔指南,http://wallpaper.cdn.pandora.xiaomi.com/thumbnail/webp/w1080/MiTv/0871052f0cbe0c67701bff3b71d0a4713604253a3,CC01000014,家居,摩擦双手，神灯中就会迸出一个精灵为你施展魔法……这样的装饰不仅充满了浪漫的想象，还丝毫不矫情的展现出黄铜摆件的质感。豪而不土，略现小心机。@视觉中国,['书籍', '书本', '摆件', '黄铜']
I01192847,温馨的家有多重要！,http://wallpaper.cdn.pandora.xiaomi.com/thumbnail/webp/w1080/MiTv/0804144dcc2c715955a4d21b164ae6f353c41147b,CC01000014,家居,拥有一个温馨、舒适、有品位的家，是每个人梦寐以求的，但是，舒适的环境是需要我们自己去创造的，而这些需要我们从一点一滴做起，从每个细节做起。@视觉中国,['家居风格', '茶杯', '装饰', '装饰品', '家庭', '灯具', '墙面装饰']
I01192205,卧室放什么绿植最好,http://wallpaper.cdn.pandora.xiaomi.com/thumbnail/webp/w1080/MiTv/021af4e613a2e61c935ba2bec5e215a2e724093e0,CC01000014,家居,绿萝等一些叶大和喜水植物可使室内空气湿度保持极佳状态，也可以有效吸收空气内的化学物质，化解装修后残留的气味。@有料,['布艺']
I01290114,家居消暑指南：色彩降温法,http://wallpaper.cdn.pandora.xiaomi.com/thumbnail/webp/w1350/MiTv/02f391fde00fd449391e6d1b6e70335dcb7b7fbf5,CC01000014,家居,夏天来了，给家一点颜色瞧瞧。要想让家中显得清凉，冷色的运用必不可少，像白色，绿色，蓝色等，都是常用的降温色。将其运用至家居中，给人一种清新、舒适、平和的视觉感受，轻松抚平夏日的浮躁氛围。@今日必看,['冷色调', '家居风格', '雨伞']
I01279549,大面积黑色如何搭配,http://wallpaper.cdn.pandora.xiaomi.com/thumbnail/webp/w1350/MiTv/04e2132d50e12445fa770f12338e6c9b79e782a6e,CC01000014,家居,黑色的挡板和木色的架子相映，整体透露出一种深沉简朴之感，黑色的沙发旁有白色台灯来进行平衡装饰，毫不突兀。@圈子,['室内', '厚重', '台灯', '质感', '独特']
I01048750,夏日必备家居用品,http://wallpaper.cdn.pandora.xiaomi.com/thumbnail/webp/w1080/MiTv/0815456a78a36fba045b9d1de29d2134def40d4d9,CC01000014,家居,在夏季，要防止室内温度、湿度的过度变化和强烈的光照等。因此，夏季应将家具远离热源或空调风口，以避免巨大的温差使家具损坏或过早老化。同时，可对家具的摆放位置进行调整，避开直射的阳光，必要时用窗帘遮挡。@图虫创意,['清爽', '亚麻色调']
I01136835,最“暖”房间如何打造,http://wallpaper.cdn.pandora.xiaomi.com/thumbnail/webp/w1080/MiTv/094124de4d22a84623aa4e33cfcc6bbae9c43754a,CC01000014,家居,餐厅是家里最温暖的地方，每天晚上一家人团团圆圆，是感情交流的最佳时刻。简约的风格下，餐桌餐椅都非常简单，饱含现代的科技感。@有料,['餐厅', '家居风格', '室内设计']
I01275437,家居装饰如何选择,http://wallpaper.cdn.pandora.xiaomi.com/thumbnail/webp/w1350/MiTv/0fc3100cd94ae4111b936dc4067045f64060c9748,CC01000014,家居,摆放位置的光线是确定饰品明暗度的依据，我们通常在光线好的摆放位置，摆放的饰品色彩可以暗一些，光线暗的地方，放色彩明亮点的饰品。@站酷海洛,['家居风格', '装修', '小米精选']
I01352609,盛开在室内的春日气息,http://wallpaper.cdn.pandora.xiaomi.com/thumbnail/webp/w1350/MiTv/0f28c60d620344e89a5652403ee94b4a2af623f63,CC01000014,家居,暖暖的阳光、萌发的嫩叶，虽然离春暖花开还有一段时间距离，急不可耐的人们，已经开始准备在居室内点亮春天。绿是大自然的馈赠，是生命的颜色。蕴藏在山间密林，海洋深处，代表着和平与希望。家中各个方面都多一点“绿”，能够提升我们的生活品质。@锐景,['清新自然', '春天', '惬意', '设计感', '藤编']
I01187792,合理的空间布局,http://wallpaper.cdn.pandora.xiaomi.com/thumbnail/webp/w1080/MiTv/0c8d6506cd5cce6a5f17cfa8fdabbefb829401bee,CC01000014,家居,两个人生活，可以选择简约时尚的装修风格，或按照两个人的喜好来设计客厅。而三代同堂生活，就要考虑到老人与小孩的安全问题，一切以实用与安全为第一标准。@视觉中国
,['靠枕', '毯子']
I01183852,空间设计美学,http://wallpaper.cdn.pandora.xiaomi.com/thumbnail/webp/w1080/MiTv/060004e084e6535f0846b185145d4a4c53d409b16,CC01000014,家居,很多人都喜欢木质家居，特别是有文艺情节的朋友。第一，木头亲近自然，第二，也确实漂亮，特别是在提倡环保的当下在年轻人中间特别流行。 @米拍/louisshui,['设计感', '设计', '室内设计']
I01136846,令人惊艳的红色沙发,http://wallpaper.cdn.pandora.xiaomi.com/thumbnail/webp/w1080/MiTv/0d412a4e4c2aa446b3aa4533c59c64b0ed228ca79,CC01000014,家居,当家中选择了一款红色沙发，那它势必会成为瞩目焦点，因此配饰要尽量选低调的颜色，有主次区分，视觉才能得到更好的享受。@视觉中国,['毯子']
I01186702,潮流金属元素,http://wallpaper.cdn.pandora.xiaomi.com/thumbnail/webp/w1080/MiTv/080c85a2fb42d5177b121da6ee7e990d7ac4232db,CC01000014,家居,金属元素有着极为强大的包容性，可为空间提升格调，增添时尚。同时它的未来感也很强，适合追求个性与时尚的年轻一代。@视觉中国
,['靠枕']
I01244147,让你家美出新高度,http://wallpaper.cdn.pandora.xiaomi.com/thumbnail/webp/w1350/MiTv/0b6cc75e2118640190936598c46207ce494ec7d51,CC01000014,家居,色彩范围不要太多。对于大部分人而言，对于色彩并没有很清楚明白的意识，这个时候，建议少用几种颜色，以自己喜欢的一种颜色为基调去做搭配，尽量看起来和谐统一。可以用一种颜色贯穿整个搭配，看上去就非常整体和谐。@有料,['壁炉', '沙发椅']
I01283561,地毯是“鸡肋”软装吗,http://wallpaper.cdn.pandora.xiaomi.com/thumbnail/webp/w1350/MiTv/02d023f92db70486c8db9ac3fc207ad77fe084636,CC01000014,家居,很多人在装修的时候，装了浅色的地板，买沙发的时候却选择了深色系，两者搭配到，怎么看怎么不和谐。这时只需要铺上一块衔接色彩或者花纹丰富的地毯就好，温柔的过度可以恰到好处地缓解突兀感。@锐景,['享受生活', '设计感']
I01237770,美好生活没有模板,http://wallpaper.cdn.pandora.xiaomi.com/thumbnail/webp/w1080/MiTv/015e1441ead4745330e46fe4fed7453596dd6f755,CC01000014,家居,对于日常就很热爱家居生活的当代青年来说，宅在家里似乎并不是什么难事。@视觉中国,['享受生活', '家居风格', '品质']
I01192610,值得拥有的家居绿植,http://wallpaper.cdn.pandora.xiaomi.com/thumbnail/webp/w1080/MiTv/0b9fe4e6d24ef9f5bc306f7824dbb502cd842c3bd,CC01000014,家居,在选择绿植尺寸的时候，大小并没有固定的标准。但当你摆放的时候，要留意大株的绿植，是否过于臃肿，挤压空间？绿植和家具之间，是否错落有致，有高低变化？@视觉中国
,['盆栽']
I01225868,轻松把INS风装进家,http://wallpaper.cdn.pandora.xiaomi.com/thumbnail/webp/w1080/MiTv/03708e41d5ddb4d9913cd4955434dc1b31926af06,CC01000014,家居,植物算是INS风家居中最常见的装饰，清爽的绿色可以让整个空间显得清新又自然。家居绿植届，最适合懒人的仙人掌、尤加利、龟背竹算是INS风家居上最常见到的plants indoor。这种植物不仅好看，而且非常好养，只要定时浇水养个一年半载完全没有问题。@有料,['家居风格', '沙发椅', '轻奢']
I01043722,清新小物让家充满年味,http://wallpaper.cdn.pandora.xiaomi.com/thumbnail/webp/w1080/MiTv/07c9e2421f93f47f12d5d30d900294f872a551e78,CC01000014,家居,卧室的休憩性越来越受重视。卧室的布局不仅仅是大床和衣橱两者了，一张能包裹身躯让居住者坐得舒适的单人沙发也同样重要。所以，它也是卧室画龙点睛的一笔哦！@图虫创意,['大床']
I01167708,家具的咖啡味道,http://wallpaper.cdn.pandora.xiaomi.com/thumbnail/webp/w1080/MiTv/08e69475399608bd8a73fb9aeb654b11ed943de7f,CC01000014,家居,中世纪风格的木餐桌，大多是咖啡色，这是一种古堡的常用色系。沉沉的咖啡色并不华丽，却显得格外亲切。@图虫创意,['餐盘', '烛台']
I01187817,极简主义的设计秘密,http://wallpaper.cdn.pandora.xiaomi.com/thumbnail/webp/w1080/MiTv/0c8d6506ca5cc26a5517cca8f2abbffb8c9401bee,CC01000014,家居,原木色+白色最易打造精致的简约风范，木色的温和，犹如春风拂面，自然随意，白色与简约风格相映生辉，简单有品位。家居装修要做到安静舒适，低饱和度的色彩温暖明媚，具有很强的亲和力。@有料,['品味', '仙人掌', '花盆', '大方']
I01357218,当极简遇上色彩,http://wallpaper.cdn.pandora.xiaomi.com/thumbnail/webp/w1350/MiTv/07f7b8683eabe4dadaeedf0594e9d010fa9beb774,CC01000014,家居,绿色的墙面可以给人宁静舒适感，绿色也是接近自然的色彩。自然，就不会喧宾夺主；自然，就会舒心愉悦。绿色作为代表自然界的颜色，可以清新，可以灿烂，可以深远。它纯净到脆弱，又深沉到梦幻。@水象星,['清新自然', '色彩', '极简']
I01348038,卧室设计小心机,http://wallpaper.cdn.pandora.xiaomi.com/thumbnail/webp/w1350/MiTv/0b023beea4a204e1cac3606376b4769a41b9b78be,CC01000014,家居,卧室如果有飘窗的话，建议飘窗向室内延伸一段距离直接设计成书桌。下方做抽屉，还能替代床头柜的收纳功能，心机之处在于转角处，书架+衣柜一体化设计。这样的飘窗同时兼具了书桌+衣柜的功能。@图虫创意,['床铺', '设计', '室内设计']
I01346519,客厅墙面颜色选择技巧,http://wallpaper.cdn.pandora.xiaomi.com/thumbnail/webp/w1350/MiTv/07d14d4ad3f9842ff823550d82951225bdffb95f5,CC01000014,家居,使用淡黄色或者是柠檬黄作为客厅墙面的颜色是比较多的。因为这两种颜色可以为我们的客厅打造一种非常轻松，休闲，温馨的环境。另外还有一点很重要，就是能够增加我们让客厅墙面的亮度，从而提高整体客厅的视觉效果。@站酷海洛,['装饰', '装饰品', '沙发椅']
I01192520,绿植装饰，生机满满,http://wallpaper.cdn.pandora.xiaomi.com/thumbnail/webp/w1080/MiTv/0d844052c79a94c471aafb04ebaacc6dcb3bf3f7b,CC01000014,家居,植物是居家生活中一种很神奇的存在，它不仅能净化空气，还能治愈心灵。通过植物与家居的合理搭配，还能呈现出不同的家居风格。@视觉中国
,['置物架']
I01366686,教你打造夏日清凉感家居,http://wallpaper.cdn.pandora.xiaomi.com/thumbnail/webp/w1350/MiTv/08d2b43c694f44444849f8152bf52f03dce69161b,CC01000014,家居,柔和的灯光能为夏季带来清凉的感觉，室内灯光太亮，或者是使用了较多的暖光灯，产生较多的热量，会使人感觉较热和烦躁。在保证必须的阅读亮度的前提下，用低瓦数的冷光灯替换暖光灯。@锐景,['棕色调', '柜子', '惬意']
I01340627,冬天卧室如何暖乎乎,http://wallpaper.cdn.pandora.xiaomi.com/thumbnail/webp/w1350/MiTv/01d60c17b0a494badb9b3e0ca36db7e8782d05bf7,CC01000014,家居,温度需适宜：在冬季，即使是室内，体感上也会觉得冷，所以想拥有好睡眠，保暖是至关重要的；南方没有暖气的话，可以使用空调来将室内温度调整到适宜的范围，同时可以打开加湿器，保证室内的空气湿度。@品鉴图库,['床头柜', '床单', '大床']
I01259065,怎么彰显房子质感,http://wallpaper.cdn.pandora.xiaomi.com/thumbnail/webp/w1350/MiTv/06ce72f2133f544729908999491026423bd899596,CC01000014,家居,家居空间不需要太多繁琐布置，舒适即可。营造舒适内饰的主要助手是低饱和自然色调的高质感材料，但真正应该放在首位上的应该是安全健康，采用绿色环保的装修材料是装修的重头戏。@有料,['格调', '沙发椅']
I01228252,软装 家居的灵魂所在,http://wallpaper.cdn.pandora.xiaomi.com/thumbnail/webp/w1080/MiTv/082a104b9c0fe4e820f75bfe37d5dd1414c556684,CC01000014,家居,饰品在软装搭配中是不可或缺的重要元素，适当添置的物件不仅能让空间活起来，还能为室内增添些许生活气息。例如在沙发上放置一块温馨的毯子，置物架上摆放一盆绿植。但布置时尽量遵循由高到低的陈列规律，以免出现视觉上的不协调感。@有料
,['家居风格', '布艺']
I01272562,客厅怎么装修最协调,http://wallpaper.cdn.pandora.xiaomi.com/thumbnail/webp/w1350/MiTv/00f11f33edee743e3a6c41b1acdb1e5e0954c1407,CC01000014,家居,客厅与厨房都是开放式空间，隔断也是一个重要的装修部分，常见的客厅隔断有镂空雕花、柜子、吧台等。客厅与餐厅的隔断，可以采用镂空雕花隔断，这种隔断既美观又不影响光线，能让开放的空间分隔明确。@站酷海洛,['家居风格', '装修']
I01275438,家居装饰如何选择,http://wallpaper.cdn.pandora.xiaomi.com/thumbnail/webp/w1350/MiTv/0ca56c9c2657c4c4bbacafe5745dcea11fcd86daa,CC01000014,家居,饰品摆放点周围的色彩是确定饰品色彩的依据，常用的方法有两种，一种配和谐色，另一种配对比色。与摆放点较为接近的颜色为和谐色，与摆放点对比力强烈的颜色为对比色。@站酷海洛,['挂画', '装修', '小米精选']
I01182896,如何提升客厅档次？,http://wallpaper.cdn.pandora.xiaomi.com/thumbnail/webp/w1080/MiTv/070006508de8545f4046be851b5d41455e60c5c96,CC01000014,家居,最常见的装饰条就是石膏线，价格比较低，工艺也简单，装上去之后，能让你的客厅展现出一些美式风，性价比最高。@视觉中国,['家居风格', '装饰', '装饰品', '装修', '科普', '沙发椅', '家装']
I01191441,儿童房的软装技巧,http://wallpaper.cdn.pandora.xiaomi.com/thumbnail/webp/w1080/MiTv/0de8274d7178f413d16b14c2cec50048dd3c3cc0b,CC01000014,家居,儿童房软装里最好的就是针织品，柔软的床铺呀、地毯呀，在孩子摔倒的时候地毯可以减轻身体和地面的碰撞力度。@视觉中国,['儿童', '家居风格', '玩具', '毯子', '孩子', '儿童房']
I01040269,秋冬舒睡主义,http://wallpaper.cdn.pandora.xiaomi.com/thumbnail/webp/w1080/MiTv/09239848fbb7f4d470950a19ccc3946e783535020,CC01000014,家居,晚间休息，谁都不想躺进冰凉的被褥。所以厚实柔软的床褥就成为了秋冬卧室的新宠。市面上的榻榻米式床褥，采用羽绒或者羽丝绒材质充填，比传统棉褥更有蓬松感。@视觉中国,['床单', '收纳盒']
I01276524,现代简约风格理念,http://wallpaper.cdn.pandora.xiaomi.com/thumbnail/webp/w1350/MiTv/065ad1d969958499b95af7dd9bfde35d1f690f368,CC01000014,家居,现代简约风格喜欢用几何线条修饰，外观简洁流畅，立面立体层次感较强。体现了现代生活快节奏、简约和实用，但又富有朝气的生活特征。@圈子,['镜子', '几何图形', '超现代主义', '纯色', '极简主义', '小米精选']
I01230688,如何布置使桃花运上升,http://wallpaper.cdn.pandora.xiaomi.com/thumbnail/webp/w1080/MiTv/077eae4e1602446341b3266ce7aed5935bc1839bf,CC01000014,家居,家里有宽敞的玄关，能够让家庭聚集更多的人气，从而提升家庭的社交运。人缘足了，爱情运势也会自然得到提升。也可以在玄关处摆放水晶来催旺爱情，因为水晶能够聚集和散发梦幻光能的作用，很有灵性，因此能够催旺一个人爱情运势。@有料,['家居风格']
I01192506,恰到好处的金属风,http://wallpaper.cdn.pandora.xiaomi.com/thumbnail/webp/w1080/MiTv/0c844052c79a94c411aaf804eb9acc62cb3b13f7b,CC01000014,家居,黄铜的复古外观和流畅优美的线条感完美融合，让台灯美轮美奂，轻松营造出一种静谧优雅的家居氛围。@视觉中国
,['台灯', '靠枕', '大床', '黄铜', '边几']
I01267685,家居装修怎么控制预算,http://wallpaper.cdn.pandora.xiaomi.com/thumbnail/webp/w1350/MiTv/00f7c0907078b48e7a92d53db36a277e64c9a830c,CC01000014,家居,电器。首先讲厨房电器，一定由家里那个下厨房的来定，用不用的上他（她）来决定，不为高大上却自己不擅长用的东西买单。接下来是空调，决定用中央空调还是分体空调，由家庭人口结构决定，而不简单的是房屋面积。@有料/snap,['餐厅', '家居风格', '《华丽的椅子》', '减压家居']
I01110531,让家摆脱“大众脸”,http://wallpaper.cdn.pandora.xiaomi.com/thumbnail/webp/w1080/MiTv/047d64b40576687fda4998e644713a3e404405731,CC01000014,家居,选定现有空间中的一个色彩作为主打色，围绕它更换周边软装，因为有原始的色彩依据，所以执行起来非常便捷，效果既出彩又保险。@视觉中国,['落地灯', '木地板']
I01346515,禅意家居打造必备指南,http://wallpaper.cdn.pandora.xiaomi.com/thumbnail/webp/w1350/MiTv/08fc020ccfe8f4c09b972f64935cf0b4562496490,CC01000014,家居,在选择家居时，我们可以统一颜色，如米色、灰色等作为视觉基础。同时也要注意在视觉上保持连续性，墙壁、家具和地板之间的色彩不要过大，过渡要自然。只有这样，禅意家居的氛围感才能被巧妙构建。@锐景,['灰色调', '惬意', '地板', '设计感']
I01120244,打造自然清新家居,http://wallpaper.cdn.pandora.xiaomi.com/thumbnail/webp/w1080/MiTv/0f7e64fdd65c64a6767447fc8054792f2b9400a84,CC01000014,家居,绿色源于大自然，树木、花卉、绿叶能给生命注入活力，能为生活增添情趣。绿色象征生机、春天、希望等一切美好的事物。@视觉中国,['树叶']
I01275440,“网红”单人沙发,http://wallpaper.cdn.pandora.xiaomi.com/thumbnail/webp/w1350/MiTv/08ddb927b31544f17b269748384a8233596c6a64d,CC01000014,家居,高颜值的单人沙发荣升为家居界的“新晋网红”，实用度比多人沙发还要优越，不仅能够提供舒适的休息场所，还能起到很好的装饰性作用。只是在选购的时候，要注意座面的高度和靠背的倾斜角度，确保沙发的牢固性和舒适性。@锐景,['浅色背景', '享受生活', '惬意', '设计感', '舒服', '小米精选']
I01290852,夏日“氧气感”家居,http://wallpaper.cdn.pandora.xiaomi.com/thumbnail/webp/w1350/MiTv/041c2409b79284ebfbe5e39b19fff51c53a4f1372,CC01000014,家居,巧妙运用材质也能营造出不同的家居温度，如金属、玻璃、石材等。而且在夏天里，原木家具比起皮质或棉质的家具显得清爽。将木质元素运用到家居上，可以自带一股优雅风。@锐景,['享受生活', '清新自然', '惬意', '设计感']
I01045085,来自养蛙的家居灵感,http://wallpaper.cdn.pandora.xiaomi.com/thumbnail/webp/w1080/MiTv/0ed68c4152ead4c671cfed36721d1d93bc21ea674,CC01000014,家居,作为一只佛系青蛙，它的客厅里选择了自然舒适的原木色家具。如此的佛系家居意在摒弃繁杂，强调让生活回到本质，所以大多使用天然朴素的家居材料，来营造简单舒适，又不乏温情诗意的空间氛围。@视觉中国,['草坪']
I01176023,比加湿器还管用的植卉,http://wallpaper.cdn.pandora.xiaomi.com/thumbnail/webp/w1080/MiTv/0472f54b2769bbc002a07287e0bc19845d8402bfd,CC01000014,家居,有些植物不仅能净化空气，吸收有害物质，改善空气质量，还能增加空气湿度。其中水培植物根部吸收的水分可以通过叶片散发出去，让植物周围的空气湿度变大。@视觉中国,['家居风格']
I01295659,夏季家居降温指南,http://wallpaper.cdn.pandora.xiaomi.com/thumbnail/webp/w1350/MiTv/00f7d2faeec41442c9615da2efba69f847d7102cf,CC01000014,家居,家装也是影响室温的因素之一。夏天不妨为家居换上清凉夏装吧，可以适当增加凉藤、铁艺、竹具等冷色调的家具，在视觉、触觉上都让人感到凉爽，且能吸收家里多余的热量，辅助降温，格调更清新。@有料,['家居风格', '夏天', '减压家居']
I01356310,家居装修需避开的坑,http://wallpaper.cdn.pandora.xiaomi.com/thumbnail/webp/w1350/MiTv/03e8f181ebf1443dbbbac04f117a2830f8aa8a7d7,CC01000014,家居,装修过的人都知道，一般来说开放式厨房更适合勤于清洁、少做饭、高端油烟机的家庭，否则它会让家里处处都是油烟，炒菜做饭也就变成一项家务负担。总之，不论是开放式厨房，抑或是其他装修事项，只有适合自己的才是最好的！@站酷海洛,['挂画', '茶具']
I01194523,装饰画怎么摆才高级？,http://wallpaper.cdn.pandora.xiaomi.com/thumbnail/webp/w1080/MiTv/0a9d5e45a6532424a11a292f6ca3f6eb65e2e83a4,CC01000014,家居,多幅画的挂法往往是让它们的中心点在同一条线上，当然也最好是在视平线上，这样的挂法看起来是比较舒服的。@视觉中国,['家居风格', '装饰', '装饰品', '灯具', '装修', '墙面装饰', '家装']
I01040370,创意家居摆件,http://wallpaper.cdn.pandora.xiaomi.com/thumbnail/webp/w1080/MiTv/00239488f5b3fcd458950f19cd539a6070b402c48,CC01000014,家居,近年，注重生活品质的家庭都会添置扩香瓶。扩香瓶上面的花朵装饰能吸收香薰液，同时还会吸入香薰液里的染色料，因而你能欣赏到花朵从米色渐变为粉色的奇妙过程，既有装饰性也有实用价值，还很有趣。@视觉中国,['陶瓷', '香薰', '挂件', '北欧风']
I01078997,舒适的卧室,http://wallpaper.cdn.pandora.xiaomi.com/thumbnail/webp/w1080/MiTv/038d64566fdca4799239e574db0a6610fbcf7064e,CC01000014,家居,插花艺术与编织篮摆放于卧室，给人温馨的视觉体验。@视觉中国,['家居风格']
I01039280,每个角落都迸发艺术感,http://wallpaper.cdn.pandora.xiaomi.com/thumbnail/webp/w1080/MiTv/0a0c446b68fe4a1eb421c76d5fab0a1fd3d42a8d6,CC01000014,家居,自从有了电灯，人们就似乎忘却了蜡烛那莹莹火光所带来的浪漫。适当的时侯，关掉明媚的灯光，体会在昏暗中的惬意，也是享受生活的一种方式。@图虫创意,['蜡烛', '香薰']
I01056831,关于温馨的想象,http://wallpaper.cdn.pandora.xiaomi.com/thumbnail/webp/w1080/MiTv/0888443a4fd3db454a01c5e0f61937f13c1406521,CC01000014,家居,尽管是残破的铝桶，但插上生机勃勃的鲜花后，瞬间多了点中世纪的诗意。餐桌上的蜡烛、葡萄酒精心装饰，像是要迎来一阙田园的赞歌。@视觉中国,['葡萄酒', '田园风']
I01264342,现代简约主义风格,http://wallpaper.cdn.pandora.xiaomi.com/thumbnail/webp/w1350/MiTv/0a46275c93b1e4b2a9e581a09798f138225612a97,CC01000014,家居,简约是一种生活态度，表达出房屋主人十分喜爱整齐、干 净，无论在工作上或生活上，都力求简约而有质量的态度。@圈子,['家居风格', '整洁', '灯具']
I01082715,绿色植物家装攻略,http://wallpaper.cdn.pandora.xiaomi.com/thumbnail/webp/w1080/MiTv/09b5b5f8c0e59b26fe0acadcb4d15c4ec8d416184,CC01000014,家居,居家生活中，植物摆放要齐整，不能杂乱无章。不宜过多，置于角落或沙发边都可以。@视觉中国,['台灯']
I01225870,轻松把INS风装进家,http://wallpaper.cdn.pandora.xiaomi.com/thumbnail/webp/w1080/MiTv/0c708e41d5ddb4d9a13cd79554d4dc1031920af06,CC01000014,家居,除了一般会用到的吸顶灯之外，为了打造灯光的层次感，也可以添置一些落地灯、壁灯或是INS上网红人手一款的小串灯。像是把整片星空装进梦里的闪烁昏暗灯光，才是卧室最温馨舒适的感觉。@有料,['台灯', '家居风格', '柜子', '钟表', '极简', '极简主义', '小米精选']
I01273518,极简家居 极致享受,http://wallpaper.cdn.pandora.xiaomi.com/thumbnail/webp/w1350/MiTv/0ab7ee49e5ebb4b879287bb0f6c1791cc0b8d8a06,CC01000014,家居,极简风格装修中，配色一般没有艳丽的颜色，主要以黑白灰及原木做为主色调，配色简单清爽且统一，给人舒服无压力的空间感受。@站酷海洛,['挂画', '家居风格', '装修']
I01024038,复古墨绿,http://wallpaper.cdn.pandora.xiaomi.com/thumbnail/webp/w1080/MiTv/077b75ac6357eb42c1934ae85234480e96d423ce1,CC01000014,家居,所有颜色中绿色是最难搭配的颜色之一。然而乘着复古风潮，巧妙地使用墨绿色主调可以让空间抹上一笔复古的韵味。如果想缓解空间的年代感，不妨添置北欧或工业风的茶几平衡一下。@图虫创意,[]
I01189291,家居流行趋势,http://wallpaper.cdn.pandora.xiaomi.com/thumbnail/webp/w1080/MiTv/01469c53eade2497820688389a54d5b373331002e,CC01000014,家居,现代客厅的最佳搭配方式就是与现代抽象艺术的联盟。充满艺术气息的装饰能丰富家居空间，给你一个简约而舒适的家。@视觉中国,['家居风格', '清新自然', '摆件']
I01087765,“网红”粉灰家居,http://wallpaper.cdn.pandora.xiaomi.com/thumbnail/webp/w1080/MiTv/0c883c5a8d79c46bc358a6d6b0b3fe508a82f48ce,CC01000014,家居,高级灰并没有要隐藏粉色的优雅。高级灰只是默默地为粉红色，打造一片浪漫的基调。@视觉中国,['家居风格', '大床']
I01191360,客厅也要断舍离,http://wallpaper.cdn.pandora.xiaomi.com/thumbnail/webp/w1080/MiTv/0be824dd7d73f413cc6b15c2c4c5004cd61410e07,CC01000014,家居,可以用书架代替电视墙，使书籍变得随手可得，回到家可以顺手拿起来一本看看，提升我们的知识储备，将客厅的一面墙摆放大书架，是非常带感的一件事。@视觉中国,['书架', '家居风格', '毯子', '装修', '家装']
I01240633,墙色选对，格调翻倍,http://wallpaper.cdn.pandora.xiaomi.com/thumbnail/webp/w1080/MiTv/008d0598e36dbc50eec84efb7bb3779e8a2434c98,CC01000014,家居,如果家中成员意见不一，最好就选择中性色，这样一来布局和搭配比较容易，也可以布置出沉稳优雅的客厅，能够满足不同年龄层人群的需求。@视觉中国,['家居风格', '沙发椅']
I01234695,让小户型更开阔,http://wallpaper.cdn.pandora.xiaomi.com/thumbnail/webp/w1080/MiTv/0735f4fd0d6c4c34655489214a5be71972e42f3c6,CC01000014,家居,在装修时选择一些规格比较小，比较精致的装饰品还有瓷砖，可以让整个空间看起来更加的精细，更加的宽敞。@视觉中国,['家居风格', '镜子', '书桌', '装修', '家装']
I01078543,卧室灯光暖,http://wallpaper.cdn.pandora.xiaomi.com/thumbnail/webp/w1080/MiTv/0fee45d18a5f4fe76b054b1d10345d96bac42ea2d,CC01000014,家居,卧室的灯在设计时要注意光线不要过强或发白，因为这种光线容易使房间显得呆板而没有生气，最好选用暖色光的灯具，这样会使卧室感觉较为温馨。@视觉中国,['装饰', '灯饰', '装饰品', '居家']
I01079000,简洁的书房,http://wallpaper.cdn.pandora.xiaomi.com/thumbnail/webp/w1080/MiTv/03f08c4c6b9a24f8a0400a8d3ac29c813894ddba1,CC01000014,家居,在书房墙面挂上几幅简约的素描画，会带来严肃宁静的气氛。@视觉中国,['家居风格', '书房']
I01253052,茶几布置指南,http://wallpaper.cdn.pandora.xiaomi.com/thumbnail/webp/w1350/MiTv/04ce1260061244a4083fbd12672d47adf94132263,CC01000014,家居,作为客厅的中心区域，茶几设计得好，能给客厅增添一抹亮色。如果客厅空间比较小，可以选择椭圆形小茶几，造型柔和，可以放置一些小物件，占地面积小，空间显得轻松没有局促感。@品鉴阅读,['清新自然']
I01193295,搭配窗帘很简单,http://wallpaper.cdn.pandora.xiaomi.com/thumbnail/webp/w1080/MiTv/0804154dc02c7d595da4df1b184ae2f357c41147b,CC01000014,家居,喜欢简约风格的可以选择浅灰色的纯色窗帘，浅色系的墙面搭配灰色系的窗帘，显得格外的有格调。@视觉中国,['家居风格', '窗帘', '床铺', '装修', '知识', '科普', '家装']
I01191439,儿童房的软装技巧,http://wallpaper.cdn.pandora.xiaomi.com/thumbnail/webp/w1080/MiTv/0be824dd7873fd13c16b1fc2ccc50e4cd91410e07,CC01000014,家居,单一的颜色可能会比较单调，所以儿童房还可以加入几何元素，不同的色块进行碰撞摩擦，形成鲜明的对比，让空间变得更丰富多彩。@视觉中国,['家居风格', '玩具', '装修', '家装']
I01228262,客厅昏暗怎么办？,http://wallpaper.cdn.pandora.xiaomi.com/thumbnail/webp/w1080/MiTv/01b7445b6973941c31cc0890609293d52eec432c6,CC01000014,家居,利用镜子反光增加亮度，墙面等处安装镜子不但可以起到反光作用，也能在视觉上让空间变大，更加有延伸感，对于小户型家庭非常实用。@站酷海洛,['家居风格', '装修']
I01192579,装饰画提高家居格调,http://wallpaper.cdn.pandora.xiaomi.com/thumbnail/webp/w1080/MiTv/0b8445b2cf939ac4beaaf704e23ac26fce7417bc0,CC01000014,家居,装饰画简单的靠立在沙发靠背上，能增添自由随性的味道。高度要有所差异，这样能透出浓浓的艺术休闲风。@视觉中国,['边几']
I01421037,手把手教你搭配莫兰迪家居,http://wallpaper.cdn.pandora.xiaomi.com/thumbnail/webp/w1350/MiTv/044fc74b964aa49ceb1b11c4767c792e8cbd524e0,CC01000014,家居,最简单的莫兰迪风格，可以以灰色或白色作为大面积的墙⾊，烟粉⾊、灰蓝色和莫兰迪绿色系的墙色会使室内氛围会更加柔和，但相对也更难做家具的色彩搭配。家具的颜色不宜太多，否则会失去莫兰迪色系应有的安宁舒适的氛围感。@站酷海洛,['柜子', '书本', '花枝']
I01304023,装修避雷干货,http://wallpaper.cdn.pandora.xiaomi.com/thumbnail/webp/w1350/MiTv/0f9ea281eaf6d49d581de0fd5d0ff0bd656c110d6,CC01000014,家居,设计规划很重要，那些没有经过专业设计师规划还能装修出符合自己心意的装修案例是少数，不要太相信自己的设计能力，专业的事情还是留给专业的人来做。@视觉中国,['家居风格', '装修']
I01192268,客厅无茶几最时尚,http://wallpaper.cdn.pandora.xiaomi.com/thumbnail/webp/w1080/MiTv/0b8445b2c49394c4b8aafe04ee3aca6fc67417bc0,CC01000014,家居,相比茶几，边柜的置物功能更强，但又比茶几轻巧精致，小小一个，但也可以放不少东西，台灯，书本，盆栽都可以随手放置在边柜上。@视觉中国,['家居风格', '装饰', '柜子', '装饰品', '装修', '家装', '小米精选']
I01078535,蓝色家居,http://wallpaper.cdn.pandora.xiaomi.com/thumbnail/webp/w1080/MiTv/06cd6421ffadd130aa8d9ada261e8c1f19b41fda8,CC01000014,家居,宝蓝色、孔雀蓝都属于饱和度高的蓝色，是皇家专属色。很多欧洲国家的皇室成员出席重要场合的时候，都会毫不犹豫地选择宝蓝色的华服。用宝蓝色装点家居，居室瞬间尊贵了许多。@图虫创意,['家居风格', '宝蓝色', '大床', '壁纸']
I01233364,如何让“家”倍增暖意,http://wallpaper.cdn.pandora.xiaomi.com/thumbnail/webp/w1080/MiTv/09107e541d50243e507c974cfd421fd8e2de5faf6,CC01000014,家居,布艺是很好的居家装饰品，布艺窗帘、靠垫、布灯罩等等，都能很好的点缀空间。布艺沙发、窗帘的柔软质感能够给空间带来层次感，使视觉变得更加丰富、暖和。布艺装饰上的精美图案，也能驱走冬日的阴沉，塑造一种亲近自然的舒适与温馨。@有料,['落地灯', '家居风格', '镜子', '冬天']
I01416625,氛围感家居 让生活更简约,http://wallpaper.cdn.pandora.xiaomi.com/thumbnail/webp/w1350/MiTv/011c975fd102e4edc9b98b3e038571e03a8b2f9e7,CC01000014,家居,氛围感，是指画面中的元素、环境给人一种身临其境的感受，或是画面能够传递一种情绪，给人想象的感觉。那么氛围感家居呢？——一进入就能感受到整个空间所带来的舒适感、人文趣味和格调。@站酷海洛,['室内', '窗台', '影子']
I01304018,门外是世界 门里是生活,http://wallpaper.cdn.pandora.xiaomi.com/thumbnail/webp/w1350/MiTv/05f860351925c498e8684e8a6eecbaaa32c98fa97,CC01000014,家居,装修并不是将冰冷的建筑重新套上“新衣”的过程，而是在这个过程中，完成你的梦想。不同的风格会给人不同的感官体验，同时也会让你在装修中感受到自我重新被塑造。@锐景,['大气', '床垫', '小米精选']
I01192269,客厅无茶几最时尚,http://wallpaper.cdn.pandora.xiaomi.com/thumbnail/webp/w1080/MiTv/0b8445b2c49394c4b1aafe04e93ac26fca7417bc0,CC01000014,家居,若客厅狭长，可以考虑在沙发一侧摆放一个小吧台，在起到隔断作用的同时，又增强了客厅的储物功能，很好地代替了茶几的定位，而原本应该放茶几的空间就省出来了。@视觉中国,['家居风格', '装饰', '装饰品', '装修', '家装']
I01193503,家居的时髦元素,http://wallpaper.cdn.pandora.xiaomi.com/thumbnail/webp/w1080/MiTv/0f041b4dcc2a745951a4dc1b14aae7ff54c574318,CC01000014,家居,暖色复古的黄铜，不张扬却存在感十足。它可以和任何一种家居风格融合，适用于各种风格的空间中。@视觉中国
,['镜子', '黄铜']
I01226879,采光细节知多少,http://wallpaper.cdn.pandora.xiaomi.com/thumbnail/webp/w1080/MiTv/06b744eb617e941cc7cc0a906f3292d222941c034,CC01000014,家居,一般而言，阳光都会洒在地板上，所以想要提高采光的朋友们可以考虑选择亮面的地板。如果家里有铺毛毯之类的装饰，可以小面积使用，或者使用浅色的毛毯。@视觉中国,['家居风格', '装饰', '柜子', '装饰品', '装修', '家装']
I01226870,软装设计也有风格,http://wallpaper.cdn.pandora.xiaomi.com/thumbnail/webp/w1080/MiTv/049525d7a780b5fd9f60c28d2fc63b3f9e6425fc3,CC01000014,家居,复古风格也就是古典风格，多选用深重的棕色以及可从大理石上看到的云斑色等，中老年人以及越来越多的年轻人偏爱它。@视觉中国,['家居风格', '装饰', '毯子', '装饰品', '灯具', '装修', '家装']
I01192856,客厅的最佳装修方案,http://wallpaper.cdn.pandora.xiaomi.com/thumbnail/webp/w1080/MiTv/0b041b4dcc2c745931a4da1b14eae7fd54c534318,CC01000014,家居,摒弃背景墙是不现实的，如果觉得不想太复杂，试一下来个素色墙设计，弱化电视的存在，丢掉繁琐的背景墙装饰，简单拥有一个简洁素色墙，稍加装饰就很美。@视觉中国,['家居风格', '装饰', '装饰品', '装修', '知识', '科普', '家装']
I01082736,床头柜的选购小技巧,http://wallpaper.cdn.pandora.xiaomi.com/thumbnail/webp/w1080/MiTv/06b5b458cdec9426010ac8dcb1a15840cf5f2de69,CC01000014,家居,看整套床头柜的组装效果，生产工序的任何尺寸误差都会表现在门板上，专业化企业生产的门板横平竖直，且门板间间隙均匀，而不规范厂家生产床头柜门板会出现门缝间隙不均匀，有大有小。@视觉中国,['家居风格', '床头柜']
I01235592,冬季室内通风误区,http://wallpaper.cdn.pandora.xiaomi.com/thumbnail/webp/w1080/MiTv/0584b57d9649678a759d5f64afe0ee7dcba420cbd,CC01000014,家居,一早一晚开窗。很多人习惯早晨上班前开窗和晚上回来开窗，据研究测试，城市里两个空气污染高峰一般在日出前后和傍晚，此时是最不宜开窗的时间。而两个相对的空气清洁时段是上午10时和下午3时前后，建议大家在此时间段多开窗。@有料,['落地灯', '家居风格', '冬天', '书籍', '书本', '极简', '小米精选']
I01420737,成年人的独处疗愈室,http://wallpaper.cdn.pandora.xiaomi.com/thumbnail/webp/w1350/MiTv/07d6e9c9af9b04284a11b15d832e925af50fd40be,CC01000014,家居,半开放式的木色空间营造出舒适的环境和融治的氛围，在这里可冥想、打坐、看书、品茶、瑜伽。阳光是充盈的，铺在每一张书页上，隐约的咖啡香气浮动着，明明灭灭，是海面上的粼粼波光。@锐景,['享受生活', '惬意', '藤编']
I01046043,住进梦幻庄园,http://wallpaper.cdn.pandora.xiaomi.com/thumbnail/webp/w1080/MiTv/0cd68c5152eed4c6d1cfed36723d1d98bc218a674,CC01000014,家居,在古典设计语言中，圆顶意味着至高无上的苍穹，它是象征着帮助教徒接近上帝的阶梯。所以许多奢华的餐厅会设计出圆顶的天花，让消费者在此体验圣洁的烛光晚餐。@视觉中国,['餐厅', '圆顶', '走廊']
I01196192,卧室如何才能更舒适？,http://wallpaper.cdn.pandora.xiaomi.com/thumbnail/webp/w1080/MiTv/08782745260764a5432f3c8b23927315bbfdb01a8,CC01000014,家居,如果卧室空间足够，可以考虑在床尾摆放床尾凳或小沙发，用来放睡前临时换下来的衣服。也可以选择有收纳空间的那种，上面可以放衣服，下面可以做收纳。@视觉中国,['枕头', '家居风格', '装饰', '床铺', '装饰品', '灯具', '装修', '床头灯', '墙面装饰', '家装']
I01274316,森系风格家居,http://wallpaper.cdn.pandora.xiaomi.com/thumbnail/webp/w1350/MiTv/0077a73c27f944155b906f4d06c0ffc7d32bd989c,CC01000014,家居,既然是森系风格，那么自然离不开木材的装饰，实木家具、木质护墙板，原木色装饰等等，这些自然的装饰总是能在无意间就透露出随性原始的气息。@圈子,['清新自然', '木椅', '百叶窗']
I01083025,工业风家居,http://wallpaper.cdn.pandora.xiaomi.com/thumbnail/webp/w1080/MiTv/067fc34e39b66486908172a1dd7b66c4b892cc832,CC01000014,家居,没有什麽比砖墙更能代表工业风格公寓了!砖块与砖块中的缝隙可以呈现有别于一般墙面的光影层次。@图虫创意,['家居风格', '工业风']
I01415152,如何打造极简小众家居,http://wallpaper.cdn.pandora.xiaomi.com/thumbnail/webp/w1350/MiTv/045779781463c465682fcad7ae1efef6b719fc1aa,CC01000014,家居,极简主义样式的家居空间，不需要繁杂造型的家具，色彩浓重的布艺品；家里面的挂画、灯饰、工艺品等，以简洁造型，精美工艺为特征，打造高级优雅的格调；在柜体类的柜子和画框等方面，选择流畅的线条感。@站酷海洛,['挂画', '花盆']
I01235593,冬季室内通风误区,http://wallpaper.cdn.pandora.xiaomi.com/thumbnail/webp/w1080/MiTv/0e916756f6d2e4ea3186d125de75da90bf8bb1659,CC01000014,家居,冬季睡觉时不能开窗。冬天睡觉时，很多人总喜欢关门闭窗，以免受寒着凉。实际上，冬季睡觉时窗户尽量开条缝，但要避免对流风，不要让风直接吹到身上。生病或遇到大风、大雨时不宜开窗。@有料,['家居风格', '书房', '冬天', '书桌', '桌椅', '小米精选']
I01219937,软萌少女的公主房,http://wallpaper.cdn.pandora.xiaomi.com/thumbnail/webp/w1080/MiTv/0b422645e0814449d0cf0bd4488a1c1c3fecd15c4,CC01000014,家居, 很多人喜欢大片暖色系的点缀，单其实浅色的冷色系一样为家添亮点，高级的灰调、明度偏高的蓝、洋溢着少女般清新而浪漫的情怀，甜美依旧，岁月不老。卡通可爱的小椅子，小巧精致的小玩具，让整个空间充满了童真和乐趣。@有料,['挂画', '家居风格', '清新自然', '玩偶', '小熊', '公主房']
I01356309,家居装修需避开的坑,http://wallpaper.cdn.pandora.xiaomi.com/thumbnail/webp/w1350/MiTv/0076227b60e304af790cdeb326b650807ba0879ac,CC01000014,家居,新房装修时，不要选大茶几，大茶几过于笨重，不便于来回搬动，还占用太多空间，使客厅变得拥挤，不适合当下主流的户型，建议选择精致小巧者为宜，又或者可选小圆桌代替它，这样可随时搬走放阳台。@站酷海洛,['书籍', '凳子', '书本']
I01413975,家居装修中沙发的选择,http://wallpaper.cdn.pandora.xiaomi.com/thumbnail/webp/w1350/MiTv/0b116b26be4c5462abde9fb000a3cf1661a3f0a14,CC01000014,家居,沙发不仅仅是坐的地方，它更是家中的焦点。当客人进入房间，他们的目光往往会首先被沙发吸引。选择一款与家居风格相匹配的沙发至关重要。从古典欧式的华丽到现代简约的清新，沙发的风格决定了整个空间的基调。@圈子,['暗色调', '落地灯', '光影', '影子']
